t,agent_id,digit,x,y,z,brightness,role,model
0.0,1,2,0.0813,0.9187,120.0,0.0,leader,RL-PPO
0.0,2,2,0.2315,0.9204,120.0,0.0,follower,DL-CNN (vision)
0.0,3,2,0.3866,0.921,120.0,0.0,follower,Classical-MPC
0.0,4,2,0.5369,0.92,120.0,0.0,follower,DL-CNN (vision)
0.0,5,2,0.6921,0.9208,120.0,0.0,safety-sentry,DL-Transformer (coord)
0.0,6,2,0.8447,0.9201,120.0,0.0,follower,IL-BC (behavior cloning)
0.0,7,2,0.9213,0.5266,120.0,0.0,follower,Classical-MPC
0.0,8,2,0.92,0.6404,120.0,0.0,leader,IL-BC (behavior cloning)
0.0,9,2,0.9208,0.7786,120.0,0.0,follower,RL-PPO
0.0,10,2,0.9189,0.8922,120.0,0.0,follower,DL-CNN (vision)
0.0,11,2,0.1551,0.4989,120.0,0.0,follower,DL-CNN (vision)
0.0,12,2,0.3079,0.4986,120.0,0.0,edge-relay,RL-PPO
0.0,13,2,0.4626,0.4986,120.0,0.0,follower,DL-Transformer (coord)
0.0,14,2,0.6135,0.5002,120.0,0.0,leader,DL-Transformer (coord)
0.0,15,2,0.7664,0.5005,120.0,0.0,follower,Classical-MPC
0.0,16,2,0.9187,0.4996,120.0,0.0,safety-sentry,Classical-MPC
0.0,17,2,0.0788,0.2004,120.0,0.0,follower,RL-PPO
0.0,18,2,0.0811,0.321,120.0,0.0,follower,RL-SAC
0.0,19,2,0.0787,0.44,120.0,0.0,safety-sentry,DL-Transformer (coord)
0.0,20,2,0.1195,0.0786,120.0,0.0,leader,RL-PPO
0.0,21,2,0.2709,0.0804,120.0,0.0,follower,RL-SAC
0.0,22,2,0.423,0.0813,120.0,0.0,safety-sentry,DL-Transformer (coord)
0.0,23,2,0.5778,0.0807,120.0,0.0,follower,RL-PPO
0.0,24,2,0.7304,0.0802,120.0,0.0,follower,IL-BC (behavior cloning)
0.0,25,2,0.9187,0.0796,120.0,0.0,safety-sentry,Classical-MPC
0.0,26,0,1.3309,0.9202,120.0,0.0,follower,RL-PPO
0.0,27,0,1.4976,0.9209,120.0,0.0,follower,DL-Transformer (coord)
0.0,28,0,1.6666,0.919,120.0,0.0,follower,IL-BC (behavior cloning)
0.0,29,0,1.8331,0.9208,120.0,0.0,follower,Classical-MPC
0.0,30,0,2.0029,0.9191,120.0,0.0,follower,RL-SAC
0.0,31,0,2.1691000000000003,0.9204,120.0,0.0,follower,RL-PPO
0.0,32,0,2.1709,0.5888,120.0,0.0,follower,Classical-MPC
0.0,33,0,2.1711,0.7114,120.0,0.0,follower,Classical-MPC
0.0,34,0,2.1691000000000003,0.8608,120.0,0.0,follower,RL-SAC
0.0,35,0,2.1692,0.1118,120.0,0.0,follower,DL-CNN (vision)
0.0,36,0,2.1708,0.2419,120.0,0.0,edge-relay,IL-BC (behavior cloning)
0.0,37,0,2.1711,0.3698,120.0,0.0,follower,Classical-MPC
0.0,38,0,2.1687,0.4997,120.0,0.0,follower,RL-PPO
0.0,39,0,1.4569,0.0788,120.0,0.0,follower,DL-Transformer (coord)
0.0,40,0,1.6251,0.0814,120.0,0.0,follower,Classical-MPC
0.0,41,0,1.7917,0.0788,120.0,0.0,follower,DL-Transformer (coord)
0.0,42,0,2.0029,0.0791,120.0,0.0,follower,RL-PPO
0.0,43,0,2.1691000000000003,0.0804,120.0,0.0,follower,RL-PPO
0.0,44,0,1.3309,0.1757,120.0,0.0,follower,RL-SAC
0.0,45,0,1.3311,0.3076,120.0,0.0,follower,Classical-MPC
0.0,46,0,1.3296999999999999,0.4342,120.0,0.0,follower,RL-PPO
0.0,47,0,1.3292,0.5295,120.0,0.0,follower,RL-PPO
0.0,48,0,1.3308,0.6503,120.0,0.0,safety-sentry,DL-CNN (vision)
0.0,49,0,1.3311,0.769,120.0,0.0,follower,RL-PPO
0.0,50,0,1.3285,0.9199,120.0,0.0,follower,RL-PPO
0.0,51,2,2.5813,0.9187,120.0,0.0,follower,RL-PPO
0.0,52,2,2.7315,0.9204,120.0,0.0,follower,DL-Transformer (coord)
0.0,53,2,2.8866,0.921,120.0,0.0,follower,IL-BC (behavior cloning)
0.0,54,2,3.0369,0.92,120.0,0.0,follower,DL-CNN (vision)
0.0,55,2,3.1921,0.9208,120.0,0.0,follower,RL-PPO
0.0,56,2,3.3447,0.9201,120.0,0.0,leader,DL-CNN (vision)
0.0,57,2,3.4213,0.5266,120.0,0.0,follower,DL-Transformer (coord)
0.0,58,2,3.42,0.6404,120.0,0.0,follower,Classical-MPC
0.0,59,2,3.4208,0.7786,120.0,0.0,follower,Classical-MPC
0.0,60,2,3.4189,0.8922,120.0,0.0,follower,RL-SAC
0.0,61,2,2.6551,0.4989,120.0,0.0,safety-sentry,RL-PPO
0.0,62,2,2.8079,0.4986,120.0,0.0,follower,Classical-MPC
0.0,63,2,2.9626,0.4986,120.0,0.0,leader,Classical-MPC
0.0,64,2,3.1135,0.5002,120.0,0.0,follower,DL-CNN (vision)
0.0,65,2,3.2664,0.5005,120.0,0.0,follower,IL-BC (behavior cloning)
0.0,66,2,3.4187,0.4996,120.0,0.0,follower,Classical-MPC
0.0,67,2,2.5788,0.2004,120.0,0.0,safety-sentry,DL-Transformer (coord)
0.0,68,2,2.5811,0.321,120.0,0.0,safety-sentry,Classical-MPC
0.0,69,2,2.5787,0.44,120.0,0.0,edge-relay,RL-PPO
0.0,70,2,2.6195,0.0786,120.0,0.0,follower,RL-SAC
0.0,71,2,2.7709,0.0804,120.0,0.0,edge-relay,RL-SAC
0.0,72,2,2.923,0.0813,120.0,0.0,follower,RL-PPO
0.0,73,2,3.0778,0.0807,120.0,0.0,follower,Classical-MPC
0.0,74,2,3.2304,0.0802,120.0,0.0,follower,RL-PPO
0.0,75,2,3.4187,0.0796,120.0,0.0,follower,DL-Transformer (coord)
0.0,76,5,3.8315,0.9211,120.0,0.0,follower,RL-PPO
0.0,77,5,3.9841,0.9189,120.0,0.0,follower,DL-CNN (vision)
0.0,78,5,4.1362,0.9189,120.0,0.0,follower,DL-CNN (vision)
0.0,79,5,4.2891,0.9195,120.0,0.0,follower,RL-SAC
0.0,80,5,4.4395,0.9193,120.0,0.0,follower,DL-Transformer (coord)
0.0,81,5,4.5938,0.9207,120.0,0.0,follower,DL-Transformer (coord)
0.0,82,5,3.8292,0.5294,120.0,0.0,follower,DL-CNN (vision)
0.0,83,5,3.8301,0.6396,120.0,0.0,follower,IL-BC (behavior cloning)
0.0,84,5,3.8307,0.7799,120.0,0.0,follower,RL-PPO
0.0,85,5,3.8297,0.8923,120.0,0.0,edge-relay,RL-SAC
0.0,86,5,3.9061,0.5013,120.0,0.0,follower,DL-CNN (vision)
0.0,87,5,4.0602,0.4987,120.0,0.0,follower,DL-CNN (vision)
0.0,88,5,4.2125,0.4999,120.0,0.0,follower,RL-SAC
0.0,89,5,4.3643,0.5003,120.0,0.0,edge-relay,Classical-MPC
0.0,90,5,4.5163,0.5008,120.0,0.0,follower,Classical-MPC
0.0,91,5,4.6686,0.4999,120.0,0.0,edge-relay,RL-PPO
0.0,92,5,4.6714,0.1989,120.0,0.0,safety-sentry,DL-CNN (vision)
0.0,93,5,4.6708,0.3189,120.0,0.0,leader,RL-SAC
0.0,94,5,4.6709,0.4395,120.0,0.0,edge-relay,DL-CNN (vision)
0.0,95,5,3.8673,0.0814,120.0,0.0,follower,RL-SAC
0.0,96,5,4.021,0.0796,120.0,0.0,follower,DL-Transformer (coord)
0.0,97,5,4.1739,0.0797,120.0,0.0,edge-relay,Classical-MPC
0.0,98,5,4.327,0.0805,120.0,0.0,follower,DL-CNN (vision)
0.0,99,5,4.4793,0.079,120.0,0.0,follower,DL-Transformer (coord)
0.0,100,5,4.6686,0.0799,120.0,0.0,follower,DL-Transformer (coord)
0.04,1,2,0.0813,0.9187,120.0,0.06666666666666667,leader,RL-PPO
0.04,2,2,0.2315,0.9204,120.0,0.06666666666666667,follower,DL-CNN (vision)
0.04,3,2,0.3866,0.921,120.0,0.06666666666666667,follower,Classical-MPC
0.04,4,2,0.5369,0.92,120.0,0.06666666666666667,follower,DL-CNN (vision)
0.04,5,2,0.6921,0.9208,120.0,0.06666666666666667,safety-sentry,DL-Transformer (coord)
0.04,6,2,0.8447,0.9201,120.0,0.06666666666666667,follower,IL-BC (behavior cloning)
0.04,7,2,0.9213,0.5266,120.0,0.06666666666666667,follower,Classical-MPC
0.04,8,2,0.92,0.6404,120.0,0.06666666666666667,leader,IL-BC (behavior cloning)
0.04,9,2,0.9208,0.7786,120.0,0.06666666666666667,follower,RL-PPO
0.04,10,2,0.9189,0.8922,120.0,0.06666666666666667,follower,DL-CNN (vision)
0.04,11,2,0.1551,0.4989,120.0,0.06666666666666667,follower,DL-CNN (vision)
0.04,12,2,0.3079,0.4986,120.0,0.06666666666666667,edge-relay,RL-PPO
0.04,13,2,0.4626,0.4986,120.0,0.06666666666666667,follower,DL-Transformer (coord)
0.04,14,2,0.6135,0.5002,120.0,0.06666666666666667,leader,DL-Transformer (coord)
0.04,15,2,0.7664,0.5005,120.0,0.06666666666666667,follower,Classical-MPC
0.04,16,2,0.9187,0.4996,120.0,0.06666666666666667,safety-sentry,Classical-MPC
0.04,17,2,0.0788,0.2004,120.0,0.06666666666666667,follower,RL-PPO
0.04,18,2,0.0811,0.321,120.0,0.06666666666666667,follower,RL-SAC
0.04,19,2,0.0787,0.44,120.0,0.06666666666666667,safety-sentry,DL-Transformer (coord)
0.04,20,2,0.1195,0.0786,120.0,0.06666666666666667,leader,RL-PPO
0.04,21,2,0.2709,0.0804,120.0,0.06666666666666667,follower,RL-SAC
0.04,22,2,0.423,0.0813,120.0,0.06666666666666667,safety-sentry,DL-Transformer (coord)
0.04,23,2,0.5778,0.0807,120.0,0.06666666666666667,follower,RL-PPO
0.04,24,2,0.7304,0.0802,120.0,0.06666666666666667,follower,IL-BC (behavior cloning)
0.04,25,2,0.9187,0.0796,120.0,0.06666666666666667,safety-sentry,Classical-MPC
0.04,26,0,1.3309,0.9202,120.0,0.06666666666666667,follower,RL-PPO
0.04,27,0,1.4976,0.9209,120.0,0.06666666666666667,follower,DL-Transformer (coord)
0.04,28,0,1.6666,0.919,120.0,0.06666666666666667,follower,IL-BC (behavior cloning)
0.04,29,0,1.8331,0.9208,120.0,0.06666666666666667,follower,Classical-MPC
0.04,30,0,2.0029,0.9191,120.0,0.06666666666666667,follower,RL-SAC
0.04,31,0,2.1691000000000003,0.9204,120.0,0.06666666666666667,follower,RL-PPO
0.04,32,0,2.1709,0.5888,120.0,0.06666666666666667,follower,Classical-MPC
0.04,33,0,2.1711,0.7114,120.0,0.06666666666666667,follower,Classical-MPC
0.04,34,0,2.1691000000000003,0.8608,120.0,0.06666666666666667,follower,RL-SAC
0.04,35,0,2.1692,0.1118,120.0,0.06666666666666667,follower,DL-CNN (vision)
0.04,36,0,2.1708,0.2419,120.0,0.06666666666666667,edge-relay,IL-BC (behavior cloning)
0.04,37,0,2.1711,0.3698,120.0,0.06666666666666667,follower,Classical-MPC
0.04,38,0,2.1687,0.4997,120.0,0.06666666666666667,follower,RL-PPO
0.04,39,0,1.4569,0.0788,120.0,0.06666666666666667,follower,DL-Transformer (coord)
0.04,40,0,1.6251,0.0814,120.0,0.06666666666666667,follower,Classical-MPC
0.04,41,0,1.7917,0.0788,120.0,0.06666666666666667,follower,DL-Transformer (coord)
0.04,42,0,2.0029,0.0791,120.0,0.06666666666666667,follower,RL-PPO
0.04,43,0,2.1691000000000003,0.0804,120.0,0.06666666666666667,follower,RL-PPO
0.04,44,0,1.3309,0.1757,120.0,0.06666666666666667,follower,RL-SAC
0.04,45,0,1.3311,0.3076,120.0,0.06666666666666667,follower,Classical-MPC
0.04,46,0,1.3296999999999999,0.4342,120.0,0.06666666666666667,follower,RL-PPO
0.04,47,0,1.3292,0.5295,120.0,0.06666666666666667,follower,RL-PPO
0.04,48,0,1.3308,0.6503,120.0,0.06666666666666667,safety-sentry,DL-CNN (vision)
0.04,49,0,1.3311,0.769,120.0,0.06666666666666667,follower,RL-PPO
0.04,50,0,1.3285,0.9199,120.0,0.06666666666666667,follower,RL-PPO
0.04,51,2,2.5813,0.9187,120.0,0.06666666666666667,follower,RL-PPO
0.04,52,2,2.7315,0.9204,120.0,0.06666666666666667,follower,DL-Transformer (coord)
0.04,53,2,2.8866,0.921,120.0,0.06666666666666667,follower,IL-BC (behavior cloning)
0.04,54,2,3.0369,0.92,120.0,0.06666666666666667,follower,DL-CNN (vision)
0.04,55,2,3.1921,0.9208,120.0,0.06666666666666667,follower,RL-PPO
0.04,56,2,3.3447,0.9201,120.0,0.06666666666666667,leader,DL-CNN (vision)
0.04,57,2,3.4213,0.5266,120.0,0.06666666666666667,follower,DL-Transformer (coord)
0.04,58,2,3.42,0.6404,120.0,0.06666666666666667,follower,Classical-MPC
0.04,59,2,3.4208,0.7786,120.0,0.06666666666666667,follower,Classical-MPC
0.04,60,2,3.4189,0.8922,120.0,0.06666666666666667,follower,RL-SAC
0.04,61,2,2.6551,0.4989,120.0,0.06666666666666667,safety-sentry,RL-PPO
0.04,62,2,2.8079,0.4986,120.0,0.06666666666666667,follower,Classical-MPC
0.04,63,2,2.9626,0.4986,120.0,0.06666666666666667,leader,Classical-MPC
0.04,64,2,3.1135,0.5002,120.0,0.06666666666666667,follower,DL-CNN (vision)
0.04,65,2,3.2664,0.5005,120.0,0.06666666666666667,follower,IL-BC (behavior cloning)
0.04,66,2,3.4187,0.4996,120.0,0.06666666666666667,follower,Classical-MPC
0.04,67,2,2.5788,0.2004,120.0,0.06666666666666667,safety-sentry,DL-Transformer (coord)
0.04,68,2,2.5811,0.321,120.0,0.06666666666666667,safety-sentry,Classical-MPC
0.04,69,2,2.5787,0.44,120.0,0.06666666666666667,edge-relay,RL-PPO
0.04,70,2,2.6195,0.0786,120.0,0.06666666666666667,follower,RL-SAC
0.04,71,2,2.7709,0.0804,120.0,0.06666666666666667,edge-relay,RL-SAC
0.04,72,2,2.923,0.0813,120.0,0.06666666666666667,follower,RL-PPO
0.04,73,2,3.0778,0.0807,120.0,0.06666666666666667,follower,Classical-MPC
0.04,74,2,3.2304,0.0802,120.0,0.06666666666666667,follower,RL-PPO
0.04,75,2,3.4187,0.0796,120.0,0.06666666666666667,follower,DL-Transformer (coord)
0.04,76,5,3.8315,0.9211,120.0,0.06666666666666667,follower,RL-PPO
0.04,77,5,3.9841,0.9189,120.0,0.06666666666666667,follower,DL-CNN (vision)
0.04,78,5,4.1362,0.9189,120.0,0.06666666666666667,follower,DL-CNN (vision)
0.04,79,5,4.2891,0.9195,120.0,0.06666666666666667,follower,RL-SAC
0.04,80,5,4.4395,0.9193,120.0,0.06666666666666667,follower,DL-Transformer (coord)
0.04,81,5,4.5938,0.9207,120.0,0.06666666666666667,follower,DL-Transformer (coord)
0.04,82,5,3.8292,0.5294,120.0,0.06666666666666667,follower,DL-CNN (vision)
0.04,83,5,3.8301,0.6396,120.0,0.06666666666666667,follower,IL-BC (behavior cloning)
0.04,84,5,3.8307,0.7799,120.0,0.06666666666666667,follower,RL-PPO
0.04,85,5,3.8297,0.8923,120.0,0.06666666666666667,edge-relay,RL-SAC
0.04,86,5,3.9061,0.5013,120.0,0.06666666666666667,follower,DL-CNN (vision)
0.04,87,5,4.0602,0.4987,120.0,0.06666666666666667,follower,DL-CNN (vision)
0.04,88,5,4.2125,0.4999,120.0,0.06666666666666667,follower,RL-SAC
0.04,89,5,4.3643,0.5003,120.0,0.06666666666666667,edge-relay,Classical-MPC
0.04,90,5,4.5163,0.5008,120.0,0.06666666666666667,follower,Classical-MPC
0.04,91,5,4.6686,0.4999,120.0,0.06666666666666667,edge-relay,RL-PPO
0.04,92,5,4.6714,0.1989,120.0,0.06666666666666667,safety-sentry,DL-CNN (vision)
0.04,93,5,4.6708,0.3189,120.0,0.06666666666666667,leader,RL-SAC
0.04,94,5,4.6709,0.4395,120.0,0.06666666666666667,edge-relay,DL-CNN (vision)
0.04,95,5,3.8673,0.0814,120.0,0.06666666666666667,follower,RL-SAC
0.04,96,5,4.021,0.0796,120.0,0.06666666666666667,follower,DL-Transformer (coord)
0.04,97,5,4.1739,0.0797,120.0,0.06666666666666667,edge-relay,Classical-MPC
0.04,98,5,4.327,0.0805,120.0,0.06666666666666667,follower,DL-CNN (vision)
0.04,99,5,4.4793,0.079,120.0,0.06666666666666667,follower,DL-Transformer (coord)
0.04,100,5,4.6686,0.0799,120.0,0.06666666666666667,follower,DL-Transformer (coord)
0.08,1,2,0.0813,0.9187,120.0,0.13333333333333333,leader,RL-PPO
0.08,2,2,0.2315,0.9204,120.0,0.13333333333333333,follower,DL-CNN (vision)
0.08,3,2,0.3866,0.921,120.0,0.13333333333333333,follower,Classical-MPC
0.08,4,2,0.5369,0.92,120.0,0.13333333333333333,follower,DL-CNN (vision)
0.08,5,2,0.6921,0.9208,120.0,0.13333333333333333,safety-sentry,DL-Transformer (coord)
0.08,6,2,0.8447,0.9201,120.0,0.13333333333333333,follower,IL-BC (behavior cloning)
0.08,7,2,0.9213,0.5266,120.0,0.13333333333333333,follower,Classical-MPC
0.08,8,2,0.92,0.6404,120.0,0.13333333333333333,leader,IL-BC (behavior cloning)
0.08,9,2,0.9208,0.7786,120.0,0.13333333333333333,follower,RL-PPO
0.08,10,2,0.9189,0.8922,120.0,0.13333333333333333,follower,DL-CNN (vision)
0.08,11,2,0.1551,0.4989,120.0,0.13333333333333333,follower,DL-CNN (vision)
0.08,12,2,0.3079,0.4986,120.0,0.13333333333333333,edge-relay,RL-PPO
0.08,13,2,0.4626,0.4986,120.0,0.13333333333333333,follower,DL-Transformer (coord)
0.08,14,2,0.6135,0.5002,120.0,0.13333333333333333,leader,DL-Transformer (coord)
0.08,15,2,0.7664,0.5005,120.0,0.13333333333333333,follower,Classical-MPC
0.08,16,2,0.9187,0.4996,120.0,0.13333333333333333,safety-sentry,Classical-MPC
0.08,17,2,0.0788,0.2004,120.0,0.13333333333333333,follower,RL-PPO
0.08,18,2,0.0811,0.321,120.0,0.13333333333333333,follower,RL-SAC
0.08,19,2,0.0787,0.44,120.0,0.13333333333333333,safety-sentry,DL-Transformer (coord)
0.08,20,2,0.1195,0.0786,120.0,0.13333333333333333,leader,RL-PPO
0.08,21,2,0.2709,0.0804,120.0,0.13333333333333333,follower,RL-SAC
0.08,22,2,0.423,0.0813,120.0,0.13333333333333333,safety-sentry,DL-Transformer (coord)
0.08,23,2,0.5778,0.0807,120.0,0.13333333333333333,follower,RL-PPO
0.08,24,2,0.7304,0.0802,120.0,0.13333333333333333,follower,IL-BC (behavior cloning)
0.08,25,2,0.9187,0.0796,120.0,0.13333333333333333,safety-sentry,Classical-MPC
0.08,26,0,1.3309,0.9202,120.0,0.13333333333333333,follower,RL-PPO
0.08,27,0,1.4976,0.9209,120.0,0.13333333333333333,follower,DL-Transformer (coord)
0.08,28,0,1.6666,0.919,120.0,0.13333333333333333,follower,IL-BC (behavior cloning)
0.08,29,0,1.8331,0.9208,120.0,0.13333333333333333,follower,Classical-MPC
0.08,30,0,2.0029,0.9191,120.0,0.13333333333333333,follower,RL-SAC
0.08,31,0,2.1691000000000003,0.9204,120.0,0.13333333333333333,follower,RL-PPO
0.08,32,0,2.1709,0.5888,120.0,0.13333333333333333,follower,Classical-MPC
0.08,33,0,2.1711,0.7114,120.0,0.13333333333333333,follower,Classical-MPC
0.08,34,0,2.1691000000000003,0.8608,120.0,0.13333333333333333,follower,RL-SAC
0.08,35,0,2.1692,0.1118,120.0,0.13333333333333333,follower,DL-CNN (vision)
0.08,36,0,2.1708,0.2419,120.0,0.13333333333333333,edge-relay,IL-BC (behavior cloning)
0.08,37,0,2.1711,0.3698,120.0,0.13333333333333333,follower,Classical-MPC
0.08,38,0,2.1687,0.4997,120.0,0.13333333333333333,follower,RL-PPO
0.08,39,0,1.4569,0.0788,120.0,0.13333333333333333,follower,DL-Transformer (coord)
0.08,40,0,1.6251,0.0814,120.0,0.13333333333333333,follower,Classical-MPC
0.08,41,0,1.7917,0.0788,120.0,0.13333333333333333,follower,DL-Transformer (coord)
0.08,42,0,2.0029,0.0791,120.0,0.13333333333333333,follower,RL-PPO
0.08,43,0,2.1691000000000003,0.0804,120.0,0.13333333333333333,follower,RL-PPO
0.08,44,0,1.3309,0.1757,120.0,0.13333333333333333,follower,RL-SAC
0.08,45,0,1.3311,0.3076,120.0,0.13333333333333333,follower,Classical-MPC
0.08,46,0,1.3296999999999999,0.4342,120.0,0.13333333333333333,follower,RL-PPO
0.08,47,0,1.3292,0.5295,120.0,0.13333333333333333,follower,RL-PPO
0.08,48,0,1.3308,0.6503,120.0,0.13333333333333333,safety-sentry,DL-CNN (vision)
0.08,49,0,1.3311,0.769,120.0,0.13333333333333333,follower,RL-PPO
0.08,50,0,1.3285,0.9199,120.0,0.13333333333333333,follower,RL-PPO
0.08,51,2,2.5813,0.9187,120.0,0.13333333333333333,follower,RL-PPO
0.08,52,2,2.7315,0.9204,120.0,0.13333333333333333,follower,DL-Transformer (coord)
0.08,53,2,2.8866,0.921,120.0,0.13333333333333333,follower,IL-BC (behavior cloning)
0.08,54,2,3.0369,0.92,120.0,0.13333333333333333,follower,DL-CNN (vision)
0.08,55,2,3.1921,0.9208,120.0,0.13333333333333333,follower,RL-PPO
0.08,56,2,3.3447,0.9201,120.0,0.13333333333333333,leader,DL-CNN (vision)
0.08,57,2,3.4213,0.5266,120.0,0.13333333333333333,follower,DL-Transformer (coord)
0.08,58,2,3.42,0.6404,120.0,0.13333333333333333,follower,Classical-MPC
0.08,59,2,3.4208,0.7786,120.0,0.13333333333333333,follower,Classical-MPC
0.08,60,2,3.4189,0.8922,120.0,0.13333333333333333,follower,RL-SAC
0.08,61,2,2.6551,0.4989,120.0,0.13333333333333333,safety-sentry,RL-PPO
0.08,62,2,2.8079,0.4986,120.0,0.13333333333333333,follower,Classical-MPC
0.08,63,2,2.9626,0.4986,120.0,0.13333333333333333,leader,Classical-MPC
0.08,64,2,3.1135,0.5002,120.0,0.13333333333333333,follower,DL-CNN (vision)
0.08,65,2,3.2664,0.5005,120.0,0.13333333333333333,follower,IL-BC (behavior cloning)
0.08,66,2,3.4187,0.4996,120.0,0.13333333333333333,follower,Classical-MPC
0.08,67,2,2.5788,0.2004,120.0,0.13333333333333333,safety-sentry,DL-Transformer (coord)
0.08,68,2,2.5811,0.321,120.0,0.13333333333333333,safety-sentry,Classical-MPC
0.08,69,2,2.5787,0.44,120.0,0.13333333333333333,edge-relay,RL-PPO
0.08,70,2,2.6195,0.0786,120.0,0.13333333333333333,follower,RL-SAC
0.08,71,2,2.7709,0.0804,120.0,0.13333333333333333,edge-relay,RL-SAC
0.08,72,2,2.923,0.0813,120.0,0.13333333333333333,follower,RL-PPO
0.08,73,2,3.0778,0.0807,120.0,0.13333333333333333,follower,Classical-MPC
0.08,74,2,3.2304,0.0802,120.0,0.13333333333333333,follower,RL-PPO
0.08,75,2,3.4187,0.0796,120.0,0.13333333333333333,follower,DL-Transformer (coord)
0.08,76,5,3.8315,0.9211,120.0,0.13333333333333333,follower,RL-PPO
0.08,77,5,3.9841,0.9189,120.0,0.13333333333333333,follower,DL-CNN (vision)
0.08,78,5,4.1362,0.9189,120.0,0.13333333333333333,follower,DL-CNN (vision)
0.08,79,5,4.2891,0.9195,120.0,0.13333333333333333,follower,RL-SAC
0.08,80,5,4.4395,0.9193,120.0,0.13333333333333333,follower,DL-Transformer (coord)
0.08,81,5,4.5938,0.9207,120.0,0.13333333333333333,follower,DL-Transformer (coord)
0.08,82,5,3.8292,0.5294,120.0,0.13333333333333333,follower,DL-CNN (vision)
0.08,83,5,3.8301,0.6396,120.0,0.13333333333333333,follower,IL-BC (behavior cloning)
0.08,84,5,3.8307,0.7799,120.0,0.13333333333333333,follower,RL-PPO
0.08,85,5,3.8297,0.8923,120.0,0.13333333333333333,edge-relay,RL-SAC
0.08,86,5,3.9061,0.5013,120.0,0.13333333333333333,follower,DL-CNN (vision)
0.08,87,5,4.0602,0.4987,120.0,0.13333333333333333,follower,DL-CNN (vision)
0.08,88,5,4.2125,0.4999,120.0,0.13333333333333333,follower,RL-SAC
0.08,89,5,4.3643,0.5003,120.0,0.13333333333333333,edge-relay,Classical-MPC
0.08,90,5,4.5163,0.5008,120.0,0.13333333333333333,follower,Classical-MPC
0.08,91,5,4.6686,0.4999,120.0,0.13333333333333333,edge-relay,RL-PPO
0.08,92,5,4.6714,0.1989,120.0,0.13333333333333333,safety-sentry,DL-CNN (vision)
0.08,93,5,4.6708,0.3189,120.0,0.13333333333333333,leader,RL-SAC
0.08,94,5,4.6709,0.4395,120.0,0.13333333333333333,edge-relay,DL-CNN (vision)
0.08,95,5,3.8673,0.0814,120.0,0.13333333333333333,follower,RL-SAC
0.08,96,5,4.021,0.0796,120.0,0.13333333333333333,follower,DL-Transformer (coord)
0.08,97,5,4.1739,0.0797,120.0,0.13333333333333333,edge-relay,Classical-MPC
0.08,98,5,4.327,0.0805,120.0,0.13333333333333333,follower,DL-CNN (vision)
0.08,99,5,4.4793,0.079,120.0,0.13333333333333333,follower,DL-Transformer (coord)
0.08,100,5,4.6686,0.0799,120.0,0.13333333333333333,follower,DL-Transformer (coord)
0.12,1,2,0.0813,0.9187,120.0,0.19999999999999998,leader,RL-PPO
0.12,2,2,0.2315,0.9204,120.0,0.19999999999999998,follower,DL-CNN (vision)
0.12,3,2,0.3866,0.921,120.0,0.19999999999999998,follower,Classical-MPC
0.12,4,2,0.5369,0.92,120.0,0.19999999999999998,follower,DL-CNN (vision)
0.12,5,2,0.6921,0.9208,120.0,0.19999999999999998,safety-sentry,DL-Transformer (coord)
0.12,6,2,0.8447,0.9201,120.0,0.19999999999999998,follower,IL-BC (behavior cloning)
0.12,7,2,0.9213,0.5266,120.0,0.19999999999999998,follower,Classical-MPC
0.12,8,2,0.92,0.6404,120.0,0.19999999999999998,leader,IL-BC (behavior cloning)
0.12,9,2,0.9208,0.7786,120.0,0.19999999999999998,follower,RL-PPO
0.12,10,2,0.9189,0.8922,120.0,0.19999999999999998,follower,DL-CNN (vision)
0.12,11,2,0.1551,0.4989,120.0,0.19999999999999998,follower,DL-CNN (vision)
0.12,12,2,0.3079,0.4986,120.0,0.19999999999999998,edge-relay,RL-PPO
0.12,13,2,0.4626,0.4986,120.0,0.19999999999999998,follower,DL-Transformer (coord)
0.12,14,2,0.6135,0.5002,120.0,0.19999999999999998,leader,DL-Transformer (coord)
0.12,15,2,0.7664,0.5005,120.0,0.19999999999999998,follower,Classical-MPC
0.12,16,2,0.9187,0.4996,120.0,0.19999999999999998,safety-sentry,Classical-MPC
0.12,17,2,0.0788,0.2004,120.0,0.19999999999999998,follower,RL-PPO
0.12,18,2,0.0811,0.321,120.0,0.19999999999999998,follower,RL-SAC
0.12,19,2,0.0787,0.44,120.0,0.19999999999999998,safety-sentry,DL-Transformer (coord)
0.12,20,2,0.1195,0.0786,120.0,0.19999999999999998,leader,RL-PPO
0.12,21,2,0.2709,0.0804,120.0,0.19999999999999998,follower,RL-SAC
0.12,22,2,0.423,0.0813,120.0,0.19999999999999998,safety-sentry,DL-Transformer (coord)
0.12,23,2,0.5778,0.0807,120.0,0.19999999999999998,follower,RL-PPO
0.12,24,2,0.7304,0.0802,120.0,0.19999999999999998,follower,IL-BC (behavior cloning)
0.12,25,2,0.9187,0.0796,120.0,0.19999999999999998,safety-sentry,Classical-MPC
0.12,26,0,1.3309,0.9202,120.0,0.19999999999999998,follower,RL-PPO
0.12,27,0,1.4976,0.9209,120.0,0.19999999999999998,follower,DL-Transformer (coord)
0.12,28,0,1.6666,0.919,120.0,0.19999999999999998,follower,IL-BC (behavior cloning)
0.12,29,0,1.8331,0.9208,120.0,0.19999999999999998,follower,Classical-MPC
0.12,30,0,2.0029,0.9191,120.0,0.19999999999999998,follower,RL-SAC
0.12,31,0,2.1691000000000003,0.9204,120.0,0.19999999999999998,follower,RL-PPO
0.12,32,0,2.1709,0.5888,120.0,0.19999999999999998,follower,Classical-MPC
0.12,33,0,2.1711,0.7114,120.0,0.19999999999999998,follower,Classical-MPC
0.12,34,0,2.1691000000000003,0.8608,120.0,0.19999999999999998,follower,RL-SAC
0.12,35,0,2.1692,0.1118,120.0,0.19999999999999998,follower,DL-CNN (vision)
0.12,36,0,2.1708,0.2419,120.0,0.19999999999999998,edge-relay,IL-BC (behavior cloning)
0.12,37,0,2.1711,0.3698,120.0,0.19999999999999998,follower,Classical-MPC
0.12,38,0,2.1687,0.4997,120.0,0.19999999999999998,follower,RL-PPO
0.12,39,0,1.4569,0.0788,120.0,0.19999999999999998,follower,DL-Transformer (coord)
0.12,40,0,1.6251,0.0814,120.0,0.19999999999999998,follower,Classical-MPC
0.12,41,0,1.7917,0.0788,120.0,0.19999999999999998,follower,DL-Transformer (coord)
0.12,42,0,2.0029,0.0791,120.0,0.19999999999999998,follower,RL-PPO
0.12,43,0,2.1691000000000003,0.0804,120.0,0.19999999999999998,follower,RL-PPO
0.12,44,0,1.3309,0.1757,120.0,0.19999999999999998,follower,RL-SAC
0.12,45,0,1.3311,0.3076,120.0,0.19999999999999998,follower,Classical-MPC
0.12,46,0,1.3296999999999999,0.4342,120.0,0.19999999999999998,follower,RL-PPO
0.12,47,0,1.3292,0.5295,120.0,0.19999999999999998,follower,RL-PPO
0.12,48,0,1.3308,0.6503,120.0,0.19999999999999998,safety-sentry,DL-CNN (vision)
0.12,49,0,1.3311,0.769,120.0,0.19999999999999998,follower,RL-PPO
0.12,50,0,1.3285,0.9199,120.0,0.19999999999999998,follower,RL-PPO
0.12,51,2,2.5813,0.9187,120.0,0.19999999999999998,follower,RL-PPO
0.12,52,2,2.7315,0.9204,120.0,0.19999999999999998,follower,DL-Transformer (coord)
0.12,53,2,2.8866,0.921,120.0,0.19999999999999998,follower,IL-BC (behavior cloning)
0.12,54,2,3.0369,0.92,120.0,0.19999999999999998,follower,DL-CNN (vision)
0.12,55,2,3.1921,0.9208,120.0,0.19999999999999998,follower,RL-PPO
0.12,56,2,3.3447,0.9201,120.0,0.19999999999999998,leader,DL-CNN (vision)
0.12,57,2,3.4213,0.5266,120.0,0.19999999999999998,follower,DL-Transformer (coord)
0.12,58,2,3.42,0.6404,120.0,0.19999999999999998,follower,Classical-MPC
0.12,59,2,3.4208,0.7786,120.0,0.19999999999999998,follower,Classical-MPC
0.12,60,2,3.4189,0.8922,120.0,0.19999999999999998,follower,RL-SAC
0.12,61,2,2.6551,0.4989,120.0,0.19999999999999998,safety-sentry,RL-PPO
0.12,62,2,2.8079,0.4986,120.0,0.19999999999999998,follower,Classical-MPC
0.12,63,2,2.9626,0.4986,120.0,0.19999999999999998,leader,Classical-MPC
0.12,64,2,3.1135,0.5002,120.0,0.19999999999999998,follower,DL-CNN (vision)
0.12,65,2,3.2664,0.5005,120.0,0.19999999999999998,follower,IL-BC (behavior cloning)
0.12,66,2,3.4187,0.4996,120.0,0.19999999999999998,follower,Classical-MPC
0.12,67,2,2.5788,0.2004,120.0,0.19999999999999998,safety-sentry,DL-Transformer (coord)
0.12,68,2,2.5811,0.321,120.0,0.19999999999999998,safety-sentry,Classical-MPC
0.12,69,2,2.5787,0.44,120.0,0.19999999999999998,edge-relay,RL-PPO
0.12,70,2,2.6195,0.0786,120.0,0.19999999999999998,follower,RL-SAC
0.12,71,2,2.7709,0.0804,120.0,0.19999999999999998,edge-relay,RL-SAC
0.12,72,2,2.923,0.0813,120.0,0.19999999999999998,follower,RL-PPO
0.12,73,2,3.0778,0.0807,120.0,0.19999999999999998,follower,Classical-MPC
0.12,74,2,3.2304,0.0802,120.0,0.19999999999999998,follower,RL-PPO
0.12,75,2,3.4187,0.0796,120.0,0.19999999999999998,follower,DL-Transformer (coord)
0.12,76,5,3.8315,0.9211,120.0,0.19999999999999998,follower,RL-PPO
0.12,77,5,3.9841,0.9189,120.0,0.19999999999999998,follower,DL-CNN (vision)
0.12,78,5,4.1362,0.9189,120.0,0.19999999999999998,follower,DL-CNN (vision)
0.12,79,5,4.2891,0.9195,120.0,0.19999999999999998,follower,RL-SAC
0.12,80,5,4.4395,0.9193,120.0,0.19999999999999998,follower,DL-Transformer (coord)
0.12,81,5,4.5938,0.9207,120.0,0.19999999999999998,follower,DL-Transformer (coord)
0.12,82,5,3.8292,0.5294,120.0,0.19999999999999998,follower,DL-CNN (vision)
0.12,83,5,3.8301,0.6396,120.0,0.19999999999999998,follower,IL-BC (behavior cloning)
0.12,84,5,3.8307,0.7799,120.0,0.19999999999999998,follower,RL-PPO
0.12,85,5,3.8297,0.8923,120.0,0.19999999999999998,edge-relay,RL-SAC
0.12,86,5,3.9061,0.5013,120.0,0.19999999999999998,follower,DL-CNN (vision)
0.12,87,5,4.0602,0.4987,120.0,0.19999999999999998,follower,DL-CNN (vision)
0.12,88,5,4.2125,0.4999,120.0,0.19999999999999998,follower,RL-SAC
0.12,89,5,4.3643,0.5003,120.0,0.19999999999999998,edge-relay,Classical-MPC
0.12,90,5,4.5163,0.5008,120.0,0.19999999999999998,follower,Classical-MPC
0.12,91,5,4.6686,0.4999,120.0,0.19999999999999998,edge-relay,RL-PPO
0.12,92,5,4.6714,0.1989,120.0,0.19999999999999998,safety-sentry,DL-CNN (vision)
0.12,93,5,4.6708,0.3189,120.0,0.19999999999999998,leader,RL-SAC
0.12,94,5,4.6709,0.4395,120.0,0.19999999999999998,edge-relay,DL-CNN (vision)
0.12,95,5,3.8673,0.0814,120.0,0.19999999999999998,follower,RL-SAC
0.12,96,5,4.021,0.0796,120.0,0.19999999999999998,follower,DL-Transformer (coord)
0.12,97,5,4.1739,0.0797,120.0,0.19999999999999998,edge-relay,Classical-MPC
0.12,98,5,4.327,0.0805,120.0,0.19999999999999998,follower,DL-CNN (vision)
0.12,99,5,4.4793,0.079,120.0,0.19999999999999998,follower,DL-Transformer (coord)
0.12,100,5,4.6686,0.0799,120.0,0.19999999999999998,follower,DL-Transformer (coord)
0.16,1,2,0.0813,0.9187,120.0,0.26666666666666666,leader,RL-PPO
0.16,2,2,0.2315,0.9204,120.0,0.26666666666666666,follower,DL-CNN (vision)
0.16,3,2,0.3866,0.921,120.0,0.26666666666666666,follower,Classical-MPC
0.16,4,2,0.5369,0.92,120.0,0.26666666666666666,follower,DL-CNN (vision)
0.16,5,2,0.6921,0.9208,120.0,0.26666666666666666,safety-sentry,DL-Transformer (coord)
0.16,6,2,0.8447,0.9201,120.0,0.26666666666666666,follower,IL-BC (behavior cloning)
0.16,7,2,0.9213,0.5266,120.0,0.26666666666666666,follower,Classical-MPC
0.16,8,2,0.92,0.6404,120.0,0.26666666666666666,leader,IL-BC (behavior cloning)
0.16,9,2,0.9208,0.7786,120.0,0.26666666666666666,follower,RL-PPO
0.16,10,2,0.9189,0.8922,120.0,0.26666666666666666,follower,DL-CNN (vision)
0.16,11,2,0.1551,0.4989,120.0,0.26666666666666666,follower,DL-CNN (vision)
0.16,12,2,0.3079,0.4986,120.0,0.26666666666666666,edge-relay,RL-PPO
0.16,13,2,0.4626,0.4986,120.0,0.26666666666666666,follower,DL-Transformer (coord)
0.16,14,2,0.6135,0.5002,120.0,0.26666666666666666,leader,DL-Transformer (coord)
0.16,15,2,0.7664,0.5005,120.0,0.26666666666666666,follower,Classical-MPC
0.16,16,2,0.9187,0.4996,120.0,0.26666666666666666,safety-sentry,Classical-MPC
0.16,17,2,0.0788,0.2004,120.0,0.26666666666666666,follower,RL-PPO
0.16,18,2,0.0811,0.321,120.0,0.26666666666666666,follower,RL-SAC
0.16,19,2,0.0787,0.44,120.0,0.26666666666666666,safety-sentry,DL-Transformer (coord)
0.16,20,2,0.1195,0.0786,120.0,0.26666666666666666,leader,RL-PPO
0.16,21,2,0.2709,0.0804,120.0,0.26666666666666666,follower,RL-SAC
0.16,22,2,0.423,0.0813,120.0,0.26666666666666666,safety-sentry,DL-Transformer (coord)
0.16,23,2,0.5778,0.0807,120.0,0.26666666666666666,follower,RL-PPO
0.16,24,2,0.7304,0.0802,120.0,0.26666666666666666,follower,IL-BC (behavior cloning)
0.16,25,2,0.9187,0.0796,120.0,0.26666666666666666,safety-sentry,Classical-MPC
0.16,26,0,1.3309,0.9202,120.0,0.26666666666666666,follower,RL-PPO
0.16,27,0,1.4976,0.9209,120.0,0.26666666666666666,follower,DL-Transformer (coord)
0.16,28,0,1.6666,0.919,120.0,0.26666666666666666,follower,IL-BC (behavior cloning)
0.16,29,0,1.8331,0.9208,120.0,0.26666666666666666,follower,Classical-MPC
0.16,30,0,2.0029,0.9191,120.0,0.26666666666666666,follower,RL-SAC
0.16,31,0,2.1691000000000003,0.9204,120.0,0.26666666666666666,follower,RL-PPO
0.16,32,0,2.1709,0.5888,120.0,0.26666666666666666,follower,Classical-MPC
0.16,33,0,2.1711,0.7114,120.0,0.26666666666666666,follower,Classical-MPC
0.16,34,0,2.1691000000000003,0.8608,120.0,0.26666666666666666,follower,RL-SAC
0.16,35,0,2.1692,0.1118,120.0,0.26666666666666666,follower,DL-CNN (vision)
0.16,36,0,2.1708,0.2419,120.0,0.26666666666666666,edge-relay,IL-BC (behavior cloning)
0.16,37,0,2.1711,0.3698,120.0,0.26666666666666666,follower,Classical-MPC
0.16,38,0,2.1687,0.4997,120.0,0.26666666666666666,follower,RL-PPO
0.16,39,0,1.4569,0.0788,120.0,0.26666666666666666,follower,DL-Transformer (coord)
0.16,40,0,1.6251,0.0814,120.0,0.26666666666666666,follower,Classical-MPC
0.16,41,0,1.7917,0.0788,120.0,0.26666666666666666,follower,DL-Transformer (coord)
0.16,42,0,2.0029,0.0791,120.0,0.26666666666666666,follower,RL-PPO
0.16,43,0,2.1691000000000003,0.0804,120.0,0.26666666666666666,follower,RL-PPO
0.16,44,0,1.3309,0.1757,120.0,0.26666666666666666,follower,RL-SAC
0.16,45,0,1.3311,0.3076,120.0,0.26666666666666666,follower,Classical-MPC
0.16,46,0,1.3296999999999999,0.4342,120.0,0.26666666666666666,follower,RL-PPO
0.16,47,0,1.3292,0.5295,120.0,0.26666666666666666,follower,RL-PPO
0.16,48,0,1.3308,0.6503,120.0,0.26666666666666666,safety-sentry,DL-CNN (vision)
0.16,49,0,1.3311,0.769,120.0,0.26666666666666666,follower,RL-PPO
0.16,50,0,1.3285,0.9199,120.0,0.26666666666666666,follower,RL-PPO
0.16,51,2,2.5813,0.9187,120.0,0.26666666666666666,follower,RL-PPO
0.16,52,2,2.7315,0.9204,120.0,0.26666666666666666,follower,DL-Transformer (coord)
0.16,53,2,2.8866,0.921,120.0,0.26666666666666666,follower,IL-BC (behavior cloning)
0.16,54,2,3.0369,0.92,120.0,0.26666666666666666,follower,DL-CNN (vision)
0.16,55,2,3.1921,0.9208,120.0,0.26666666666666666,follower,RL-PPO
0.16,56,2,3.3447,0.9201,120.0,0.26666666666666666,leader,DL-CNN (vision)
0.16,57,2,3.4213,0.5266,120.0,0.26666666666666666,follower,DL-Transformer (coord)
0.16,58,2,3.42,0.6404,120.0,0.26666666666666666,follower,Classical-MPC
0.16,59,2,3.4208,0.7786,120.0,0.26666666666666666,follower,Classical-MPC
0.16,60,2,3.4189,0.8922,120.0,0.26666666666666666,follower,RL-SAC
0.16,61,2,2.6551,0.4989,120.0,0.26666666666666666,safety-sentry,RL-PPO
0.16,62,2,2.8079,0.4986,120.0,0.26666666666666666,follower,Classical-MPC
0.16,63,2,2.9626,0.4986,120.0,0.26666666666666666,leader,Classical-MPC
0.16,64,2,3.1135,0.5002,120.0,0.26666666666666666,follower,DL-CNN (vision)
0.16,65,2,3.2664,0.5005,120.0,0.26666666666666666,follower,IL-BC (behavior cloning)
0.16,66,2,3.4187,0.4996,120.0,0.26666666666666666,follower,Classical-MPC
0.16,67,2,2.5788,0.2004,120.0,0.26666666666666666,safety-sentry,DL-Transformer (coord)
0.16,68,2,2.5811,0.321,120.0,0.26666666666666666,safety-sentry,Classical-MPC
0.16,69,2,2.5787,0.44,120.0,0.26666666666666666,edge-relay,RL-PPO
0.16,70,2,2.6195,0.0786,120.0,0.26666666666666666,follower,RL-SAC
0.16,71,2,2.7709,0.0804,120.0,0.26666666666666666,edge-relay,RL-SAC
0.16,72,2,2.923,0.0813,120.0,0.26666666666666666,follower,RL-PPO
0.16,73,2,3.0778,0.0807,120.0,0.26666666666666666,follower,Classical-MPC
0.16,74,2,3.2304,0.0802,120.0,0.26666666666666666,follower,RL-PPO
0.16,75,2,3.4187,0.0796,120.0,0.26666666666666666,follower,DL-Transformer (coord)
0.16,76,5,3.8315,0.9211,120.0,0.26666666666666666,follower,RL-PPO
0.16,77,5,3.9841,0.9189,120.0,0.26666666666666666,follower,DL-CNN (vision)
0.16,78,5,4.1362,0.9189,120.0,0.26666666666666666,follower,DL-CNN (vision)
0.16,79,5,4.2891,0.9195,120.0,0.26666666666666666,follower,RL-SAC
0.16,80,5,4.4395,0.9193,120.0,0.26666666666666666,follower,DL-Transformer (coord)
0.16,81,5,4.5938,0.9207,120.0,0.26666666666666666,follower,DL-Transformer (coord)
0.16,82,5,3.8292,0.5294,120.0,0.26666666666666666,follower,DL-CNN (vision)
0.16,83,5,3.8301,0.6396,120.0,0.26666666666666666,follower,IL-BC (behavior cloning)
0.16,84,5,3.8307,0.7799,120.0,0.26666666666666666,follower,RL-PPO
0.16,85,5,3.8297,0.8923,120.0,0.26666666666666666,edge-relay,RL-SAC
0.16,86,5,3.9061,0.5013,120.0,0.26666666666666666,follower,DL-CNN (vision)
0.16,87,5,4.0602,0.4987,120.0,0.26666666666666666,follower,DL-CNN (vision)
0.16,88,5,4.2125,0.4999,120.0,0.26666666666666666,follower,RL-SAC
0.16,89,5,4.3643,0.5003,120.0,0.26666666666666666,edge-relay,Classical-MPC
0.16,90,5,4.5163,0.5008,120.0,0.26666666666666666,follower,Classical-MPC
0.16,91,5,4.6686,0.4999,120.0,0.26666666666666666,edge-relay,RL-PPO
0.16,92,5,4.6714,0.1989,120.0,0.26666666666666666,safety-sentry,DL-CNN (vision)
0.16,93,5,4.6708,0.3189,120.0,0.26666666666666666,leader,RL-SAC
0.16,94,5,4.6709,0.4395,120.0,0.26666666666666666,edge-relay,DL-CNN (vision)
0.16,95,5,3.8673,0.0814,120.0,0.26666666666666666,follower,RL-SAC
0.16,96,5,4.021,0.0796,120.0,0.26666666666666666,follower,DL-Transformer (coord)
0.16,97,5,4.1739,0.0797,120.0,0.26666666666666666,edge-relay,Classical-MPC
0.16,98,5,4.327,0.0805,120.0,0.26666666666666666,follower,DL-CNN (vision)
0.16,99,5,4.4793,0.079,120.0,0.26666666666666666,follower,DL-Transformer (coord)
0.16,100,5,4.6686,0.0799,120.0,0.26666666666666666,follower,DL-Transformer (coord)
0.2,1,2,0.0813,0.9187,120.0,0.3333333333333333,leader,RL-PPO
0.2,2,2,0.2315,0.9204,120.0,0.3333333333333333,follower,DL-CNN (vision)
0.2,3,2,0.3866,0.921,120.0,0.3333333333333333,follower,Classical-MPC
0.2,4,2,0.5369,0.92,120.0,0.3333333333333333,follower,DL-CNN (vision)
0.2,5,2,0.6921,0.9208,120.0,0.3333333333333333,safety-sentry,DL-Transformer (coord)
0.2,6,2,0.8447,0.9201,120.0,0.3333333333333333,follower,IL-BC (behavior cloning)
0.2,7,2,0.9213,0.5266,120.0,0.3333333333333333,follower,Classical-MPC
0.2,8,2,0.92,0.6404,120.0,0.3333333333333333,leader,IL-BC (behavior cloning)
0.2,9,2,0.9208,0.7786,120.0,0.3333333333333333,follower,RL-PPO
0.2,10,2,0.9189,0.8922,120.0,0.3333333333333333,follower,DL-CNN (vision)
0.2,11,2,0.1551,0.4989,120.0,0.3333333333333333,follower,DL-CNN (vision)
0.2,12,2,0.3079,0.4986,120.0,0.3333333333333333,edge-relay,RL-PPO
0.2,13,2,0.4626,0.4986,120.0,0.3333333333333333,follower,DL-Transformer (coord)
0.2,14,2,0.6135,0.5002,120.0,0.3333333333333333,leader,DL-Transformer (coord)
0.2,15,2,0.7664,0.5005,120.0,0.3333333333333333,follower,Classical-MPC
0.2,16,2,0.9187,0.4996,120.0,0.3333333333333333,safety-sentry,Classical-MPC
0.2,17,2,0.0788,0.2004,120.0,0.3333333333333333,follower,RL-PPO
0.2,18,2,0.0811,0.321,120.0,0.3333333333333333,follower,RL-SAC
0.2,19,2,0.0787,0.44,120.0,0.3333333333333333,safety-sentry,DL-Transformer (coord)
0.2,20,2,0.1195,0.0786,120.0,0.3333333333333333,leader,RL-PPO
0.2,21,2,0.2709,0.0804,120.0,0.3333333333333333,follower,RL-SAC
0.2,22,2,0.423,0.0813,120.0,0.3333333333333333,safety-sentry,DL-Transformer (coord)
0.2,23,2,0.5778,0.0807,120.0,0.3333333333333333,follower,RL-PPO
0.2,24,2,0.7304,0.0802,120.0,0.3333333333333333,follower,IL-BC (behavior cloning)
0.2,25,2,0.9187,0.0796,120.0,0.3333333333333333,safety-sentry,Classical-MPC
0.2,26,0,1.3309,0.9202,120.0,0.3333333333333333,follower,RL-PPO
0.2,27,0,1.4976,0.9209,120.0,0.3333333333333333,follower,DL-Transformer (coord)
0.2,28,0,1.6666,0.919,120.0,0.3333333333333333,follower,IL-BC (behavior cloning)
0.2,29,0,1.8331,0.9208,120.0,0.3333333333333333,follower,Classical-MPC
0.2,30,0,2.0029,0.9191,120.0,0.3333333333333333,follower,RL-SAC
0.2,31,0,2.1691000000000003,0.9204,120.0,0.3333333333333333,follower,RL-PPO
0.2,32,0,2.1709,0.5888,120.0,0.3333333333333333,follower,Classical-MPC
0.2,33,0,2.1711,0.7114,120.0,0.3333333333333333,follower,Classical-MPC
0.2,34,0,2.1691000000000003,0.8608,120.0,0.3333333333333333,follower,RL-SAC
0.2,35,0,2.1692,0.1118,120.0,0.3333333333333333,follower,DL-CNN (vision)
0.2,36,0,2.1708,0.2419,120.0,0.3333333333333333,edge-relay,IL-BC (behavior cloning)
0.2,37,0,2.1711,0.3698,120.0,0.3333333333333333,follower,Classical-MPC
0.2,38,0,2.1687,0.4997,120.0,0.3333333333333333,follower,RL-PPO
0.2,39,0,1.4569,0.0788,120.0,0.3333333333333333,follower,DL-Transformer (coord)
0.2,40,0,1.6251,0.0814,120.0,0.3333333333333333,follower,Classical-MPC
0.2,41,0,1.7917,0.0788,120.0,0.3333333333333333,follower,DL-Transformer (coord)
0.2,42,0,2.0029,0.0791,120.0,0.3333333333333333,follower,RL-PPO
0.2,43,0,2.1691000000000003,0.0804,120.0,0.3333333333333333,follower,RL-PPO
0.2,44,0,1.3309,0.1757,120.0,0.3333333333333333,follower,RL-SAC
0.2,45,0,1.3311,0.3076,120.0,0.3333333333333333,follower,Classical-MPC
0.2,46,0,1.3296999999999999,0.4342,120.0,0.3333333333333333,follower,RL-PPO
0.2,47,0,1.3292,0.5295,120.0,0.3333333333333333,follower,RL-PPO
0.2,48,0,1.3308,0.6503,120.0,0.3333333333333333,safety-sentry,DL-CNN (vision)
0.2,49,0,1.3311,0.769,120.0,0.3333333333333333,follower,RL-PPO
0.2,50,0,1.3285,0.9199,120.0,0.3333333333333333,follower,RL-PPO
0.2,51,2,2.5813,0.9187,120.0,0.3333333333333333,follower,RL-PPO
0.2,52,2,2.7315,0.9204,120.0,0.3333333333333333,follower,DL-Transformer (coord)
0.2,53,2,2.8866,0.921,120.0,0.3333333333333333,follower,IL-BC (behavior cloning)
0.2,54,2,3.0369,0.92,120.0,0.3333333333333333,follower,DL-CNN (vision)
0.2,55,2,3.1921,0.9208,120.0,0.3333333333333333,follower,RL-PPO
0.2,56,2,3.3447,0.9201,120.0,0.3333333333333333,leader,DL-CNN (vision)
0.2,57,2,3.4213,0.5266,120.0,0.3333333333333333,follower,DL-Transformer (coord)
0.2,58,2,3.42,0.6404,120.0,0.3333333333333333,follower,Classical-MPC
0.2,59,2,3.4208,0.7786,120.0,0.3333333333333333,follower,Classical-MPC
0.2,60,2,3.4189,0.8922,120.0,0.3333333333333333,follower,RL-SAC
0.2,61,2,2.6551,0.4989,120.0,0.3333333333333333,safety-sentry,RL-PPO
0.2,62,2,2.8079,0.4986,120.0,0.3333333333333333,follower,Classical-MPC
0.2,63,2,2.9626,0.4986,120.0,0.3333333333333333,leader,Classical-MPC
0.2,64,2,3.1135,0.5002,120.0,0.3333333333333333,follower,DL-CNN (vision)
0.2,65,2,3.2664,0.5005,120.0,0.3333333333333333,follower,IL-BC (behavior cloning)
0.2,66,2,3.4187,0.4996,120.0,0.3333333333333333,follower,Classical-MPC
0.2,67,2,2.5788,0.2004,120.0,0.3333333333333333,safety-sentry,DL-Transformer (coord)
0.2,68,2,2.5811,0.321,120.0,0.3333333333333333,safety-sentry,Classical-MPC
0.2,69,2,2.5787,0.44,120.0,0.3333333333333333,edge-relay,RL-PPO
0.2,70,2,2.6195,0.0786,120.0,0.3333333333333333,follower,RL-SAC
0.2,71,2,2.7709,0.0804,120.0,0.3333333333333333,edge-relay,RL-SAC
0.2,72,2,2.923,0.0813,120.0,0.3333333333333333,follower,RL-PPO
0.2,73,2,3.0778,0.0807,120.0,0.3333333333333333,follower,Classical-MPC
0.2,74,2,3.2304,0.0802,120.0,0.3333333333333333,follower,RL-PPO
0.2,75,2,3.4187,0.0796,120.0,0.3333333333333333,follower,DL-Transformer (coord)
0.2,76,5,3.8315,0.9211,120.0,0.3333333333333333,follower,RL-PPO
0.2,77,5,3.9841,0.9189,120.0,0.3333333333333333,follower,DL-CNN (vision)
0.2,78,5,4.1362,0.9189,120.0,0.3333333333333333,follower,DL-CNN (vision)
0.2,79,5,4.2891,0.9195,120.0,0.3333333333333333,follower,RL-SAC
0.2,80,5,4.4395,0.9193,120.0,0.3333333333333333,follower,DL-Transformer (coord)
0.2,81,5,4.5938,0.9207,120.0,0.3333333333333333,follower,DL-Transformer (coord)
0.2,82,5,3.8292,0.5294,120.0,0.3333333333333333,follower,DL-CNN (vision)
0.2,83,5,3.8301,0.6396,120.0,0.3333333333333333,follower,IL-BC (behavior cloning)
0.2,84,5,3.8307,0.7799,120.0,0.3333333333333333,follower,RL-PPO
0.2,85,5,3.8297,0.8923,120.0,0.3333333333333333,edge-relay,RL-SAC
0.2,86,5,3.9061,0.5013,120.0,0.3333333333333333,follower,DL-CNN (vision)
0.2,87,5,4.0602,0.4987,120.0,0.3333333333333333,follower,DL-CNN (vision)
0.2,88,5,4.2125,0.4999,120.0,0.3333333333333333,follower,RL-SAC
0.2,89,5,4.3643,0.5003,120.0,0.3333333333333333,edge-relay,Classical-MPC
0.2,90,5,4.5163,0.5008,120.0,0.3333333333333333,follower,Classical-MPC
0.2,91,5,4.6686,0.4999,120.0,0.3333333333333333,edge-relay,RL-PPO
0.2,92,5,4.6714,0.1989,120.0,0.3333333333333333,safety-sentry,DL-CNN (vision)
0.2,93,5,4.6708,0.3189,120.0,0.3333333333333333,leader,RL-SAC
0.2,94,5,4.6709,0.4395,120.0,0.3333333333333333,edge-relay,DL-CNN (vision)
0.2,95,5,3.8673,0.0814,120.0,0.3333333333333333,follower,RL-SAC
0.2,96,5,4.021,0.0796,120.0,0.3333333333333333,follower,DL-Transformer (coord)
0.2,97,5,4.1739,0.0797,120.0,0.3333333333333333,edge-relay,Classical-MPC
0.2,98,5,4.327,0.0805,120.0,0.3333333333333333,follower,DL-CNN (vision)
0.2,99,5,4.4793,0.079,120.0,0.3333333333333333,follower,DL-Transformer (coord)
0.2,100,5,4.6686,0.0799,120.0,0.3333333333333333,follower,DL-Transformer (coord)
0.24000000000000002,1,2,0.0813,0.9187,120.0,0.39999999999999997,leader,RL-PPO
0.24000000000000002,2,2,0.2315,0.9204,120.0,0.39999999999999997,follower,DL-CNN (vision)
0.24000000000000002,3,2,0.3866,0.921,120.0,0.39999999999999997,follower,Classical-MPC
0.24000000000000002,4,2,0.5369,0.92,120.0,0.39999999999999997,follower,DL-CNN (vision)
0.24000000000000002,5,2,0.6921,0.9208,120.0,0.39999999999999997,safety-sentry,DL-Transformer (coord)
0.24000000000000002,6,2,0.8447,0.9201,120.0,0.39999999999999997,follower,IL-BC (behavior cloning)
0.24000000000000002,7,2,0.9213,0.5266,120.0,0.39999999999999997,follower,Classical-MPC
0.24000000000000002,8,2,0.92,0.6404,120.0,0.39999999999999997,leader,IL-BC (behavior cloning)
0.24000000000000002,9,2,0.9208,0.7786,120.0,0.39999999999999997,follower,RL-PPO
0.24000000000000002,10,2,0.9189,0.8922,120.0,0.39999999999999997,follower,DL-CNN (vision)
0.24000000000000002,11,2,0.1551,0.4989,120.0,0.39999999999999997,follower,DL-CNN (vision)
0.24000000000000002,12,2,0.3079,0.4986,120.0,0.39999999999999997,edge-relay,RL-PPO
0.24000000000000002,13,2,0.4626,0.4986,120.0,0.39999999999999997,follower,DL-Transformer (coord)
0.24000000000000002,14,2,0.6135,0.5002,120.0,0.39999999999999997,leader,DL-Transformer (coord)
0.24000000000000002,15,2,0.7664,0.5005,120.0,0.39999999999999997,follower,Classical-MPC
0.24000000000000002,16,2,0.9187,0.4996,120.0,0.39999999999999997,safety-sentry,Classical-MPC
0.24000000000000002,17,2,0.0788,0.2004,120.0,0.39999999999999997,follower,RL-PPO
0.24000000000000002,18,2,0.0811,0.321,120.0,0.39999999999999997,follower,RL-SAC
0.24000000000000002,19,2,0.0787,0.44,120.0,0.39999999999999997,safety-sentry,DL-Transformer (coord)
0.24000000000000002,20,2,0.1195,0.0786,120.0,0.39999999999999997,leader,RL-PPO
0.24000000000000002,21,2,0.2709,0.0804,120.0,0.39999999999999997,follower,RL-SAC
0.24000000000000002,22,2,0.423,0.0813,120.0,0.39999999999999997,safety-sentry,DL-Transformer (coord)
0.24000000000000002,23,2,0.5778,0.0807,120.0,0.39999999999999997,follower,RL-PPO
0.24000000000000002,24,2,0.7304,0.0802,120.0,0.39999999999999997,follower,IL-BC (behavior cloning)
0.24000000000000002,25,2,0.9187,0.0796,120.0,0.39999999999999997,safety-sentry,Classical-MPC
0.24000000000000002,26,0,1.3309,0.9202,120.0,0.39999999999999997,follower,RL-PPO
0.24000000000000002,27,0,1.4976,0.9209,120.0,0.39999999999999997,follower,DL-Transformer (coord)
0.24000000000000002,28,0,1.6666,0.919,120.0,0.39999999999999997,follower,IL-BC (behavior cloning)
0.24000000000000002,29,0,1.8331,0.9208,120.0,0.39999999999999997,follower,Classical-MPC
0.24000000000000002,30,0,2.0029,0.9191,120.0,0.39999999999999997,follower,RL-SAC
0.24000000000000002,31,0,2.1691000000000003,0.9204,120.0,0.39999999999999997,follower,RL-PPO
0.24000000000000002,32,0,2.1709,0.5888,120.0,0.39999999999999997,follower,Classical-MPC
0.24000000000000002,33,0,2.1711,0.7114,120.0,0.39999999999999997,follower,Classical-MPC
0.24000000000000002,34,0,2.1691000000000003,0.8608,120.0,0.39999999999999997,follower,RL-SAC
0.24000000000000002,35,0,2.1692,0.1118,120.0,0.39999999999999997,follower,DL-CNN (vision)
0.24000000000000002,36,0,2.1708,0.2419,120.0,0.39999999999999997,edge-relay,IL-BC (behavior cloning)
0.24000000000000002,37,0,2.1711,0.3698,120.0,0.39999999999999997,follower,Classical-MPC
0.24000000000000002,38,0,2.1687,0.4997,120.0,0.39999999999999997,follower,RL-PPO
0.24000000000000002,39,0,1.4569,0.0788,120.0,0.39999999999999997,follower,DL-Transformer (coord)
0.24000000000000002,40,0,1.6251,0.0814,120.0,0.39999999999999997,follower,Classical-MPC
0.24000000000000002,41,0,1.7917,0.0788,120.0,0.39999999999999997,follower,DL-Transformer (coord)
0.24000000000000002,42,0,2.0029,0.0791,120.0,0.39999999999999997,follower,RL-PPO
0.24000000000000002,43,0,2.1691000000000003,0.0804,120.0,0.39999999999999997,follower,RL-PPO
0.24000000000000002,44,0,1.3309,0.1757,120.0,0.39999999999999997,follower,RL-SAC
0.24000000000000002,45,0,1.3311,0.3076,120.0,0.39999999999999997,follower,Classical-MPC
0.24000000000000002,46,0,1.3296999999999999,0.4342,120.0,0.39999999999999997,follower,RL-PPO
0.24000000000000002,47,0,1.3292,0.5295,120.0,0.39999999999999997,follower,RL-PPO
0.24000000000000002,48,0,1.3308,0.6503,120.0,0.39999999999999997,safety-sentry,DL-CNN (vision)
0.24000000000000002,49,0,1.3311,0.769,120.0,0.39999999999999997,follower,RL-PPO
0.24000000000000002,50,0,1.3285,0.9199,120.0,0.39999999999999997,follower,RL-PPO
0.24000000000000002,51,2,2.5813,0.9187,120.0,0.39999999999999997,follower,RL-PPO
0.24000000000000002,52,2,2.7315,0.9204,120.0,0.39999999999999997,follower,DL-Transformer (coord)
0.24000000000000002,53,2,2.8866,0.921,120.0,0.39999999999999997,follower,IL-BC (behavior cloning)
0.24000000000000002,54,2,3.0369,0.92,120.0,0.39999999999999997,follower,DL-CNN (vision)
0.24000000000000002,55,2,3.1921,0.9208,120.0,0.39999999999999997,follower,RL-PPO
0.24000000000000002,56,2,3.3447,0.9201,120.0,0.39999999999999997,leader,DL-CNN (vision)
0.24000000000000002,57,2,3.4213,0.5266,120.0,0.39999999999999997,follower,DL-Transformer (coord)
0.24000000000000002,58,2,3.42,0.6404,120.0,0.39999999999999997,follower,Classical-MPC
0.24000000000000002,59,2,3.4208,0.7786,120.0,0.39999999999999997,follower,Classical-MPC
0.24000000000000002,60,2,3.4189,0.8922,120.0,0.39999999999999997,follower,RL-SAC
0.24000000000000002,61,2,2.6551,0.4989,120.0,0.39999999999999997,safety-sentry,RL-PPO
0.24000000000000002,62,2,2.8079,0.4986,120.0,0.39999999999999997,follower,Classical-MPC
0.24000000000000002,63,2,2.9626,0.4986,120.0,0.39999999999999997,leader,Classical-MPC
0.24000000000000002,64,2,3.1135,0.5002,120.0,0.39999999999999997,follower,DL-CNN (vision)
0.24000000000000002,65,2,3.2664,0.5005,120.0,0.39999999999999997,follower,IL-BC (behavior cloning)
0.24000000000000002,66,2,3.4187,0.4996,120.0,0.39999999999999997,follower,Classical-MPC
0.24000000000000002,67,2,2.5788,0.2004,120.0,0.39999999999999997,safety-sentry,DL-Transformer (coord)
0.24000000000000002,68,2,2.5811,0.321,120.0,0.39999999999999997,safety-sentry,Classical-MPC
0.24000000000000002,69,2,2.5787,0.44,120.0,0.39999999999999997,edge-relay,RL-PPO
0.24000000000000002,70,2,2.6195,0.0786,120.0,0.39999999999999997,follower,RL-SAC
0.24000000000000002,71,2,2.7709,0.0804,120.0,0.39999999999999997,edge-relay,RL-SAC
0.24000000000000002,72,2,2.923,0.0813,120.0,0.39999999999999997,follower,RL-PPO
0.24000000000000002,73,2,3.0778,0.0807,120.0,0.39999999999999997,follower,Classical-MPC
0.24000000000000002,74,2,3.2304,0.0802,120.0,0.39999999999999997,follower,RL-PPO
0.24000000000000002,75,2,3.4187,0.0796,120.0,0.39999999999999997,follower,DL-Transformer (coord)
0.24000000000000002,76,5,3.8315,0.9211,120.0,0.39999999999999997,follower,RL-PPO
0.24000000000000002,77,5,3.9841,0.9189,120.0,0.39999999999999997,follower,DL-CNN (vision)
0.24000000000000002,78,5,4.1362,0.9189,120.0,0.39999999999999997,follower,DL-CNN (vision)
0.24000000000000002,79,5,4.2891,0.9195,120.0,0.39999999999999997,follower,RL-SAC
0.24000000000000002,80,5,4.4395,0.9193,120.0,0.39999999999999997,follower,DL-Transformer (coord)
0.24000000000000002,81,5,4.5938,0.9207,120.0,0.39999999999999997,follower,DL-Transformer (coord)
0.24000000000000002,82,5,3.8292,0.5294,120.0,0.39999999999999997,follower,DL-CNN (vision)
0.24000000000000002,83,5,3.8301,0.6396,120.0,0.39999999999999997,follower,IL-BC (behavior cloning)
0.24000000000000002,84,5,3.8307,0.7799,120.0,0.39999999999999997,follower,RL-PPO
0.24000000000000002,85,5,3.8297,0.8923,120.0,0.39999999999999997,edge-relay,RL-SAC
0.24000000000000002,86,5,3.9061,0.5013,120.0,0.39999999999999997,follower,DL-CNN (vision)
0.24000000000000002,87,5,4.0602,0.4987,120.0,0.39999999999999997,follower,DL-CNN (vision)
0.24000000000000002,88,5,4.2125,0.4999,120.0,0.39999999999999997,follower,RL-SAC
0.24000000000000002,89,5,4.3643,0.5003,120.0,0.39999999999999997,edge-relay,Classical-MPC
0.24000000000000002,90,5,4.5163,0.5008,120.0,0.39999999999999997,follower,Classical-MPC
0.24000000000000002,91,5,4.6686,0.4999,120.0,0.39999999999999997,edge-relay,RL-PPO
0.24000000000000002,92,5,4.6714,0.1989,120.0,0.39999999999999997,safety-sentry,DL-CNN (vision)
0.24000000000000002,93,5,4.6708,0.3189,120.0,0.39999999999999997,leader,RL-SAC
0.24000000000000002,94,5,4.6709,0.4395,120.0,0.39999999999999997,edge-relay,DL-CNN (vision)
0.24000000000000002,95,5,3.8673,0.0814,120.0,0.39999999999999997,follower,RL-SAC
0.24000000000000002,96,5,4.021,0.0796,120.0,0.39999999999999997,follower,DL-Transformer (coord)
0.24000000000000002,97,5,4.1739,0.0797,120.0,0.39999999999999997,edge-relay,Classical-MPC
0.24000000000000002,98,5,4.327,0.0805,120.0,0.39999999999999997,follower,DL-CNN (vision)
0.24000000000000002,99,5,4.4793,0.079,120.0,0.39999999999999997,follower,DL-Transformer (coord)
0.24000000000000002,100,5,4.6686,0.0799,120.0,0.39999999999999997,follower,DL-Transformer (coord)
0.28,1,2,0.0813,0.9187,120.0,0.4666666666666667,leader,RL-PPO
0.28,2,2,0.2315,0.9204,120.0,0.4666666666666667,follower,DL-CNN (vision)
0.28,3,2,0.3866,0.921,120.0,0.4666666666666667,follower,Classical-MPC
0.28,4,2,0.5369,0.92,120.0,0.4666666666666667,follower,DL-CNN (vision)
0.28,5,2,0.6921,0.9208,120.0,0.4666666666666667,safety-sentry,DL-Transformer (coord)
0.28,6,2,0.8447,0.9201,120.0,0.4666666666666667,follower,IL-BC (behavior cloning)
0.28,7,2,0.9213,0.5266,120.0,0.4666666666666667,follower,Classical-MPC
0.28,8,2,0.92,0.6404,120.0,0.4666666666666667,leader,IL-BC (behavior cloning)
0.28,9,2,0.9208,0.7786,120.0,0.4666666666666667,follower,RL-PPO
0.28,10,2,0.9189,0.8922,120.0,0.4666666666666667,follower,DL-CNN (vision)
0.28,11,2,0.1551,0.4989,120.0,0.4666666666666667,follower,DL-CNN (vision)
0.28,12,2,0.3079,0.4986,120.0,0.4666666666666667,edge-relay,RL-PPO
0.28,13,2,0.4626,0.4986,120.0,0.4666666666666667,follower,DL-Transformer (coord)
0.28,14,2,0.6135,0.5002,120.0,0.4666666666666667,leader,DL-Transformer (coord)
0.28,15,2,0.7664,0.5005,120.0,0.4666666666666667,follower,Classical-MPC
0.28,16,2,0.9187,0.4996,120.0,0.4666666666666667,safety-sentry,Classical-MPC
0.28,17,2,0.0788,0.2004,120.0,0.4666666666666667,follower,RL-PPO
0.28,18,2,0.0811,0.321,120.0,0.4666666666666667,follower,RL-SAC
0.28,19,2,0.0787,0.44,120.0,0.4666666666666667,safety-sentry,DL-Transformer (coord)
0.28,20,2,0.1195,0.0786,120.0,0.4666666666666667,leader,RL-PPO
0.28,21,2,0.2709,0.0804,120.0,0.4666666666666667,follower,RL-SAC
0.28,22,2,0.423,0.0813,120.0,0.4666666666666667,safety-sentry,DL-Transformer (coord)
0.28,23,2,0.5778,0.0807,120.0,0.4666666666666667,follower,RL-PPO
0.28,24,2,0.7304,0.0802,120.0,0.4666666666666667,follower,IL-BC (behavior cloning)
0.28,25,2,0.9187,0.0796,120.0,0.4666666666666667,safety-sentry,Classical-MPC
0.28,26,0,1.3309,0.9202,120.0,0.4666666666666667,follower,RL-PPO
0.28,27,0,1.4976,0.9209,120.0,0.4666666666666667,follower,DL-Transformer (coord)
0.28,28,0,1.6666,0.919,120.0,0.4666666666666667,follower,IL-BC (behavior cloning)
0.28,29,0,1.8331,0.9208,120.0,0.4666666666666667,follower,Classical-MPC
0.28,30,0,2.0029,0.9191,120.0,0.4666666666666667,follower,RL-SAC
0.28,31,0,2.1691000000000003,0.9204,120.0,0.4666666666666667,follower,RL-PPO
0.28,32,0,2.1709,0.5888,120.0,0.4666666666666667,follower,Classical-MPC
0.28,33,0,2.1711,0.7114,120.0,0.4666666666666667,follower,Classical-MPC
0.28,34,0,2.1691000000000003,0.8608,120.0,0.4666666666666667,follower,RL-SAC
0.28,35,0,2.1692,0.1118,120.0,0.4666666666666667,follower,DL-CNN (vision)
0.28,36,0,2.1708,0.2419,120.0,0.4666666666666667,edge-relay,IL-BC (behavior cloning)
0.28,37,0,2.1711,0.3698,120.0,0.4666666666666667,follower,Classical-MPC
0.28,38,0,2.1687,0.4997,120.0,0.4666666666666667,follower,RL-PPO
0.28,39,0,1.4569,0.0788,120.0,0.4666666666666667,follower,DL-Transformer (coord)
0.28,40,0,1.6251,0.0814,120.0,0.4666666666666667,follower,Classical-MPC
0.28,41,0,1.7917,0.0788,120.0,0.4666666666666667,follower,DL-Transformer (coord)
0.28,42,0,2.0029,0.0791,120.0,0.4666666666666667,follower,RL-PPO
0.28,43,0,2.1691000000000003,0.0804,120.0,0.4666666666666667,follower,RL-PPO
0.28,44,0,1.3309,0.1757,120.0,0.4666666666666667,follower,RL-SAC
0.28,45,0,1.3311,0.3076,120.0,0.4666666666666667,follower,Classical-MPC
0.28,46,0,1.3296999999999999,0.4342,120.0,0.4666666666666667,follower,RL-PPO
0.28,47,0,1.3292,0.5295,120.0,0.4666666666666667,follower,RL-PPO
0.28,48,0,1.3308,0.6503,120.0,0.4666666666666667,safety-sentry,DL-CNN (vision)
0.28,49,0,1.3311,0.769,120.0,0.4666666666666667,follower,RL-PPO
0.28,50,0,1.3285,0.9199,120.0,0.4666666666666667,follower,RL-PPO
0.28,51,2,2.5813,0.9187,120.0,0.4666666666666667,follower,RL-PPO
0.28,52,2,2.7315,0.9204,120.0,0.4666666666666667,follower,DL-Transformer (coord)
0.28,53,2,2.8866,0.921,120.0,0.4666666666666667,follower,IL-BC (behavior cloning)
0.28,54,2,3.0369,0.92,120.0,0.4666666666666667,follower,DL-CNN (vision)
0.28,55,2,3.1921,0.9208,120.0,0.4666666666666667,follower,RL-PPO
0.28,56,2,3.3447,0.9201,120.0,0.4666666666666667,leader,DL-CNN (vision)
0.28,57,2,3.4213,0.5266,120.0,0.4666666666666667,follower,DL-Transformer (coord)
0.28,58,2,3.42,0.6404,120.0,0.4666666666666667,follower,Classical-MPC
0.28,59,2,3.4208,0.7786,120.0,0.4666666666666667,follower,Classical-MPC
0.28,60,2,3.4189,0.8922,120.0,0.4666666666666667,follower,RL-SAC
0.28,61,2,2.6551,0.4989,120.0,0.4666666666666667,safety-sentry,RL-PPO
0.28,62,2,2.8079,0.4986,120.0,0.4666666666666667,follower,Classical-MPC
0.28,63,2,2.9626,0.4986,120.0,0.4666666666666667,leader,Classical-MPC
0.28,64,2,3.1135,0.5002,120.0,0.4666666666666667,follower,DL-CNN (vision)
0.28,65,2,3.2664,0.5005,120.0,0.4666666666666667,follower,IL-BC (behavior cloning)
0.28,66,2,3.4187,0.4996,120.0,0.4666666666666667,follower,Classical-MPC
0.28,67,2,2.5788,0.2004,120.0,0.4666666666666667,safety-sentry,DL-Transformer (coord)
0.28,68,2,2.5811,0.321,120.0,0.4666666666666667,safety-sentry,Classical-MPC
0.28,69,2,2.5787,0.44,120.0,0.4666666666666667,edge-relay,RL-PPO
0.28,70,2,2.6195,0.0786,120.0,0.4666666666666667,follower,RL-SAC
0.28,71,2,2.7709,0.0804,120.0,0.4666666666666667,edge-relay,RL-SAC
0.28,72,2,2.923,0.0813,120.0,0.4666666666666667,follower,RL-PPO
0.28,73,2,3.0778,0.0807,120.0,0.4666666666666667,follower,Classical-MPC
0.28,74,2,3.2304,0.0802,120.0,0.4666666666666667,follower,RL-PPO
0.28,75,2,3.4187,0.0796,120.0,0.4666666666666667,follower,DL-Transformer (coord)
0.28,76,5,3.8315,0.9211,120.0,0.4666666666666667,follower,RL-PPO
0.28,77,5,3.9841,0.9189,120.0,0.4666666666666667,follower,DL-CNN (vision)
0.28,78,5,4.1362,0.9189,120.0,0.4666666666666667,follower,DL-CNN (vision)
0.28,79,5,4.2891,0.9195,120.0,0.4666666666666667,follower,RL-SAC
0.28,80,5,4.4395,0.9193,120.0,0.4666666666666667,follower,DL-Transformer (coord)
0.28,81,5,4.5938,0.9207,120.0,0.4666666666666667,follower,DL-Transformer (coord)
0.28,82,5,3.8292,0.5294,120.0,0.4666666666666667,follower,DL-CNN (vision)
0.28,83,5,3.8301,0.6396,120.0,0.4666666666666667,follower,IL-BC (behavior cloning)
0.28,84,5,3.8307,0.7799,120.0,0.4666666666666667,follower,RL-PPO
0.28,85,5,3.8297,0.8923,120.0,0.4666666666666667,edge-relay,RL-SAC
0.28,86,5,3.9061,0.5013,120.0,0.4666666666666667,follower,DL-CNN (vision)
0.28,87,5,4.0602,0.4987,120.0,0.4666666666666667,follower,DL-CNN (vision)
0.28,88,5,4.2125,0.4999,120.0,0.4666666666666667,follower,RL-SAC
0.28,89,5,4.3643,0.5003,120.0,0.4666666666666667,edge-relay,Classical-MPC
0.28,90,5,4.5163,0.5008,120.0,0.4666666666666667,follower,Classical-MPC
0.28,91,5,4.6686,0.4999,120.0,0.4666666666666667,edge-relay,RL-PPO
0.28,92,5,4.6714,0.1989,120.0,0.4666666666666667,safety-sentry,DL-CNN (vision)
0.28,93,5,4.6708,0.3189,120.0,0.4666666666666667,leader,RL-SAC
0.28,94,5,4.6709,0.4395,120.0,0.4666666666666667,edge-relay,DL-CNN (vision)
0.28,95,5,3.8673,0.0814,120.0,0.4666666666666667,follower,RL-SAC
0.28,96,5,4.021,0.0796,120.0,0.4666666666666667,follower,DL-Transformer (coord)
0.28,97,5,4.1739,0.0797,120.0,0.4666666666666667,edge-relay,Classical-MPC
0.28,98,5,4.327,0.0805,120.0,0.4666666666666667,follower,DL-CNN (vision)
0.28,99,5,4.4793,0.079,120.0,0.4666666666666667,follower,DL-Transformer (coord)
0.28,100,5,4.6686,0.0799,120.0,0.4666666666666667,follower,DL-Transformer (coord)
0.32,1,2,0.0813,0.9187,120.0,0.5333333333333333,leader,RL-PPO
0.32,2,2,0.2315,0.9204,120.0,0.5333333333333333,follower,DL-CNN (vision)
0.32,3,2,0.3866,0.921,120.0,0.5333333333333333,follower,Classical-MPC
0.32,4,2,0.5369,0.92,120.0,0.5333333333333333,follower,DL-CNN (vision)
0.32,5,2,0.6921,0.9208,120.0,0.5333333333333333,safety-sentry,DL-Transformer (coord)
0.32,6,2,0.8447,0.9201,120.0,0.5333333333333333,follower,IL-BC (behavior cloning)
0.32,7,2,0.9213,0.5266,120.0,0.5333333333333333,follower,Classical-MPC
0.32,8,2,0.92,0.6404,120.0,0.5333333333333333,leader,IL-BC (behavior cloning)
0.32,9,2,0.9208,0.7786,120.0,0.5333333333333333,follower,RL-PPO
0.32,10,2,0.9189,0.8922,120.0,0.5333333333333333,follower,DL-CNN (vision)
0.32,11,2,0.1551,0.4989,120.0,0.5333333333333333,follower,DL-CNN (vision)
0.32,12,2,0.3079,0.4986,120.0,0.5333333333333333,edge-relay,RL-PPO
0.32,13,2,0.4626,0.4986,120.0,0.5333333333333333,follower,DL-Transformer (coord)
0.32,14,2,0.6135,0.5002,120.0,0.5333333333333333,leader,DL-Transformer (coord)
0.32,15,2,0.7664,0.5005,120.0,0.5333333333333333,follower,Classical-MPC
0.32,16,2,0.9187,0.4996,120.0,0.5333333333333333,safety-sentry,Classical-MPC
0.32,17,2,0.0788,0.2004,120.0,0.5333333333333333,follower,RL-PPO
0.32,18,2,0.0811,0.321,120.0,0.5333333333333333,follower,RL-SAC
0.32,19,2,0.0787,0.44,120.0,0.5333333333333333,safety-sentry,DL-Transformer (coord)
0.32,20,2,0.1195,0.0786,120.0,0.5333333333333333,leader,RL-PPO
0.32,21,2,0.2709,0.0804,120.0,0.5333333333333333,follower,RL-SAC
0.32,22,2,0.423,0.0813,120.0,0.5333333333333333,safety-sentry,DL-Transformer (coord)
0.32,23,2,0.5778,0.0807,120.0,0.5333333333333333,follower,RL-PPO
0.32,24,2,0.7304,0.0802,120.0,0.5333333333333333,follower,IL-BC (behavior cloning)
0.32,25,2,0.9187,0.0796,120.0,0.5333333333333333,safety-sentry,Classical-MPC
0.32,26,0,1.3309,0.9202,120.0,0.5333333333333333,follower,RL-PPO
0.32,27,0,1.4976,0.9209,120.0,0.5333333333333333,follower,DL-Transformer (coord)
0.32,28,0,1.6666,0.919,120.0,0.5333333333333333,follower,IL-BC (behavior cloning)
0.32,29,0,1.8331,0.9208,120.0,0.5333333333333333,follower,Classical-MPC
0.32,30,0,2.0029,0.9191,120.0,0.5333333333333333,follower,RL-SAC
0.32,31,0,2.1691000000000003,0.9204,120.0,0.5333333333333333,follower,RL-PPO
0.32,32,0,2.1709,0.5888,120.0,0.5333333333333333,follower,Classical-MPC
0.32,33,0,2.1711,0.7114,120.0,0.5333333333333333,follower,Classical-MPC
0.32,34,0,2.1691000000000003,0.8608,120.0,0.5333333333333333,follower,RL-SAC
0.32,35,0,2.1692,0.1118,120.0,0.5333333333333333,follower,DL-CNN (vision)
0.32,36,0,2.1708,0.2419,120.0,0.5333333333333333,edge-relay,IL-BC (behavior cloning)
0.32,37,0,2.1711,0.3698,120.0,0.5333333333333333,follower,Classical-MPC
0.32,38,0,2.1687,0.4997,120.0,0.5333333333333333,follower,RL-PPO
0.32,39,0,1.4569,0.0788,120.0,0.5333333333333333,follower,DL-Transformer (coord)
0.32,40,0,1.6251,0.0814,120.0,0.5333333333333333,follower,Classical-MPC
0.32,41,0,1.7917,0.0788,120.0,0.5333333333333333,follower,DL-Transformer (coord)
0.32,42,0,2.0029,0.0791,120.0,0.5333333333333333,follower,RL-PPO
0.32,43,0,2.1691000000000003,0.0804,120.0,0.5333333333333333,follower,RL-PPO
0.32,44,0,1.3309,0.1757,120.0,0.5333333333333333,follower,RL-SAC
0.32,45,0,1.3311,0.3076,120.0,0.5333333333333333,follower,Classical-MPC
0.32,46,0,1.3296999999999999,0.4342,120.0,0.5333333333333333,follower,RL-PPO
0.32,47,0,1.3292,0.5295,120.0,0.5333333333333333,follower,RL-PPO
0.32,48,0,1.3308,0.6503,120.0,0.5333333333333333,safety-sentry,DL-CNN (vision)
0.32,49,0,1.3311,0.769,120.0,0.5333333333333333,follower,RL-PPO
0.32,50,0,1.3285,0.9199,120.0,0.5333333333333333,follower,RL-PPO
0.32,51,2,2.5813,0.9187,120.0,0.5333333333333333,follower,RL-PPO
0.32,52,2,2.7315,0.9204,120.0,0.5333333333333333,follower,DL-Transformer (coord)
0.32,53,2,2.8866,0.921,120.0,0.5333333333333333,follower,IL-BC (behavior cloning)
0.32,54,2,3.0369,0.92,120.0,0.5333333333333333,follower,DL-CNN (vision)
0.32,55,2,3.1921,0.9208,120.0,0.5333333333333333,follower,RL-PPO
0.32,56,2,3.3447,0.9201,120.0,0.5333333333333333,leader,DL-CNN (vision)
0.32,57,2,3.4213,0.5266,120.0,0.5333333333333333,follower,DL-Transformer (coord)
0.32,58,2,3.42,0.6404,120.0,0.5333333333333333,follower,Classical-MPC
0.32,59,2,3.4208,0.7786,120.0,0.5333333333333333,follower,Classical-MPC
0.32,60,2,3.4189,0.8922,120.0,0.5333333333333333,follower,RL-SAC
0.32,61,2,2.6551,0.4989,120.0,0.5333333333333333,safety-sentry,RL-PPO
0.32,62,2,2.8079,0.4986,120.0,0.5333333333333333,follower,Classical-MPC
0.32,63,2,2.9626,0.4986,120.0,0.5333333333333333,leader,Classical-MPC
0.32,64,2,3.1135,0.5002,120.0,0.5333333333333333,follower,DL-CNN (vision)
0.32,65,2,3.2664,0.5005,120.0,0.5333333333333333,follower,IL-BC (behavior cloning)
0.32,66,2,3.4187,0.4996,120.0,0.5333333333333333,follower,Classical-MPC
0.32,67,2,2.5788,0.2004,120.0,0.5333333333333333,safety-sentry,DL-Transformer (coord)
0.32,68,2,2.5811,0.321,120.0,0.5333333333333333,safety-sentry,Classical-MPC
0.32,69,2,2.5787,0.44,120.0,0.5333333333333333,edge-relay,RL-PPO
0.32,70,2,2.6195,0.0786,120.0,0.5333333333333333,follower,RL-SAC
0.32,71,2,2.7709,0.0804,120.0,0.5333333333333333,edge-relay,RL-SAC
0.32,72,2,2.923,0.0813,120.0,0.5333333333333333,follower,RL-PPO
0.32,73,2,3.0778,0.0807,120.0,0.5333333333333333,follower,Classical-MPC
0.32,74,2,3.2304,0.0802,120.0,0.5333333333333333,follower,RL-PPO
0.32,75,2,3.4187,0.0796,120.0,0.5333333333333333,follower,DL-Transformer (coord)
0.32,76,5,3.8315,0.9211,120.0,0.5333333333333333,follower,RL-PPO
0.32,77,5,3.9841,0.9189,120.0,0.5333333333333333,follower,DL-CNN (vision)
0.32,78,5,4.1362,0.9189,120.0,0.5333333333333333,follower,DL-CNN (vision)
0.32,79,5,4.2891,0.9195,120.0,0.5333333333333333,follower,RL-SAC
0.32,80,5,4.4395,0.9193,120.0,0.5333333333333333,follower,DL-Transformer (coord)
0.32,81,5,4.5938,0.9207,120.0,0.5333333333333333,follower,DL-Transformer (coord)
0.32,82,5,3.8292,0.5294,120.0,0.5333333333333333,follower,DL-CNN (vision)
0.32,83,5,3.8301,0.6396,120.0,0.5333333333333333,follower,IL-BC (behavior cloning)
0.32,84,5,3.8307,0.7799,120.0,0.5333333333333333,follower,RL-PPO
0.32,85,5,3.8297,0.8923,120.0,0.5333333333333333,edge-relay,RL-SAC
0.32,86,5,3.9061,0.5013,120.0,0.5333333333333333,follower,DL-CNN (vision)
0.32,87,5,4.0602,0.4987,120.0,0.5333333333333333,follower,DL-CNN (vision)
0.32,88,5,4.2125,0.4999,120.0,0.5333333333333333,follower,RL-SAC
0.32,89,5,4.3643,0.5003,120.0,0.5333333333333333,edge-relay,Classical-MPC
0.32,90,5,4.5163,0.5008,120.0,0.5333333333333333,follower,Classical-MPC
0.32,91,5,4.6686,0.4999,120.0,0.5333333333333333,edge-relay,RL-PPO
0.32,92,5,4.6714,0.1989,120.0,0.5333333333333333,safety-sentry,DL-CNN (vision)
0.32,93,5,4.6708,0.3189,120.0,0.5333333333333333,leader,RL-SAC
0.32,94,5,4.6709,0.4395,120.0,0.5333333333333333,edge-relay,DL-CNN (vision)
0.32,95,5,3.8673,0.0814,120.0,0.5333333333333333,follower,RL-SAC
0.32,96,5,4.021,0.0796,120.0,0.5333333333333333,follower,DL-Transformer (coord)
0.32,97,5,4.1739,0.0797,120.0,0.5333333333333333,edge-relay,Classical-MPC
0.32,98,5,4.327,0.0805,120.0,0.5333333333333333,follower,DL-CNN (vision)
0.32,99,5,4.4793,0.079,120.0,0.5333333333333333,follower,DL-Transformer (coord)
0.32,100,5,4.6686,0.0799,120.0,0.5333333333333333,follower,DL-Transformer (coord)
0.36,1,2,0.0813,0.9187,120.0,0.6,leader,RL-PPO
0.36,2,2,0.2315,0.9204,120.0,0.6,follower,DL-CNN (vision)
0.36,3,2,0.3866,0.921,120.0,0.6,follower,Classical-MPC
0.36,4,2,0.5369,0.92,120.0,0.6,follower,DL-CNN (vision)
0.36,5,2,0.6921,0.9208,120.0,0.6,safety-sentry,DL-Transformer (coord)
0.36,6,2,0.8447,0.9201,120.0,0.6,follower,IL-BC (behavior cloning)
0.36,7,2,0.9213,0.5266,120.0,0.6,follower,Classical-MPC
0.36,8,2,0.92,0.6404,120.0,0.6,leader,IL-BC (behavior cloning)
0.36,9,2,0.9208,0.7786,120.0,0.6,follower,RL-PPO
0.36,10,2,0.9189,0.8922,120.0,0.6,follower,DL-CNN (vision)
0.36,11,2,0.1551,0.4989,120.0,0.6,follower,DL-CNN (vision)
0.36,12,2,0.3079,0.4986,120.0,0.6,edge-relay,RL-PPO
0.36,13,2,0.4626,0.4986,120.0,0.6,follower,DL-Transformer (coord)
0.36,14,2,0.6135,0.5002,120.0,0.6,leader,DL-Transformer (coord)
0.36,15,2,0.7664,0.5005,120.0,0.6,follower,Classical-MPC
0.36,16,2,0.9187,0.4996,120.0,0.6,safety-sentry,Classical-MPC
0.36,17,2,0.0788,0.2004,120.0,0.6,follower,RL-PPO
0.36,18,2,0.0811,0.321,120.0,0.6,follower,RL-SAC
0.36,19,2,0.0787,0.44,120.0,0.6,safety-sentry,DL-Transformer (coord)
0.36,20,2,0.1195,0.0786,120.0,0.6,leader,RL-PPO
0.36,21,2,0.2709,0.0804,120.0,0.6,follower,RL-SAC
0.36,22,2,0.423,0.0813,120.0,0.6,safety-sentry,DL-Transformer (coord)
0.36,23,2,0.5778,0.0807,120.0,0.6,follower,RL-PPO
0.36,24,2,0.7304,0.0802,120.0,0.6,follower,IL-BC (behavior cloning)
0.36,25,2,0.9187,0.0796,120.0,0.6,safety-sentry,Classical-MPC
0.36,26,0,1.3309,0.9202,120.0,0.6,follower,RL-PPO
0.36,27,0,1.4976,0.9209,120.0,0.6,follower,DL-Transformer (coord)
0.36,28,0,1.6666,0.919,120.0,0.6,follower,IL-BC (behavior cloning)
0.36,29,0,1.8331,0.9208,120.0,0.6,follower,Classical-MPC
0.36,30,0,2.0029,0.9191,120.0,0.6,follower,RL-SAC
0.36,31,0,2.1691000000000003,0.9204,120.0,0.6,follower,RL-PPO
0.36,32,0,2.1709,0.5888,120.0,0.6,follower,Classical-MPC
0.36,33,0,2.1711,0.7114,120.0,0.6,follower,Classical-MPC
0.36,34,0,2.1691000000000003,0.8608,120.0,0.6,follower,RL-SAC
0.36,35,0,2.1692,0.1118,120.0,0.6,follower,DL-CNN (vision)
0.36,36,0,2.1708,0.2419,120.0,0.6,edge-relay,IL-BC (behavior cloning)
0.36,37,0,2.1711,0.3698,120.0,0.6,follower,Classical-MPC
0.36,38,0,2.1687,0.4997,120.0,0.6,follower,RL-PPO
0.36,39,0,1.4569,0.0788,120.0,0.6,follower,DL-Transformer (coord)
0.36,40,0,1.6251,0.0814,120.0,0.6,follower,Classical-MPC
0.36,41,0,1.7917,0.0788,120.0,0.6,follower,DL-Transformer (coord)
0.36,42,0,2.0029,0.0791,120.0,0.6,follower,RL-PPO
0.36,43,0,2.1691000000000003,0.0804,120.0,0.6,follower,RL-PPO
0.36,44,0,1.3309,0.1757,120.0,0.6,follower,RL-SAC
0.36,45,0,1.3311,0.3076,120.0,0.6,follower,Classical-MPC
0.36,46,0,1.3296999999999999,0.4342,120.0,0.6,follower,RL-PPO
0.36,47,0,1.3292,0.5295,120.0,0.6,follower,RL-PPO
0.36,48,0,1.3308,0.6503,120.0,0.6,safety-sentry,DL-CNN (vision)
0.36,49,0,1.3311,0.769,120.0,0.6,follower,RL-PPO
0.36,50,0,1.3285,0.9199,120.0,0.6,follower,RL-PPO
0.36,51,2,2.5813,0.9187,120.0,0.6,follower,RL-PPO
0.36,52,2,2.7315,0.9204,120.0,0.6,follower,DL-Transformer (coord)
0.36,53,2,2.8866,0.921,120.0,0.6,follower,IL-BC (behavior cloning)
0.36,54,2,3.0369,0.92,120.0,0.6,follower,DL-CNN (vision)
0.36,55,2,3.1921,0.9208,120.0,0.6,follower,RL-PPO
0.36,56,2,3.3447,0.9201,120.0,0.6,leader,DL-CNN (vision)
0.36,57,2,3.4213,0.5266,120.0,0.6,follower,DL-Transformer (coord)
0.36,58,2,3.42,0.6404,120.0,0.6,follower,Classical-MPC
0.36,59,2,3.4208,0.7786,120.0,0.6,follower,Classical-MPC
0.36,60,2,3.4189,0.8922,120.0,0.6,follower,RL-SAC
0.36,61,2,2.6551,0.4989,120.0,0.6,safety-sentry,RL-PPO
0.36,62,2,2.8079,0.4986,120.0,0.6,follower,Classical-MPC
0.36,63,2,2.9626,0.4986,120.0,0.6,leader,Classical-MPC
0.36,64,2,3.1135,0.5002,120.0,0.6,follower,DL-CNN (vision)
0.36,65,2,3.2664,0.5005,120.0,0.6,follower,IL-BC (behavior cloning)
0.36,66,2,3.4187,0.4996,120.0,0.6,follower,Classical-MPC
0.36,67,2,2.5788,0.2004,120.0,0.6,safety-sentry,DL-Transformer (coord)
0.36,68,2,2.5811,0.321,120.0,0.6,safety-sentry,Classical-MPC
0.36,69,2,2.5787,0.44,120.0,0.6,edge-relay,RL-PPO
0.36,70,2,2.6195,0.0786,120.0,0.6,follower,RL-SAC
0.36,71,2,2.7709,0.0804,120.0,0.6,edge-relay,RL-SAC
0.36,72,2,2.923,0.0813,120.0,0.6,follower,RL-PPO
0.36,73,2,3.0778,0.0807,120.0,0.6,follower,Classical-MPC
0.36,74,2,3.2304,0.0802,120.0,0.6,follower,RL-PPO
0.36,75,2,3.4187,0.0796,120.0,0.6,follower,DL-Transformer (coord)
0.36,76,5,3.8315,0.9211,120.0,0.6,follower,RL-PPO
0.36,77,5,3.9841,0.9189,120.0,0.6,follower,DL-CNN (vision)
0.36,78,5,4.1362,0.9189,120.0,0.6,follower,DL-CNN (vision)
0.36,79,5,4.2891,0.9195,120.0,0.6,follower,RL-SAC
0.36,80,5,4.4395,0.9193,120.0,0.6,follower,DL-Transformer (coord)
0.36,81,5,4.5938,0.9207,120.0,0.6,follower,DL-Transformer (coord)
0.36,82,5,3.8292,0.5294,120.0,0.6,follower,DL-CNN (vision)
0.36,83,5,3.8301,0.6396,120.0,0.6,follower,IL-BC (behavior cloning)
0.36,84,5,3.8307,0.7799,120.0,0.6,follower,RL-PPO
0.36,85,5,3.8297,0.8923,120.0,0.6,edge-relay,RL-SAC
0.36,86,5,3.9061,0.5013,120.0,0.6,follower,DL-CNN (vision)
0.36,87,5,4.0602,0.4987,120.0,0.6,follower,DL-CNN (vision)
0.36,88,5,4.2125,0.4999,120.0,0.6,follower,RL-SAC
0.36,89,5,4.3643,0.5003,120.0,0.6,edge-relay,Classical-MPC
0.36,90,5,4.5163,0.5008,120.0,0.6,follower,Classical-MPC
0.36,91,5,4.6686,0.4999,120.0,0.6,edge-relay,RL-PPO
0.36,92,5,4.6714,0.1989,120.0,0.6,safety-sentry,DL-CNN (vision)
0.36,93,5,4.6708,0.3189,120.0,0.6,leader,RL-SAC
0.36,94,5,4.6709,0.4395,120.0,0.6,edge-relay,DL-CNN (vision)
0.36,95,5,3.8673,0.0814,120.0,0.6,follower,RL-SAC
0.36,96,5,4.021,0.0796,120.0,0.6,follower,DL-Transformer (coord)
0.36,97,5,4.1739,0.0797,120.0,0.6,edge-relay,Classical-MPC
0.36,98,5,4.327,0.0805,120.0,0.6,follower,DL-CNN (vision)
0.36,99,5,4.4793,0.079,120.0,0.6,follower,DL-Transformer (coord)
0.36,100,5,4.6686,0.0799,120.0,0.6,follower,DL-Transformer (coord)
0.39999999999999997,1,2,0.0813,0.9187,120.0,0.6666666666666666,leader,RL-PPO
0.39999999999999997,2,2,0.2315,0.9204,120.0,0.6666666666666666,follower,DL-CNN (vision)
0.39999999999999997,3,2,0.3866,0.921,120.0,0.6666666666666666,follower,Classical-MPC
0.39999999999999997,4,2,0.5369,0.92,120.0,0.6666666666666666,follower,DL-CNN (vision)
0.39999999999999997,5,2,0.6921,0.9208,120.0,0.6666666666666666,safety-sentry,DL-Transformer (coord)
0.39999999999999997,6,2,0.8447,0.9201,120.0,0.6666666666666666,follower,IL-BC (behavior cloning)
0.39999999999999997,7,2,0.9213,0.5266,120.0,0.6666666666666666,follower,Classical-MPC
0.39999999999999997,8,2,0.92,0.6404,120.0,0.6666666666666666,leader,IL-BC (behavior cloning)
0.39999999999999997,9,2,0.9208,0.7786,120.0,0.6666666666666666,follower,RL-PPO
0.39999999999999997,10,2,0.9189,0.8922,120.0,0.6666666666666666,follower,DL-CNN (vision)
0.39999999999999997,11,2,0.1551,0.4989,120.0,0.6666666666666666,follower,DL-CNN (vision)
0.39999999999999997,12,2,0.3079,0.4986,120.0,0.6666666666666666,edge-relay,RL-PPO
0.39999999999999997,13,2,0.4626,0.4986,120.0,0.6666666666666666,follower,DL-Transformer (coord)
0.39999999999999997,14,2,0.6135,0.5002,120.0,0.6666666666666666,leader,DL-Transformer (coord)
0.39999999999999997,15,2,0.7664,0.5005,120.0,0.6666666666666666,follower,Classical-MPC
0.39999999999999997,16,2,0.9187,0.4996,120.0,0.6666666666666666,safety-sentry,Classical-MPC
0.39999999999999997,17,2,0.0788,0.2004,120.0,0.6666666666666666,follower,RL-PPO
0.39999999999999997,18,2,0.0811,0.321,120.0,0.6666666666666666,follower,RL-SAC
0.39999999999999997,19,2,0.0787,0.44,120.0,0.6666666666666666,safety-sentry,DL-Transformer (coord)
0.39999999999999997,20,2,0.1195,0.0786,120.0,0.6666666666666666,leader,RL-PPO
0.39999999999999997,21,2,0.2709,0.0804,120.0,0.6666666666666666,follower,RL-SAC
0.39999999999999997,22,2,0.423,0.0813,120.0,0.6666666666666666,safety-sentry,DL-Transformer (coord)
0.39999999999999997,23,2,0.5778,0.0807,120.0,0.6666666666666666,follower,RL-PPO
0.39999999999999997,24,2,0.7304,0.0802,120.0,0.6666666666666666,follower,IL-BC (behavior cloning)
0.39999999999999997,25,2,0.9187,0.0796,120.0,0.6666666666666666,safety-sentry,Classical-MPC
0.39999999999999997,26,0,1.3309,0.9202,120.0,0.6666666666666666,follower,RL-PPO
0.39999999999999997,27,0,1.4976,0.9209,120.0,0.6666666666666666,follower,DL-Transformer (coord)
0.39999999999999997,28,0,1.6666,0.919,120.0,0.6666666666666666,follower,IL-BC (behavior cloning)
0.39999999999999997,29,0,1.8331,0.9208,120.0,0.6666666666666666,follower,Classical-MPC
0.39999999999999997,30,0,2.0029,0.9191,120.0,0.6666666666666666,follower,RL-SAC
0.39999999999999997,31,0,2.1691000000000003,0.9204,120.0,0.6666666666666666,follower,RL-PPO
0.39999999999999997,32,0,2.1709,0.5888,120.0,0.6666666666666666,follower,Classical-MPC
0.39999999999999997,33,0,2.1711,0.7114,120.0,0.6666666666666666,follower,Classical-MPC
0.39999999999999997,34,0,2.1691000000000003,0.8608,120.0,0.6666666666666666,follower,RL-SAC
0.39999999999999997,35,0,2.1692,0.1118,120.0,0.6666666666666666,follower,DL-CNN (vision)
0.39999999999999997,36,0,2.1708,0.2419,120.0,0.6666666666666666,edge-relay,IL-BC (behavior cloning)
0.39999999999999997,37,0,2.1711,0.3698,120.0,0.6666666666666666,follower,Classical-MPC
0.39999999999999997,38,0,2.1687,0.4997,120.0,0.6666666666666666,follower,RL-PPO
0.39999999999999997,39,0,1.4569,0.0788,120.0,0.6666666666666666,follower,DL-Transformer (coord)
0.39999999999999997,40,0,1.6251,0.0814,120.0,0.6666666666666666,follower,Classical-MPC
0.39999999999999997,41,0,1.7917,0.0788,120.0,0.6666666666666666,follower,DL-Transformer (coord)
0.39999999999999997,42,0,2.0029,0.0791,120.0,0.6666666666666666,follower,RL-PPO
0.39999999999999997,43,0,2.1691000000000003,0.0804,120.0,0.6666666666666666,follower,RL-PPO
0.39999999999999997,44,0,1.3309,0.1757,120.0,0.6666666666666666,follower,RL-SAC
0.39999999999999997,45,0,1.3311,0.3076,120.0,0.6666666666666666,follower,Classical-MPC
0.39999999999999997,46,0,1.3296999999999999,0.4342,120.0,0.6666666666666666,follower,RL-PPO
0.39999999999999997,47,0,1.3292,0.5295,120.0,0.6666666666666666,follower,RL-PPO
0.39999999999999997,48,0,1.3308,0.6503,120.0,0.6666666666666666,safety-sentry,DL-CNN (vision)
0.39999999999999997,49,0,1.3311,0.769,120.0,0.6666666666666666,follower,RL-PPO
0.39999999999999997,50,0,1.3285,0.9199,120.0,0.6666666666666666,follower,RL-PPO
0.39999999999999997,51,2,2.5813,0.9187,120.0,0.6666666666666666,follower,RL-PPO
0.39999999999999997,52,2,2.7315,0.9204,120.0,0.6666666666666666,follower,DL-Transformer (coord)
0.39999999999999997,53,2,2.8866,0.921,120.0,0.6666666666666666,follower,IL-BC (behavior cloning)
0.39999999999999997,54,2,3.0369,0.92,120.0,0.6666666666666666,follower,DL-CNN (vision)
0.39999999999999997,55,2,3.1921,0.9208,120.0,0.6666666666666666,follower,RL-PPO
0.39999999999999997,56,2,3.3447,0.9201,120.0,0.6666666666666666,leader,DL-CNN (vision)
0.39999999999999997,57,2,3.4213,0.5266,120.0,0.6666666666666666,follower,DL-Transformer (coord)
0.39999999999999997,58,2,3.42,0.6404,120.0,0.6666666666666666,follower,Classical-MPC
0.39999999999999997,59,2,3.4208,0.7786,120.0,0.6666666666666666,follower,Classical-MPC
0.39999999999999997,60,2,3.4189,0.8922,120.0,0.6666666666666666,follower,RL-SAC
0.39999999999999997,61,2,2.6551,0.4989,120.0,0.6666666666666666,safety-sentry,RL-PPO
0.39999999999999997,62,2,2.8079,0.4986,120.0,0.6666666666666666,follower,Classical-MPC
0.39999999999999997,63,2,2.9626,0.4986,120.0,0.6666666666666666,leader,Classical-MPC
0.39999999999999997,64,2,3.1135,0.5002,120.0,0.6666666666666666,follower,DL-CNN (vision)
0.39999999999999997,65,2,3.2664,0.5005,120.0,0.6666666666666666,follower,IL-BC (behavior cloning)
0.39999999999999997,66,2,3.4187,0.4996,120.0,0.6666666666666666,follower,Classical-MPC
0.39999999999999997,67,2,2.5788,0.2004,120.0,0.6666666666666666,safety-sentry,DL-Transformer (coord)
0.39999999999999997,68,2,2.5811,0.321,120.0,0.6666666666666666,safety-sentry,Classical-MPC
0.39999999999999997,69,2,2.5787,0.44,120.0,0.6666666666666666,edge-relay,RL-PPO
0.39999999999999997,70,2,2.6195,0.0786,120.0,0.6666666666666666,follower,RL-SAC
0.39999999999999997,71,2,2.7709,0.0804,120.0,0.6666666666666666,edge-relay,RL-SAC
0.39999999999999997,72,2,2.923,0.0813,120.0,0.6666666666666666,follower,RL-PPO
0.39999999999999997,73,2,3.0778,0.0807,120.0,0.6666666666666666,follower,Classical-MPC
0.39999999999999997,74,2,3.2304,0.0802,120.0,0.6666666666666666,follower,RL-PPO
0.39999999999999997,75,2,3.4187,0.0796,120.0,0.6666666666666666,follower,DL-Transformer (coord)
0.39999999999999997,76,5,3.8315,0.9211,120.0,0.6666666666666666,follower,RL-PPO
0.39999999999999997,77,5,3.9841,0.9189,120.0,0.6666666666666666,follower,DL-CNN (vision)
0.39999999999999997,78,5,4.1362,0.9189,120.0,0.6666666666666666,follower,DL-CNN (vision)
0.39999999999999997,79,5,4.2891,0.9195,120.0,0.6666666666666666,follower,RL-SAC
0.39999999999999997,80,5,4.4395,0.9193,120.0,0.6666666666666666,follower,DL-Transformer (coord)
0.39999999999999997,81,5,4.5938,0.9207,120.0,0.6666666666666666,follower,DL-Transformer (coord)
0.39999999999999997,82,5,3.8292,0.5294,120.0,0.6666666666666666,follower,DL-CNN (vision)
0.39999999999999997,83,5,3.8301,0.6396,120.0,0.6666666666666666,follower,IL-BC (behavior cloning)
0.39999999999999997,84,5,3.8307,0.7799,120.0,0.6666666666666666,follower,RL-PPO
0.39999999999999997,85,5,3.8297,0.8923,120.0,0.6666666666666666,edge-relay,RL-SAC
0.39999999999999997,86,5,3.9061,0.5013,120.0,0.6666666666666666,follower,DL-CNN (vision)
0.39999999999999997,87,5,4.0602,0.4987,120.0,0.6666666666666666,follower,DL-CNN (vision)
0.39999999999999997,88,5,4.2125,0.4999,120.0,0.6666666666666666,follower,RL-SAC
0.39999999999999997,89,5,4.3643,0.5003,120.0,0.6666666666666666,edge-relay,Classical-MPC
0.39999999999999997,90,5,4.5163,0.5008,120.0,0.6666666666666666,follower,Classical-MPC
0.39999999999999997,91,5,4.6686,0.4999,120.0,0.6666666666666666,edge-relay,RL-PPO
0.39999999999999997,92,5,4.6714,0.1989,120.0,0.6666666666666666,safety-sentry,DL-CNN (vision)
0.39999999999999997,93,5,4.6708,0.3189,120.0,0.6666666666666666,leader,RL-SAC
0.39999999999999997,94,5,4.6709,0.4395,120.0,0.6666666666666666,edge-relay,DL-CNN (vision)
0.39999999999999997,95,5,3.8673,0.0814,120.0,0.6666666666666666,follower,RL-SAC
0.39999999999999997,96,5,4.021,0.0796,120.0,0.6666666666666666,follower,DL-Transformer (coord)
0.39999999999999997,97,5,4.1739,0.0797,120.0,0.6666666666666666,edge-relay,Classical-MPC
0.39999999999999997,98,5,4.327,0.0805,120.0,0.6666666666666666,follower,DL-CNN (vision)
0.39999999999999997,99,5,4.4793,0.079,120.0,0.6666666666666666,follower,DL-Transformer (coord)
0.39999999999999997,100,5,4.6686,0.0799,120.0,0.6666666666666666,follower,DL-Transformer (coord)
0.43999999999999995,1,2,0.0813,0.9187,120.0,0.7333333333333332,leader,RL-PPO
0.43999999999999995,2,2,0.2315,0.9204,120.0,0.7333333333333332,follower,DL-CNN (vision)
0.43999999999999995,3,2,0.3866,0.921,120.0,0.7333333333333332,follower,Classical-MPC
0.43999999999999995,4,2,0.5369,0.92,120.0,0.7333333333333332,follower,DL-CNN (vision)
0.43999999999999995,5,2,0.6921,0.9208,120.0,0.7333333333333332,safety-sentry,DL-Transformer (coord)
0.43999999999999995,6,2,0.8447,0.9201,120.0,0.7333333333333332,follower,IL-BC (behavior cloning)
0.43999999999999995,7,2,0.9213,0.5266,120.0,0.7333333333333332,follower,Classical-MPC
0.43999999999999995,8,2,0.92,0.6404,120.0,0.7333333333333332,leader,IL-BC (behavior cloning)
0.43999999999999995,9,2,0.9208,0.7786,120.0,0.7333333333333332,follower,RL-PPO
0.43999999999999995,10,2,0.9189,0.8922,120.0,0.7333333333333332,follower,DL-CNN (vision)
0.43999999999999995,11,2,0.1551,0.4989,120.0,0.7333333333333332,follower,DL-CNN (vision)
0.43999999999999995,12,2,0.3079,0.4986,120.0,0.7333333333333332,edge-relay,RL-PPO
0.43999999999999995,13,2,0.4626,0.4986,120.0,0.7333333333333332,follower,DL-Transformer (coord)
0.43999999999999995,14,2,0.6135,0.5002,120.0,0.7333333333333332,leader,DL-Transformer (coord)
0.43999999999999995,15,2,0.7664,0.5005,120.0,0.7333333333333332,follower,Classical-MPC
0.43999999999999995,16,2,0.9187,0.4996,120.0,0.7333333333333332,safety-sentry,Classical-MPC
0.43999999999999995,17,2,0.0788,0.2004,120.0,0.7333333333333332,follower,RL-PPO
0.43999999999999995,18,2,0.0811,0.321,120.0,0.7333333333333332,follower,RL-SAC
0.43999999999999995,19,2,0.0787,0.44,120.0,0.7333333333333332,safety-sentry,DL-Transformer (coord)
0.43999999999999995,20,2,0.1195,0.0786,120.0,0.7333333333333332,leader,RL-PPO
0.43999999999999995,21,2,0.2709,0.0804,120.0,0.7333333333333332,follower,RL-SAC
0.43999999999999995,22,2,0.423,0.0813,120.0,0.7333333333333332,safety-sentry,DL-Transformer (coord)
0.43999999999999995,23,2,0.5778,0.0807,120.0,0.7333333333333332,follower,RL-PPO
0.43999999999999995,24,2,0.7304,0.0802,120.0,0.7333333333333332,follower,IL-BC (behavior cloning)
0.43999999999999995,25,2,0.9187,0.0796,120.0,0.7333333333333332,safety-sentry,Classical-MPC
0.43999999999999995,26,0,1.3309,0.9202,120.0,0.7333333333333332,follower,RL-PPO
0.43999999999999995,27,0,1.4976,0.9209,120.0,0.7333333333333332,follower,DL-Transformer (coord)
0.43999999999999995,28,0,1.6666,0.919,120.0,0.7333333333333332,follower,IL-BC (behavior cloning)
0.43999999999999995,29,0,1.8331,0.9208,120.0,0.7333333333333332,follower,Classical-MPC
0.43999999999999995,30,0,2.0029,0.9191,120.0,0.7333333333333332,follower,RL-SAC
0.43999999999999995,31,0,2.1691000000000003,0.9204,120.0,0.7333333333333332,follower,RL-PPO
0.43999999999999995,32,0,2.1709,0.5888,120.0,0.7333333333333332,follower,Classical-MPC
0.43999999999999995,33,0,2.1711,0.7114,120.0,0.7333333333333332,follower,Classical-MPC
0.43999999999999995,34,0,2.1691000000000003,0.8608,120.0,0.7333333333333332,follower,RL-SAC
0.43999999999999995,35,0,2.1692,0.1118,120.0,0.7333333333333332,follower,DL-CNN (vision)
0.43999999999999995,36,0,2.1708,0.2419,120.0,0.7333333333333332,edge-relay,IL-BC (behavior cloning)
0.43999999999999995,37,0,2.1711,0.3698,120.0,0.7333333333333332,follower,Classical-MPC
0.43999999999999995,38,0,2.1687,0.4997,120.0,0.7333333333333332,follower,RL-PPO
0.43999999999999995,39,0,1.4569,0.0788,120.0,0.7333333333333332,follower,DL-Transformer (coord)
0.43999999999999995,40,0,1.6251,0.0814,120.0,0.7333333333333332,follower,Classical-MPC
0.43999999999999995,41,0,1.7917,0.0788,120.0,0.7333333333333332,follower,DL-Transformer (coord)
0.43999999999999995,42,0,2.0029,0.0791,120.0,0.7333333333333332,follower,RL-PPO
0.43999999999999995,43,0,2.1691000000000003,0.0804,120.0,0.7333333333333332,follower,RL-PPO
0.43999999999999995,44,0,1.3309,0.1757,120.0,0.7333333333333332,follower,RL-SAC
0.43999999999999995,45,0,1.3311,0.3076,120.0,0.7333333333333332,follower,Classical-MPC
0.43999999999999995,46,0,1.3296999999999999,0.4342,120.0,0.7333333333333332,follower,RL-PPO
0.43999999999999995,47,0,1.3292,0.5295,120.0,0.7333333333333332,follower,RL-PPO
0.43999999999999995,48,0,1.3308,0.6503,120.0,0.7333333333333332,safety-sentry,DL-CNN (vision)
0.43999999999999995,49,0,1.3311,0.769,120.0,0.7333333333333332,follower,RL-PPO
0.43999999999999995,50,0,1.3285,0.9199,120.0,0.7333333333333332,follower,RL-PPO
0.43999999999999995,51,2,2.5813,0.9187,120.0,0.7333333333333332,follower,RL-PPO
0.43999999999999995,52,2,2.7315,0.9204,120.0,0.7333333333333332,follower,DL-Transformer (coord)
0.43999999999999995,53,2,2.8866,0.921,120.0,0.7333333333333332,follower,IL-BC (behavior cloning)
0.43999999999999995,54,2,3.0369,0.92,120.0,0.7333333333333332,follower,DL-CNN (vision)
0.43999999999999995,55,2,3.1921,0.9208,120.0,0.7333333333333332,follower,RL-PPO
0.43999999999999995,56,2,3.3447,0.9201,120.0,0.7333333333333332,leader,DL-CNN (vision)
0.43999999999999995,57,2,3.4213,0.5266,120.0,0.7333333333333332,follower,DL-Transformer (coord)
0.43999999999999995,58,2,3.42,0.6404,120.0,0.7333333333333332,follower,Classical-MPC
0.43999999999999995,59,2,3.4208,0.7786,120.0,0.7333333333333332,follower,Classical-MPC
0.43999999999999995,60,2,3.4189,0.8922,120.0,0.7333333333333332,follower,RL-SAC
0.43999999999999995,61,2,2.6551,0.4989,120.0,0.7333333333333332,safety-sentry,RL-PPO
0.43999999999999995,62,2,2.8079,0.4986,120.0,0.7333333333333332,follower,Classical-MPC
0.43999999999999995,63,2,2.9626,0.4986,120.0,0.7333333333333332,leader,Classical-MPC
0.43999999999999995,64,2,3.1135,0.5002,120.0,0.7333333333333332,follower,DL-CNN (vision)
0.43999999999999995,65,2,3.2664,0.5005,120.0,0.7333333333333332,follower,IL-BC (behavior cloning)
0.43999999999999995,66,2,3.4187,0.4996,120.0,0.7333333333333332,follower,Classical-MPC
0.43999999999999995,67,2,2.5788,0.2004,120.0,0.7333333333333332,safety-sentry,DL-Transformer (coord)
0.43999999999999995,68,2,2.5811,0.321,120.0,0.7333333333333332,safety-sentry,Classical-MPC
0.43999999999999995,69,2,2.5787,0.44,120.0,0.7333333333333332,edge-relay,RL-PPO
0.43999999999999995,70,2,2.6195,0.0786,120.0,0.7333333333333332,follower,RL-SAC
0.43999999999999995,71,2,2.7709,0.0804,120.0,0.7333333333333332,edge-relay,RL-SAC
0.43999999999999995,72,2,2.923,0.0813,120.0,0.7333333333333332,follower,RL-PPO
0.43999999999999995,73,2,3.0778,0.0807,120.0,0.7333333333333332,follower,Classical-MPC
0.43999999999999995,74,2,3.2304,0.0802,120.0,0.7333333333333332,follower,RL-PPO
0.43999999999999995,75,2,3.4187,0.0796,120.0,0.7333333333333332,follower,DL-Transformer (coord)
0.43999999999999995,76,5,3.8315,0.9211,120.0,0.7333333333333332,follower,RL-PPO
0.43999999999999995,77,5,3.9841,0.9189,120.0,0.7333333333333332,follower,DL-CNN (vision)
0.43999999999999995,78,5,4.1362,0.9189,120.0,0.7333333333333332,follower,DL-CNN (vision)
0.43999999999999995,79,5,4.2891,0.9195,120.0,0.7333333333333332,follower,RL-SAC
0.43999999999999995,80,5,4.4395,0.9193,120.0,0.7333333333333332,follower,DL-Transformer (coord)
0.43999999999999995,81,5,4.5938,0.9207,120.0,0.7333333333333332,follower,DL-Transformer (coord)
0.43999999999999995,82,5,3.8292,0.5294,120.0,0.7333333333333332,follower,DL-CNN (vision)
0.43999999999999995,83,5,3.8301,0.6396,120.0,0.7333333333333332,follower,IL-BC (behavior cloning)
0.43999999999999995,84,5,3.8307,0.7799,120.0,0.7333333333333332,follower,RL-PPO
0.43999999999999995,85,5,3.8297,0.8923,120.0,0.7333333333333332,edge-relay,RL-SAC
0.43999999999999995,86,5,3.9061,0.5013,120.0,0.7333333333333332,follower,DL-CNN (vision)
0.43999999999999995,87,5,4.0602,0.4987,120.0,0.7333333333333332,follower,DL-CNN (vision)
0.43999999999999995,88,5,4.2125,0.4999,120.0,0.7333333333333332,follower,RL-SAC
0.43999999999999995,89,5,4.3643,0.5003,120.0,0.7333333333333332,edge-relay,Classical-MPC
0.43999999999999995,90,5,4.5163,0.5008,120.0,0.7333333333333332,follower,Classical-MPC
0.43999999999999995,91,5,4.6686,0.4999,120.0,0.7333333333333332,edge-relay,RL-PPO
0.43999999999999995,92,5,4.6714,0.1989,120.0,0.7333333333333332,safety-sentry,DL-CNN (vision)
0.43999999999999995,93,5,4.6708,0.3189,120.0,0.7333333333333332,leader,RL-SAC
0.43999999999999995,94,5,4.6709,0.4395,120.0,0.7333333333333332,edge-relay,DL-CNN (vision)
0.43999999999999995,95,5,3.8673,0.0814,120.0,0.7333333333333332,follower,RL-SAC
0.43999999999999995,96,5,4.021,0.0796,120.0,0.7333333333333332,follower,DL-Transformer (coord)
0.43999999999999995,97,5,4.1739,0.0797,120.0,0.7333333333333332,edge-relay,Classical-MPC
0.43999999999999995,98,5,4.327,0.0805,120.0,0.7333333333333332,follower,DL-CNN (vision)
0.43999999999999995,99,5,4.4793,0.079,120.0,0.7333333333333332,follower,DL-Transformer (coord)
0.43999999999999995,100,5,4.6686,0.0799,120.0,0.7333333333333332,follower,DL-Transformer (coord)
0.4799999999999999,1,2,0.0813,0.9187,120.0,0.7999999999999998,leader,RL-PPO
0.4799999999999999,2,2,0.2315,0.9204,120.0,0.7999999999999998,follower,DL-CNN (vision)
0.4799999999999999,3,2,0.3866,0.921,120.0,0.7999999999999998,follower,Classical-MPC
0.4799999999999999,4,2,0.5369,0.92,120.0,0.7999999999999998,follower,DL-CNN (vision)
0.4799999999999999,5,2,0.6921,0.9208,120.0,0.7999999999999998,safety-sentry,DL-Transformer (coord)
0.4799999999999999,6,2,0.8447,0.9201,120.0,0.7999999999999998,follower,IL-BC (behavior cloning)
0.4799999999999999,7,2,0.9213,0.5266,120.0,0.7999999999999998,follower,Classical-MPC
0.4799999999999999,8,2,0.92,0.6404,120.0,0.7999999999999998,leader,IL-BC (behavior cloning)
0.4799999999999999,9,2,0.9208,0.7786,120.0,0.7999999999999998,follower,RL-PPO
0.4799999999999999,10,2,0.9189,0.8922,120.0,0.7999999999999998,follower,DL-CNN (vision)
0.4799999999999999,11,2,0.1551,0.4989,120.0,0.7999999999999998,follower,DL-CNN (vision)
0.4799999999999999,12,2,0.3079,0.4986,120.0,0.7999999999999998,edge-relay,RL-PPO
0.4799999999999999,13,2,0.4626,0.4986,120.0,0.7999999999999998,follower,DL-Transformer (coord)
0.4799999999999999,14,2,0.6135,0.5002,120.0,0.7999999999999998,leader,DL-Transformer (coord)
0.4799999999999999,15,2,0.7664,0.5005,120.0,0.7999999999999998,follower,Classical-MPC
0.4799999999999999,16,2,0.9187,0.4996,120.0,0.7999999999999998,safety-sentry,Classical-MPC
0.4799999999999999,17,2,0.0788,0.2004,120.0,0.7999999999999998,follower,RL-PPO
0.4799999999999999,18,2,0.0811,0.321,120.0,0.7999999999999998,follower,RL-SAC
0.4799999999999999,19,2,0.0787,0.44,120.0,0.7999999999999998,safety-sentry,DL-Transformer (coord)
0.4799999999999999,20,2,0.1195,0.0786,120.0,0.7999999999999998,leader,RL-PPO
0.4799999999999999,21,2,0.2709,0.0804,120.0,0.7999999999999998,follower,RL-SAC
0.4799999999999999,22,2,0.423,0.0813,120.0,0.7999999999999998,safety-sentry,DL-Transformer (coord)
0.4799999999999999,23,2,0.5778,0.0807,120.0,0.7999999999999998,follower,RL-PPO
0.4799999999999999,24,2,0.7304,0.0802,120.0,0.7999999999999998,follower,IL-BC (behavior cloning)
0.4799999999999999,25,2,0.9187,0.0796,120.0,0.7999999999999998,safety-sentry,Classical-MPC
0.4799999999999999,26,0,1.3309,0.9202,120.0,0.7999999999999998,follower,RL-PPO
0.4799999999999999,27,0,1.4976,0.9209,120.0,0.7999999999999998,follower,DL-Transformer (coord)
0.4799999999999999,28,0,1.6666,0.919,120.0,0.7999999999999998,follower,IL-BC (behavior cloning)
0.4799999999999999,29,0,1.8331,0.9208,120.0,0.7999999999999998,follower,Classical-MPC
0.4799999999999999,30,0,2.0029,0.9191,120.0,0.7999999999999998,follower,RL-SAC
0.4799999999999999,31,0,2.1691000000000003,0.9204,120.0,0.7999999999999998,follower,RL-PPO
0.4799999999999999,32,0,2.1709,0.5888,120.0,0.7999999999999998,follower,Classical-MPC
0.4799999999999999,33,0,2.1711,0.7114,120.0,0.7999999999999998,follower,Classical-MPC
0.4799999999999999,34,0,2.1691000000000003,0.8608,120.0,0.7999999999999998,follower,RL-SAC
0.4799999999999999,35,0,2.1692,0.1118,120.0,0.7999999999999998,follower,DL-CNN (vision)
0.4799999999999999,36,0,2.1708,0.2419,120.0,0.7999999999999998,edge-relay,IL-BC (behavior cloning)
0.4799999999999999,37,0,2.1711,0.3698,120.0,0.7999999999999998,follower,Classical-MPC
0.4799999999999999,38,0,2.1687,0.4997,120.0,0.7999999999999998,follower,RL-PPO
0.4799999999999999,39,0,1.4569,0.0788,120.0,0.7999999999999998,follower,DL-Transformer (coord)
0.4799999999999999,40,0,1.6251,0.0814,120.0,0.7999999999999998,follower,Classical-MPC
0.4799999999999999,41,0,1.7917,0.0788,120.0,0.7999999999999998,follower,DL-Transformer (coord)
0.4799999999999999,42,0,2.0029,0.0791,120.0,0.7999999999999998,follower,RL-PPO
0.4799999999999999,43,0,2.1691000000000003,0.0804,120.0,0.7999999999999998,follower,RL-PPO
0.4799999999999999,44,0,1.3309,0.1757,120.0,0.7999999999999998,follower,RL-SAC
0.4799999999999999,45,0,1.3311,0.3076,120.0,0.7999999999999998,follower,Classical-MPC
0.4799999999999999,46,0,1.3296999999999999,0.4342,120.0,0.7999999999999998,follower,RL-PPO
0.4799999999999999,47,0,1.3292,0.5295,120.0,0.7999999999999998,follower,RL-PPO
0.4799999999999999,48,0,1.3308,0.6503,120.0,0.7999999999999998,safety-sentry,DL-CNN (vision)
0.4799999999999999,49,0,1.3311,0.769,120.0,0.7999999999999998,follower,RL-PPO
0.4799999999999999,50,0,1.3285,0.9199,120.0,0.7999999999999998,follower,RL-PPO
0.4799999999999999,51,2,2.5813,0.9187,120.0,0.7999999999999998,follower,RL-PPO
0.4799999999999999,52,2,2.7315,0.9204,120.0,0.7999999999999998,follower,DL-Transformer (coord)
0.4799999999999999,53,2,2.8866,0.921,120.0,0.7999999999999998,follower,IL-BC (behavior cloning)
0.4799999999999999,54,2,3.0369,0.92,120.0,0.7999999999999998,follower,DL-CNN (vision)
0.4799999999999999,55,2,3.1921,0.9208,120.0,0.7999999999999998,follower,RL-PPO
0.4799999999999999,56,2,3.3447,0.9201,120.0,0.7999999999999998,leader,DL-CNN (vision)
0.4799999999999999,57,2,3.4213,0.5266,120.0,0.7999999999999998,follower,DL-Transformer (coord)
0.4799999999999999,58,2,3.42,0.6404,120.0,0.7999999999999998,follower,Classical-MPC
0.4799999999999999,59,2,3.4208,0.7786,120.0,0.7999999999999998,follower,Classical-MPC
0.4799999999999999,60,2,3.4189,0.8922,120.0,0.7999999999999998,follower,RL-SAC
0.4799999999999999,61,2,2.6551,0.4989,120.0,0.7999999999999998,safety-sentry,RL-PPO
0.4799999999999999,62,2,2.8079,0.4986,120.0,0.7999999999999998,follower,Classical-MPC
0.4799999999999999,63,2,2.9626,0.4986,120.0,0.7999999999999998,leader,Classical-MPC
0.4799999999999999,64,2,3.1135,0.5002,120.0,0.7999999999999998,follower,DL-CNN (vision)
0.4799999999999999,65,2,3.2664,0.5005,120.0,0.7999999999999998,follower,IL-BC (behavior cloning)
0.4799999999999999,66,2,3.4187,0.4996,120.0,0.7999999999999998,follower,Classical-MPC
0.4799999999999999,67,2,2.5788,0.2004,120.0,0.7999999999999998,safety-sentry,DL-Transformer (coord)
0.4799999999999999,68,2,2.5811,0.321,120.0,0.7999999999999998,safety-sentry,Classical-MPC
0.4799999999999999,69,2,2.5787,0.44,120.0,0.7999999999999998,edge-relay,RL-PPO
0.4799999999999999,70,2,2.6195,0.0786,120.0,0.7999999999999998,follower,RL-SAC
0.4799999999999999,71,2,2.7709,0.0804,120.0,0.7999999999999998,edge-relay,RL-SAC
0.4799999999999999,72,2,2.923,0.0813,120.0,0.7999999999999998,follower,RL-PPO
0.4799999999999999,73,2,3.0778,0.0807,120.0,0.7999999999999998,follower,Classical-MPC
0.4799999999999999,74,2,3.2304,0.0802,120.0,0.7999999999999998,follower,RL-PPO
0.4799999999999999,75,2,3.4187,0.0796,120.0,0.7999999999999998,follower,DL-Transformer (coord)
0.4799999999999999,76,5,3.8315,0.9211,120.0,0.7999999999999998,follower,RL-PPO
0.4799999999999999,77,5,3.9841,0.9189,120.0,0.7999999999999998,follower,DL-CNN (vision)
0.4799999999999999,78,5,4.1362,0.9189,120.0,0.7999999999999998,follower,DL-CNN (vision)
0.4799999999999999,79,5,4.2891,0.9195,120.0,0.7999999999999998,follower,RL-SAC
0.4799999999999999,80,5,4.4395,0.9193,120.0,0.7999999999999998,follower,DL-Transformer (coord)
0.4799999999999999,81,5,4.5938,0.9207,120.0,0.7999999999999998,follower,DL-Transformer (coord)
0.4799999999999999,82,5,3.8292,0.5294,120.0,0.7999999999999998,follower,DL-CNN (vision)
0.4799999999999999,83,5,3.8301,0.6396,120.0,0.7999999999999998,follower,IL-BC (behavior cloning)
0.4799999999999999,84,5,3.8307,0.7799,120.0,0.7999999999999998,follower,RL-PPO
0.4799999999999999,85,5,3.8297,0.8923,120.0,0.7999999999999998,edge-relay,RL-SAC
0.4799999999999999,86,5,3.9061,0.5013,120.0,0.7999999999999998,follower,DL-CNN (vision)
0.4799999999999999,87,5,4.0602,0.4987,120.0,0.7999999999999998,follower,DL-CNN (vision)
0.4799999999999999,88,5,4.2125,0.4999,120.0,0.7999999999999998,follower,RL-SAC
0.4799999999999999,89,5,4.3643,0.5003,120.0,0.7999999999999998,edge-relay,Classical-MPC
0.4799999999999999,90,5,4.5163,0.5008,120.0,0.7999999999999998,follower,Classical-MPC
0.4799999999999999,91,5,4.6686,0.4999,120.0,0.7999999999999998,edge-relay,RL-PPO
0.4799999999999999,92,5,4.6714,0.1989,120.0,0.7999999999999998,safety-sentry,DL-CNN (vision)
0.4799999999999999,93,5,4.6708,0.3189,120.0,0.7999999999999998,leader,RL-SAC
0.4799999999999999,94,5,4.6709,0.4395,120.0,0.7999999999999998,edge-relay,DL-CNN (vision)
0.4799999999999999,95,5,3.8673,0.0814,120.0,0.7999999999999998,follower,RL-SAC
0.4799999999999999,96,5,4.021,0.0796,120.0,0.7999999999999998,follower,DL-Transformer (coord)
0.4799999999999999,97,5,4.1739,0.0797,120.0,0.7999999999999998,edge-relay,Classical-MPC
0.4799999999999999,98,5,4.327,0.0805,120.0,0.7999999999999998,follower,DL-CNN (vision)
0.4799999999999999,99,5,4.4793,0.079,120.0,0.7999999999999998,follower,DL-Transformer (coord)
0.4799999999999999,100,5,4.6686,0.0799,120.0,0.7999999999999998,follower,DL-Transformer (coord)
0.5199999999999999,1,2,0.0813,0.9187,120.0,0.8666666666666665,leader,RL-PPO
0.5199999999999999,2,2,0.2315,0.9204,120.0,0.8666666666666665,follower,DL-CNN (vision)
0.5199999999999999,3,2,0.3866,0.921,120.0,0.8666666666666665,follower,Classical-MPC
0.5199999999999999,4,2,0.5369,0.92,120.0,0.8666666666666665,follower,DL-CNN (vision)
0.5199999999999999,5,2,0.6921,0.9208,120.0,0.8666666666666665,safety-sentry,DL-Transformer (coord)
0.5199999999999999,6,2,0.8447,0.9201,120.0,0.8666666666666665,follower,IL-BC (behavior cloning)
0.5199999999999999,7,2,0.9213,0.5266,120.0,0.8666666666666665,follower,Classical-MPC
0.5199999999999999,8,2,0.92,0.6404,120.0,0.8666666666666665,leader,IL-BC (behavior cloning)
0.5199999999999999,9,2,0.9208,0.7786,120.0,0.8666666666666665,follower,RL-PPO
0.5199999999999999,10,2,0.9189,0.8922,120.0,0.8666666666666665,follower,DL-CNN (vision)
0.5199999999999999,11,2,0.1551,0.4989,120.0,0.8666666666666665,follower,DL-CNN (vision)
0.5199999999999999,12,2,0.3079,0.4986,120.0,0.8666666666666665,edge-relay,RL-PPO
0.5199999999999999,13,2,0.4626,0.4986,120.0,0.8666666666666665,follower,DL-Transformer (coord)
0.5199999999999999,14,2,0.6135,0.5002,120.0,0.8666666666666665,leader,DL-Transformer (coord)
0.5199999999999999,15,2,0.7664,0.5005,120.0,0.8666666666666665,follower,Classical-MPC
0.5199999999999999,16,2,0.9187,0.4996,120.0,0.8666666666666665,safety-sentry,Classical-MPC
0.5199999999999999,17,2,0.0788,0.2004,120.0,0.8666666666666665,follower,RL-PPO
0.5199999999999999,18,2,0.0811,0.321,120.0,0.8666666666666665,follower,RL-SAC
0.5199999999999999,19,2,0.0787,0.44,120.0,0.8666666666666665,safety-sentry,DL-Transformer (coord)
0.5199999999999999,20,2,0.1195,0.0786,120.0,0.8666666666666665,leader,RL-PPO
0.5199999999999999,21,2,0.2709,0.0804,120.0,0.8666666666666665,follower,RL-SAC
0.5199999999999999,22,2,0.423,0.0813,120.0,0.8666666666666665,safety-sentry,DL-Transformer (coord)
0.5199999999999999,23,2,0.5778,0.0807,120.0,0.8666666666666665,follower,RL-PPO
0.5199999999999999,24,2,0.7304,0.0802,120.0,0.8666666666666665,follower,IL-BC (behavior cloning)
0.5199999999999999,25,2,0.9187,0.0796,120.0,0.8666666666666665,safety-sentry,Classical-MPC
0.5199999999999999,26,0,1.3309,0.9202,120.0,0.8666666666666665,follower,RL-PPO
0.5199999999999999,27,0,1.4976,0.9209,120.0,0.8666666666666665,follower,DL-Transformer (coord)
0.5199999999999999,28,0,1.6666,0.919,120.0,0.8666666666666665,follower,IL-BC (behavior cloning)
0.5199999999999999,29,0,1.8331,0.9208,120.0,0.8666666666666665,follower,Classical-MPC
0.5199999999999999,30,0,2.0029,0.9191,120.0,0.8666666666666665,follower,RL-SAC
0.5199999999999999,31,0,2.1691000000000003,0.9204,120.0,0.8666666666666665,follower,RL-PPO
0.5199999999999999,32,0,2.1709,0.5888,120.0,0.8666666666666665,follower,Classical-MPC
0.5199999999999999,33,0,2.1711,0.7114,120.0,0.8666666666666665,follower,Classical-MPC
0.5199999999999999,34,0,2.1691000000000003,0.8608,120.0,0.8666666666666665,follower,RL-SAC
0.5199999999999999,35,0,2.1692,0.1118,120.0,0.8666666666666665,follower,DL-CNN (vision)
0.5199999999999999,36,0,2.1708,0.2419,120.0,0.8666666666666665,edge-relay,IL-BC (behavior cloning)
0.5199999999999999,37,0,2.1711,0.3698,120.0,0.8666666666666665,follower,Classical-MPC
0.5199999999999999,38,0,2.1687,0.4997,120.0,0.8666666666666665,follower,RL-PPO
0.5199999999999999,39,0,1.4569,0.0788,120.0,0.8666666666666665,follower,DL-Transformer (coord)
0.5199999999999999,40,0,1.6251,0.0814,120.0,0.8666666666666665,follower,Classical-MPC
0.5199999999999999,41,0,1.7917,0.0788,120.0,0.8666666666666665,follower,DL-Transformer (coord)
0.5199999999999999,42,0,2.0029,0.0791,120.0,0.8666666666666665,follower,RL-PPO
0.5199999999999999,43,0,2.1691000000000003,0.0804,120.0,0.8666666666666665,follower,RL-PPO
0.5199999999999999,44,0,1.3309,0.1757,120.0,0.8666666666666665,follower,RL-SAC
0.5199999999999999,45,0,1.3311,0.3076,120.0,0.8666666666666665,follower,Classical-MPC
0.5199999999999999,46,0,1.3296999999999999,0.4342,120.0,0.8666666666666665,follower,RL-PPO
0.5199999999999999,47,0,1.3292,0.5295,120.0,0.8666666666666665,follower,RL-PPO
0.5199999999999999,48,0,1.3308,0.6503,120.0,0.8666666666666665,safety-sentry,DL-CNN (vision)
0.5199999999999999,49,0,1.3311,0.769,120.0,0.8666666666666665,follower,RL-PPO
0.5199999999999999,50,0,1.3285,0.9199,120.0,0.8666666666666665,follower,RL-PPO
0.5199999999999999,51,2,2.5813,0.9187,120.0,0.8666666666666665,follower,RL-PPO
0.5199999999999999,52,2,2.7315,0.9204,120.0,0.8666666666666665,follower,DL-Transformer (coord)
0.5199999999999999,53,2,2.8866,0.921,120.0,0.8666666666666665,follower,IL-BC (behavior cloning)
0.5199999999999999,54,2,3.0369,0.92,120.0,0.8666666666666665,follower,DL-CNN (vision)
0.5199999999999999,55,2,3.1921,0.9208,120.0,0.8666666666666665,follower,RL-PPO
0.5199999999999999,56,2,3.3447,0.9201,120.0,0.8666666666666665,leader,DL-CNN (vision)
0.5199999999999999,57,2,3.4213,0.5266,120.0,0.8666666666666665,follower,DL-Transformer (coord)
0.5199999999999999,58,2,3.42,0.6404,120.0,0.8666666666666665,follower,Classical-MPC
0.5199999999999999,59,2,3.4208,0.7786,120.0,0.8666666666666665,follower,Classical-MPC
0.5199999999999999,60,2,3.4189,0.8922,120.0,0.8666666666666665,follower,RL-SAC
0.5199999999999999,61,2,2.6551,0.4989,120.0,0.8666666666666665,safety-sentry,RL-PPO
0.5199999999999999,62,2,2.8079,0.4986,120.0,0.8666666666666665,follower,Classical-MPC
0.5199999999999999,63,2,2.9626,0.4986,120.0,0.8666666666666665,leader,Classical-MPC
0.5199999999999999,64,2,3.1135,0.5002,120.0,0.8666666666666665,follower,DL-CNN (vision)
0.5199999999999999,65,2,3.2664,0.5005,120.0,0.8666666666666665,follower,IL-BC (behavior cloning)
0.5199999999999999,66,2,3.4187,0.4996,120.0,0.8666666666666665,follower,Classical-MPC
0.5199999999999999,67,2,2.5788,0.2004,120.0,0.8666666666666665,safety-sentry,DL-Transformer (coord)
0.5199999999999999,68,2,2.5811,0.321,120.0,0.8666666666666665,safety-sentry,Classical-MPC
0.5199999999999999,69,2,2.5787,0.44,120.0,0.8666666666666665,edge-relay,RL-PPO
0.5199999999999999,70,2,2.6195,0.0786,120.0,0.8666666666666665,follower,RL-SAC
0.5199999999999999,71,2,2.7709,0.0804,120.0,0.8666666666666665,edge-relay,RL-SAC
0.5199999999999999,72,2,2.923,0.0813,120.0,0.8666666666666665,follower,RL-PPO
0.5199999999999999,73,2,3.0778,0.0807,120.0,0.8666666666666665,follower,Classical-MPC
0.5199999999999999,74,2,3.2304,0.0802,120.0,0.8666666666666665,follower,RL-PPO
0.5199999999999999,75,2,3.4187,0.0796,120.0,0.8666666666666665,follower,DL-Transformer (coord)
0.5199999999999999,76,5,3.8315,0.9211,120.0,0.8666666666666665,follower,RL-PPO
0.5199999999999999,77,5,3.9841,0.9189,120.0,0.8666666666666665,follower,DL-CNN (vision)
0.5199999999999999,78,5,4.1362,0.9189,120.0,0.8666666666666665,follower,DL-CNN (vision)
0.5199999999999999,79,5,4.2891,0.9195,120.0,0.8666666666666665,follower,RL-SAC
0.5199999999999999,80,5,4.4395,0.9193,120.0,0.8666666666666665,follower,DL-Transformer (coord)
0.5199999999999999,81,5,4.5938,0.9207,120.0,0.8666666666666665,follower,DL-Transformer (coord)
0.5199999999999999,82,5,3.8292,0.5294,120.0,0.8666666666666665,follower,DL-CNN (vision)
0.5199999999999999,83,5,3.8301,0.6396,120.0,0.8666666666666665,follower,IL-BC (behavior cloning)
0.5199999999999999,84,5,3.8307,0.7799,120.0,0.8666666666666665,follower,RL-PPO
0.5199999999999999,85,5,3.8297,0.8923,120.0,0.8666666666666665,edge-relay,RL-SAC
0.5199999999999999,86,5,3.9061,0.5013,120.0,0.8666666666666665,follower,DL-CNN (vision)
0.5199999999999999,87,5,4.0602,0.4987,120.0,0.8666666666666665,follower,DL-CNN (vision)
0.5199999999999999,88,5,4.2125,0.4999,120.0,0.8666666666666665,follower,RL-SAC
0.5199999999999999,89,5,4.3643,0.5003,120.0,0.8666666666666665,edge-relay,Classical-MPC
0.5199999999999999,90,5,4.5163,0.5008,120.0,0.8666666666666665,follower,Classical-MPC
0.5199999999999999,91,5,4.6686,0.4999,120.0,0.8666666666666665,edge-relay,RL-PPO
0.5199999999999999,92,5,4.6714,0.1989,120.0,0.8666666666666665,safety-sentry,DL-CNN (vision)
0.5199999999999999,93,5,4.6708,0.3189,120.0,0.8666666666666665,leader,RL-SAC
0.5199999999999999,94,5,4.6709,0.4395,120.0,0.8666666666666665,edge-relay,DL-CNN (vision)
0.5199999999999999,95,5,3.8673,0.0814,120.0,0.8666666666666665,follower,RL-SAC
0.5199999999999999,96,5,4.021,0.0796,120.0,0.8666666666666665,follower,DL-Transformer (coord)
0.5199999999999999,97,5,4.1739,0.0797,120.0,0.8666666666666665,edge-relay,Classical-MPC
0.5199999999999999,98,5,4.327,0.0805,120.0,0.8666666666666665,follower,DL-CNN (vision)
0.5199999999999999,99,5,4.4793,0.079,120.0,0.8666666666666665,follower,DL-Transformer (coord)
0.5199999999999999,100,5,4.6686,0.0799,120.0,0.8666666666666665,follower,DL-Transformer (coord)
0.5599999999999999,1,2,0.0813,0.9187,120.0,0.9333333333333332,leader,RL-PPO
0.5599999999999999,2,2,0.2315,0.9204,120.0,0.9333333333333332,follower,DL-CNN (vision)
0.5599999999999999,3,2,0.3866,0.921,120.0,0.9333333333333332,follower,Classical-MPC
0.5599999999999999,4,2,0.5369,0.92,120.0,0.9333333333333332,follower,DL-CNN (vision)
0.5599999999999999,5,2,0.6921,0.9208,120.0,0.9333333333333332,safety-sentry,DL-Transformer (coord)
0.5599999999999999,6,2,0.8447,0.9201,120.0,0.9333333333333332,follower,IL-BC (behavior cloning)
0.5599999999999999,7,2,0.9213,0.5266,120.0,0.9333333333333332,follower,Classical-MPC
0.5599999999999999,8,2,0.92,0.6404,120.0,0.9333333333333332,leader,IL-BC (behavior cloning)
0.5599999999999999,9,2,0.9208,0.7786,120.0,0.9333333333333332,follower,RL-PPO
0.5599999999999999,10,2,0.9189,0.8922,120.0,0.9333333333333332,follower,DL-CNN (vision)
0.5599999999999999,11,2,0.1551,0.4989,120.0,0.9333333333333332,follower,DL-CNN (vision)
0.5599999999999999,12,2,0.3079,0.4986,120.0,0.9333333333333332,edge-relay,RL-PPO
0.5599999999999999,13,2,0.4626,0.4986,120.0,0.9333333333333332,follower,DL-Transformer (coord)
0.5599999999999999,14,2,0.6135,0.5002,120.0,0.9333333333333332,leader,DL-Transformer (coord)
0.5599999999999999,15,2,0.7664,0.5005,120.0,0.9333333333333332,follower,Classical-MPC
0.5599999999999999,16,2,0.9187,0.4996,120.0,0.9333333333333332,safety-sentry,Classical-MPC
0.5599999999999999,17,2,0.0788,0.2004,120.0,0.9333333333333332,follower,RL-PPO
0.5599999999999999,18,2,0.0811,0.321,120.0,0.9333333333333332,follower,RL-SAC
0.5599999999999999,19,2,0.0787,0.44,120.0,0.9333333333333332,safety-sentry,DL-Transformer (coord)
0.5599999999999999,20,2,0.1195,0.0786,120.0,0.9333333333333332,leader,RL-PPO
0.5599999999999999,21,2,0.2709,0.0804,120.0,0.9333333333333332,follower,RL-SAC
0.5599999999999999,22,2,0.423,0.0813,120.0,0.9333333333333332,safety-sentry,DL-Transformer (coord)
0.5599999999999999,23,2,0.5778,0.0807,120.0,0.9333333333333332,follower,RL-PPO
0.5599999999999999,24,2,0.7304,0.0802,120.0,0.9333333333333332,follower,IL-BC (behavior cloning)
0.5599999999999999,25,2,0.9187,0.0796,120.0,0.9333333333333332,safety-sentry,Classical-MPC
0.5599999999999999,26,0,1.3309,0.9202,120.0,0.9333333333333332,follower,RL-PPO
0.5599999999999999,27,0,1.4976,0.9209,120.0,0.9333333333333332,follower,DL-Transformer (coord)
0.5599999999999999,28,0,1.6666,0.919,120.0,0.9333333333333332,follower,IL-BC (behavior cloning)
0.5599999999999999,29,0,1.8331,0.9208,120.0,0.9333333333333332,follower,Classical-MPC
0.5599999999999999,30,0,2.0029,0.9191,120.0,0.9333333333333332,follower,RL-SAC
0.5599999999999999,31,0,2.1691000000000003,0.9204,120.0,0.9333333333333332,follower,RL-PPO
0.5599999999999999,32,0,2.1709,0.5888,120.0,0.9333333333333332,follower,Classical-MPC
0.5599999999999999,33,0,2.1711,0.7114,120.0,0.9333333333333332,follower,Classical-MPC
0.5599999999999999,34,0,2.1691000000000003,0.8608,120.0,0.9333333333333332,follower,RL-SAC
0.5599999999999999,35,0,2.1692,0.1118,120.0,0.9333333333333332,follower,DL-CNN (vision)
0.5599999999999999,36,0,2.1708,0.2419,120.0,0.9333333333333332,edge-relay,IL-BC (behavior cloning)
0.5599999999999999,37,0,2.1711,0.3698,120.0,0.9333333333333332,follower,Classical-MPC
0.5599999999999999,38,0,2.1687,0.4997,120.0,0.9333333333333332,follower,RL-PPO
0.5599999999999999,39,0,1.4569,0.0788,120.0,0.9333333333333332,follower,DL-Transformer (coord)
0.5599999999999999,40,0,1.6251,0.0814,120.0,0.9333333333333332,follower,Classical-MPC
0.5599999999999999,41,0,1.7917,0.0788,120.0,0.9333333333333332,follower,DL-Transformer (coord)
0.5599999999999999,42,0,2.0029,0.0791,120.0,0.9333333333333332,follower,RL-PPO
0.5599999999999999,43,0,2.1691000000000003,0.0804,120.0,0.9333333333333332,follower,RL-PPO
0.5599999999999999,44,0,1.3309,0.1757,120.0,0.9333333333333332,follower,RL-SAC
0.5599999999999999,45,0,1.3311,0.3076,120.0,0.9333333333333332,follower,Classical-MPC
0.5599999999999999,46,0,1.3296999999999999,0.4342,120.0,0.9333333333333332,follower,RL-PPO
0.5599999999999999,47,0,1.3292,0.5295,120.0,0.9333333333333332,follower,RL-PPO
0.5599999999999999,48,0,1.3308,0.6503,120.0,0.9333333333333332,safety-sentry,DL-CNN (vision)
0.5599999999999999,49,0,1.3311,0.769,120.0,0.9333333333333332,follower,RL-PPO
0.5599999999999999,50,0,1.3285,0.9199,120.0,0.9333333333333332,follower,RL-PPO
0.5599999999999999,51,2,2.5813,0.9187,120.0,0.9333333333333332,follower,RL-PPO
0.5599999999999999,52,2,2.7315,0.9204,120.0,0.9333333333333332,follower,DL-Transformer (coord)
0.5599999999999999,53,2,2.8866,0.921,120.0,0.9333333333333332,follower,IL-BC (behavior cloning)
0.5599999999999999,54,2,3.0369,0.92,120.0,0.9333333333333332,follower,DL-CNN (vision)
0.5599999999999999,55,2,3.1921,0.9208,120.0,0.9333333333333332,follower,RL-PPO
0.5599999999999999,56,2,3.3447,0.9201,120.0,0.9333333333333332,leader,DL-CNN (vision)
0.5599999999999999,57,2,3.4213,0.5266,120.0,0.9333333333333332,follower,DL-Transformer (coord)
0.5599999999999999,58,2,3.42,0.6404,120.0,0.9333333333333332,follower,Classical-MPC
0.5599999999999999,59,2,3.4208,0.7786,120.0,0.9333333333333332,follower,Classical-MPC
0.5599999999999999,60,2,3.4189,0.8922,120.0,0.9333333333333332,follower,RL-SAC
0.5599999999999999,61,2,2.6551,0.4989,120.0,0.9333333333333332,safety-sentry,RL-PPO
0.5599999999999999,62,2,2.8079,0.4986,120.0,0.9333333333333332,follower,Classical-MPC
0.5599999999999999,63,2,2.9626,0.4986,120.0,0.9333333333333332,leader,Classical-MPC
0.5599999999999999,64,2,3.1135,0.5002,120.0,0.9333333333333332,follower,DL-CNN (vision)
0.5599999999999999,65,2,3.2664,0.5005,120.0,0.9333333333333332,follower,IL-BC (behavior cloning)
0.5599999999999999,66,2,3.4187,0.4996,120.0,0.9333333333333332,follower,Classical-MPC
0.5599999999999999,67,2,2.5788,0.2004,120.0,0.9333333333333332,safety-sentry,DL-Transformer (coord)
0.5599999999999999,68,2,2.5811,0.321,120.0,0.9333333333333332,safety-sentry,Classical-MPC
0.5599999999999999,69,2,2.5787,0.44,120.0,0.9333333333333332,edge-relay,RL-PPO
0.5599999999999999,70,2,2.6195,0.0786,120.0,0.9333333333333332,follower,RL-SAC
0.5599999999999999,71,2,2.7709,0.0804,120.0,0.9333333333333332,edge-relay,RL-SAC
0.5599999999999999,72,2,2.923,0.0813,120.0,0.9333333333333332,follower,RL-PPO
0.5599999999999999,73,2,3.0778,0.0807,120.0,0.9333333333333332,follower,Classical-MPC
0.5599999999999999,74,2,3.2304,0.0802,120.0,0.9333333333333332,follower,RL-PPO
0.5599999999999999,75,2,3.4187,0.0796,120.0,0.9333333333333332,follower,DL-Transformer (coord)
0.5599999999999999,76,5,3.8315,0.9211,120.0,0.9333333333333332,follower,RL-PPO
0.5599999999999999,77,5,3.9841,0.9189,120.0,0.9333333333333332,follower,DL-CNN (vision)
0.5599999999999999,78,5,4.1362,0.9189,120.0,0.9333333333333332,follower,DL-CNN (vision)
0.5599999999999999,79,5,4.2891,0.9195,120.0,0.9333333333333332,follower,RL-SAC
0.5599999999999999,80,5,4.4395,0.9193,120.0,0.9333333333333332,follower,DL-Transformer (coord)
0.5599999999999999,81,5,4.5938,0.9207,120.0,0.9333333333333332,follower,DL-Transformer (coord)
0.5599999999999999,82,5,3.8292,0.5294,120.0,0.9333333333333332,follower,DL-CNN (vision)
0.5599999999999999,83,5,3.8301,0.6396,120.0,0.9333333333333332,follower,IL-BC (behavior cloning)
0.5599999999999999,84,5,3.8307,0.7799,120.0,0.9333333333333332,follower,RL-PPO
0.5599999999999999,85,5,3.8297,0.8923,120.0,0.9333333333333332,edge-relay,RL-SAC
0.5599999999999999,86,5,3.9061,0.5013,120.0,0.9333333333333332,follower,DL-CNN (vision)
0.5599999999999999,87,5,4.0602,0.4987,120.0,0.9333333333333332,follower,DL-CNN (vision)
0.5599999999999999,88,5,4.2125,0.4999,120.0,0.9333333333333332,follower,RL-SAC
0.5599999999999999,89,5,4.3643,0.5003,120.0,0.9333333333333332,edge-relay,Classical-MPC
0.5599999999999999,90,5,4.5163,0.5008,120.0,0.9333333333333332,follower,Classical-MPC
0.5599999999999999,91,5,4.6686,0.4999,120.0,0.9333333333333332,edge-relay,RL-PPO
0.5599999999999999,92,5,4.6714,0.1989,120.0,0.9333333333333332,safety-sentry,DL-CNN (vision)
0.5599999999999999,93,5,4.6708,0.3189,120.0,0.9333333333333332,leader,RL-SAC
0.5599999999999999,94,5,4.6709,0.4395,120.0,0.9333333333333332,edge-relay,DL-CNN (vision)
0.5599999999999999,95,5,3.8673,0.0814,120.0,0.9333333333333332,follower,RL-SAC
0.5599999999999999,96,5,4.021,0.0796,120.0,0.9333333333333332,follower,DL-Transformer (coord)
0.5599999999999999,97,5,4.1739,0.0797,120.0,0.9333333333333332,edge-relay,Classical-MPC
0.5599999999999999,98,5,4.327,0.0805,120.0,0.9333333333333332,follower,DL-CNN (vision)
0.5599999999999999,99,5,4.4793,0.079,120.0,0.9333333333333332,follower,DL-Transformer (coord)
0.5599999999999999,100,5,4.6686,0.0799,120.0,0.9333333333333332,follower,DL-Transformer (coord)
0.6,1,2,0.0813,0.9187,120.0,0.9999999999999999,leader,RL-PPO
0.6,2,2,0.2315,0.9204,120.0,0.9999999999999999,follower,DL-CNN (vision)
0.6,3,2,0.3866,0.921,120.0,0.9999999999999999,follower,Classical-MPC
0.6,4,2,0.5369,0.92,120.0,0.9999999999999999,follower,DL-CNN (vision)
0.6,5,2,0.6921,0.9208,120.0,0.9999999999999999,safety-sentry,DL-Transformer (coord)
0.6,6,2,0.8447,0.9201,120.0,0.9999999999999999,follower,IL-BC (behavior cloning)
0.6,7,2,0.9213,0.5266,120.0,0.9999999999999999,follower,Classical-MPC
0.6,8,2,0.92,0.6404,120.0,0.9999999999999999,leader,IL-BC (behavior cloning)
0.6,9,2,0.9208,0.7786,120.0,0.9999999999999999,follower,RL-PPO
0.6,10,2,0.9189,0.8922,120.0,0.9999999999999999,follower,DL-CNN (vision)
0.6,11,2,0.1551,0.4989,120.0,0.9999999999999999,follower,DL-CNN (vision)
0.6,12,2,0.3079,0.4986,120.0,0.9999999999999999,edge-relay,RL-PPO
0.6,13,2,0.4626,0.4986,120.0,0.9999999999999999,follower,DL-Transformer (coord)
0.6,14,2,0.6135,0.5002,120.0,0.9999999999999999,leader,DL-Transformer (coord)
0.6,15,2,0.7664,0.5005,120.0,0.9999999999999999,follower,Classical-MPC
0.6,16,2,0.9187,0.4996,120.0,0.9999999999999999,safety-sentry,Classical-MPC
0.6,17,2,0.0788,0.2004,120.0,0.9999999999999999,follower,RL-PPO
0.6,18,2,0.0811,0.321,120.0,0.9999999999999999,follower,RL-SAC
0.6,19,2,0.0787,0.44,120.0,0.9999999999999999,safety-sentry,DL-Transformer (coord)
0.6,20,2,0.1195,0.0786,120.0,0.9999999999999999,leader,RL-PPO
0.6,21,2,0.2709,0.0804,120.0,0.9999999999999999,follower,RL-SAC
0.6,22,2,0.423,0.0813,120.0,0.9999999999999999,safety-sentry,DL-Transformer (coord)
0.6,23,2,0.5778,0.0807,120.0,0.9999999999999999,follower,RL-PPO
0.6,24,2,0.7304,0.0802,120.0,0.9999999999999999,follower,IL-BC (behavior cloning)
0.6,25,2,0.9187,0.0796,120.0,0.9999999999999999,safety-sentry,Classical-MPC
0.6,26,0,1.3309,0.9202,120.0,0.9999999999999999,follower,RL-PPO
0.6,27,0,1.4976,0.9209,120.0,0.9999999999999999,follower,DL-Transformer (coord)
0.6,28,0,1.6666,0.919,120.0,0.9999999999999999,follower,IL-BC (behavior cloning)
0.6,29,0,1.8331,0.9208,120.0,0.9999999999999999,follower,Classical-MPC
0.6,30,0,2.0029,0.9191,120.0,0.9999999999999999,follower,RL-SAC
0.6,31,0,2.1691000000000003,0.9204,120.0,0.9999999999999999,follower,RL-PPO
0.6,32,0,2.1709,0.5888,120.0,0.9999999999999999,follower,Classical-MPC
0.6,33,0,2.1711,0.7114,120.0,0.9999999999999999,follower,Classical-MPC
0.6,34,0,2.1691000000000003,0.8608,120.0,0.9999999999999999,follower,RL-SAC
0.6,35,0,2.1692,0.1118,120.0,0.9999999999999999,follower,DL-CNN (vision)
0.6,36,0,2.1708,0.2419,120.0,0.9999999999999999,edge-relay,IL-BC (behavior cloning)
0.6,37,0,2.1711,0.3698,120.0,0.9999999999999999,follower,Classical-MPC
0.6,38,0,2.1687,0.4997,120.0,0.9999999999999999,follower,RL-PPO
0.6,39,0,1.4569,0.0788,120.0,0.9999999999999999,follower,DL-Transformer (coord)
0.6,40,0,1.6251,0.0814,120.0,0.9999999999999999,follower,Classical-MPC
0.6,41,0,1.7917,0.0788,120.0,0.9999999999999999,follower,DL-Transformer (coord)
0.6,42,0,2.0029,0.0791,120.0,0.9999999999999999,follower,RL-PPO
0.6,43,0,2.1691000000000003,0.0804,120.0,0.9999999999999999,follower,RL-PPO
0.6,44,0,1.3309,0.1757,120.0,0.9999999999999999,follower,RL-SAC
0.6,45,0,1.3311,0.3076,120.0,0.9999999999999999,follower,Classical-MPC
0.6,46,0,1.3296999999999999,0.4342,120.0,0.9999999999999999,follower,RL-PPO
0.6,47,0,1.3292,0.5295,120.0,0.9999999999999999,follower,RL-PPO
0.6,48,0,1.3308,0.6503,120.0,0.9999999999999999,safety-sentry,DL-CNN (vision)
0.6,49,0,1.3311,0.769,120.0,0.9999999999999999,follower,RL-PPO
0.6,50,0,1.3285,0.9199,120.0,0.9999999999999999,follower,RL-PPO
0.6,51,2,2.5813,0.9187,120.0,0.9999999999999999,follower,RL-PPO
0.6,52,2,2.7315,0.9204,120.0,0.9999999999999999,follower,DL-Transformer (coord)
0.6,53,2,2.8866,0.921,120.0,0.9999999999999999,follower,IL-BC (behavior cloning)
0.6,54,2,3.0369,0.92,120.0,0.9999999999999999,follower,DL-CNN (vision)
0.6,55,2,3.1921,0.9208,120.0,0.9999999999999999,follower,RL-PPO
0.6,56,2,3.3447,0.9201,120.0,0.9999999999999999,leader,DL-CNN (vision)
0.6,57,2,3.4213,0.5266,120.0,0.9999999999999999,follower,DL-Transformer (coord)
0.6,58,2,3.42,0.6404,120.0,0.9999999999999999,follower,Classical-MPC
0.6,59,2,3.4208,0.7786,120.0,0.9999999999999999,follower,Classical-MPC
0.6,60,2,3.4189,0.8922,120.0,0.9999999999999999,follower,RL-SAC
0.6,61,2,2.6551,0.4989,120.0,0.9999999999999999,safety-sentry,RL-PPO
0.6,62,2,2.8079,0.4986,120.0,0.9999999999999999,follower,Classical-MPC
0.6,63,2,2.9626,0.4986,120.0,0.9999999999999999,leader,Classical-MPC
0.6,64,2,3.1135,0.5002,120.0,0.9999999999999999,follower,DL-CNN (vision)
0.6,65,2,3.2664,0.5005,120.0,0.9999999999999999,follower,IL-BC (behavior cloning)
0.6,66,2,3.4187,0.4996,120.0,0.9999999999999999,follower,Classical-MPC
0.6,67,2,2.5788,0.2004,120.0,0.9999999999999999,safety-sentry,DL-Transformer (coord)
0.6,68,2,2.5811,0.321,120.0,0.9999999999999999,safety-sentry,Classical-MPC
0.6,69,2,2.5787,0.44,120.0,0.9999999999999999,edge-relay,RL-PPO
0.6,70,2,2.6195,0.0786,120.0,0.9999999999999999,follower,RL-SAC
0.6,71,2,2.7709,0.0804,120.0,0.9999999999999999,edge-relay,RL-SAC
0.6,72,2,2.923,0.0813,120.0,0.9999999999999999,follower,RL-PPO
0.6,73,2,3.0778,0.0807,120.0,0.9999999999999999,follower,Classical-MPC
0.6,74,2,3.2304,0.0802,120.0,0.9999999999999999,follower,RL-PPO
0.6,75,2,3.4187,0.0796,120.0,0.9999999999999999,follower,DL-Transformer (coord)
0.6,76,5,3.8315,0.9211,120.0,0.9999999999999999,follower,RL-PPO
0.6,77,5,3.9841,0.9189,120.0,0.9999999999999999,follower,DL-CNN (vision)
0.6,78,5,4.1362,0.9189,120.0,0.9999999999999999,follower,DL-CNN (vision)
0.6,79,5,4.2891,0.9195,120.0,0.9999999999999999,follower,RL-SAC
0.6,80,5,4.4395,0.9193,120.0,0.9999999999999999,follower,DL-Transformer (coord)
0.6,81,5,4.5938,0.9207,120.0,0.9999999999999999,follower,DL-Transformer (coord)
0.6,82,5,3.8292,0.5294,120.0,0.9999999999999999,follower,DL-CNN (vision)
0.6,83,5,3.8301,0.6396,120.0,0.9999999999999999,follower,IL-BC (behavior cloning)
0.6,84,5,3.8307,0.7799,120.0,0.9999999999999999,follower,RL-PPO
0.6,85,5,3.8297,0.8923,120.0,0.9999999999999999,edge-relay,RL-SAC
0.6,86,5,3.9061,0.5013,120.0,0.9999999999999999,follower,DL-CNN (vision)
0.6,87,5,4.0602,0.4987,120.0,0.9999999999999999,follower,DL-CNN (vision)
0.6,88,5,4.2125,0.4999,120.0,0.9999999999999999,follower,RL-SAC
0.6,89,5,4.3643,0.5003,120.0,0.9999999999999999,edge-relay,Classical-MPC
0.6,90,5,4.5163,0.5008,120.0,0.9999999999999999,follower,Classical-MPC
0.6,91,5,4.6686,0.4999,120.0,0.9999999999999999,edge-relay,RL-PPO
0.6,92,5,4.6714,0.1989,120.0,0.9999999999999999,safety-sentry,DL-CNN (vision)
0.6,93,5,4.6708,0.3189,120.0,0.9999999999999999,leader,RL-SAC
0.6,94,5,4.6709,0.4395,120.0,0.9999999999999999,edge-relay,DL-CNN (vision)
0.6,95,5,3.8673,0.0814,120.0,0.9999999999999999,follower,RL-SAC
0.6,96,5,4.021,0.0796,120.0,0.9999999999999999,follower,DL-Transformer (coord)
0.6,97,5,4.1739,0.0797,120.0,0.9999999999999999,edge-relay,Classical-MPC
0.6,98,5,4.327,0.0805,120.0,0.9999999999999999,follower,DL-CNN (vision)
0.6,99,5,4.4793,0.079,120.0,0.9999999999999999,follower,DL-Transformer (coord)
0.6,100,5,4.6686,0.0799,120.0,0.9999999999999999,follower,DL-Transformer (coord)
0.64,1,2,0.0813,0.9187,120.0,1.0,leader,RL-PPO
0.64,2,2,0.2315,0.9204,120.0,1.0,follower,DL-CNN (vision)
0.64,3,2,0.3866,0.921,120.0,1.0,follower,Classical-MPC
0.64,4,2,0.5369,0.92,120.0,1.0,follower,DL-CNN (vision)
0.64,5,2,0.6921,0.9208,120.0,1.0,safety-sentry,DL-Transformer (coord)
0.64,6,2,0.8447,0.9201,120.0,1.0,follower,IL-BC (behavior cloning)
0.64,7,2,0.9213,0.5266,120.0,1.0,follower,Classical-MPC
0.64,8,2,0.92,0.6404,120.0,1.0,leader,IL-BC (behavior cloning)
0.64,9,2,0.9208,0.7786,120.0,1.0,follower,RL-PPO
0.64,10,2,0.9189,0.8922,120.0,1.0,follower,DL-CNN (vision)
0.64,11,2,0.1551,0.4989,120.0,1.0,follower,DL-CNN (vision)
0.64,12,2,0.3079,0.4986,120.0,1.0,edge-relay,RL-PPO
0.64,13,2,0.4626,0.4986,120.0,1.0,follower,DL-Transformer (coord)
0.64,14,2,0.6135,0.5002,120.0,1.0,leader,DL-Transformer (coord)
0.64,15,2,0.7664,0.5005,120.0,1.0,follower,Classical-MPC
0.64,16,2,0.9187,0.4996,120.0,1.0,safety-sentry,Classical-MPC
0.64,17,2,0.0788,0.2004,120.0,1.0,follower,RL-PPO
0.64,18,2,0.0811,0.321,120.0,1.0,follower,RL-SAC
0.64,19,2,0.0787,0.44,120.0,1.0,safety-sentry,DL-Transformer (coord)
0.64,20,2,0.1195,0.0786,120.0,1.0,leader,RL-PPO
0.64,21,2,0.2709,0.0804,120.0,1.0,follower,RL-SAC
0.64,22,2,0.423,0.0813,120.0,1.0,safety-sentry,DL-Transformer (coord)
0.64,23,2,0.5778,0.0807,120.0,1.0,follower,RL-PPO
0.64,24,2,0.7304,0.0802,120.0,1.0,follower,IL-BC (behavior cloning)
0.64,25,2,0.9187,0.0796,120.0,1.0,safety-sentry,Classical-MPC
0.64,26,0,1.3309,0.9202,120.0,1.0,follower,RL-PPO
0.64,27,0,1.4976,0.9209,120.0,1.0,follower,DL-Transformer (coord)
0.64,28,0,1.6666,0.919,120.0,1.0,follower,IL-BC (behavior cloning)
0.64,29,0,1.8331,0.9208,120.0,1.0,follower,Classical-MPC
0.64,30,0,2.0029,0.9191,120.0,1.0,follower,RL-SAC
0.64,31,0,2.1691000000000003,0.9204,120.0,1.0,follower,RL-PPO
0.64,32,0,2.1709,0.5888,120.0,1.0,follower,Classical-MPC
0.64,33,0,2.1711,0.7114,120.0,1.0,follower,Classical-MPC
0.64,34,0,2.1691000000000003,0.8608,120.0,1.0,follower,RL-SAC
0.64,35,0,2.1692,0.1118,120.0,1.0,follower,DL-CNN (vision)
0.64,36,0,2.1708,0.2419,120.0,1.0,edge-relay,IL-BC (behavior cloning)
0.64,37,0,2.1711,0.3698,120.0,1.0,follower,Classical-MPC
0.64,38,0,2.1687,0.4997,120.0,1.0,follower,RL-PPO
0.64,39,0,1.4569,0.0788,120.0,1.0,follower,DL-Transformer (coord)
0.64,40,0,1.6251,0.0814,120.0,1.0,follower,Classical-MPC
0.64,41,0,1.7917,0.0788,120.0,1.0,follower,DL-Transformer (coord)
0.64,42,0,2.0029,0.0791,120.0,1.0,follower,RL-PPO
0.64,43,0,2.1691000000000003,0.0804,120.0,1.0,follower,RL-PPO
0.64,44,0,1.3309,0.1757,120.0,1.0,follower,RL-SAC
0.64,45,0,1.3311,0.3076,120.0,1.0,follower,Classical-MPC
0.64,46,0,1.3296999999999999,0.4342,120.0,1.0,follower,RL-PPO
0.64,47,0,1.3292,0.5295,120.0,1.0,follower,RL-PPO
0.64,48,0,1.3308,0.6503,120.0,1.0,safety-sentry,DL-CNN (vision)
0.64,49,0,1.3311,0.769,120.0,1.0,follower,RL-PPO
0.64,50,0,1.3285,0.9199,120.0,1.0,follower,RL-PPO
0.64,51,2,2.5813,0.9187,120.0,1.0,follower,RL-PPO
0.64,52,2,2.7315,0.9204,120.0,1.0,follower,DL-Transformer (coord)
0.64,53,2,2.8866,0.921,120.0,1.0,follower,IL-BC (behavior cloning)
0.64,54,2,3.0369,0.92,120.0,1.0,follower,DL-CNN (vision)
0.64,55,2,3.1921,0.9208,120.0,1.0,follower,RL-PPO
0.64,56,2,3.3447,0.9201,120.0,1.0,leader,DL-CNN (vision)
0.64,57,2,3.4213,0.5266,120.0,1.0,follower,DL-Transformer (coord)
0.64,58,2,3.42,0.6404,120.0,1.0,follower,Classical-MPC
0.64,59,2,3.4208,0.7786,120.0,1.0,follower,Classical-MPC
0.64,60,2,3.4189,0.8922,120.0,1.0,follower,RL-SAC
0.64,61,2,2.6551,0.4989,120.0,1.0,safety-sentry,RL-PPO
0.64,62,2,2.8079,0.4986,120.0,1.0,follower,Classical-MPC
0.64,63,2,2.9626,0.4986,120.0,1.0,leader,Classical-MPC
0.64,64,2,3.1135,0.5002,120.0,1.0,follower,DL-CNN (vision)
0.64,65,2,3.2664,0.5005,120.0,1.0,follower,IL-BC (behavior cloning)
0.64,66,2,3.4187,0.4996,120.0,1.0,follower,Classical-MPC
0.64,67,2,2.5788,0.2004,120.0,1.0,safety-sentry,DL-Transformer (coord)
0.64,68,2,2.5811,0.321,120.0,1.0,safety-sentry,Classical-MPC
0.64,69,2,2.5787,0.44,120.0,1.0,edge-relay,RL-PPO
0.64,70,2,2.6195,0.0786,120.0,1.0,follower,RL-SAC
0.64,71,2,2.7709,0.0804,120.0,1.0,edge-relay,RL-SAC
0.64,72,2,2.923,0.0813,120.0,1.0,follower,RL-PPO
0.64,73,2,3.0778,0.0807,120.0,1.0,follower,Classical-MPC
0.64,74,2,3.2304,0.0802,120.0,1.0,follower,RL-PPO
0.64,75,2,3.4187,0.0796,120.0,1.0,follower,DL-Transformer (coord)
0.64,76,5,3.8315,0.9211,120.0,1.0,follower,RL-PPO
0.64,77,5,3.9841,0.9189,120.0,1.0,follower,DL-CNN (vision)
0.64,78,5,4.1362,0.9189,120.0,1.0,follower,DL-CNN (vision)
0.64,79,5,4.2891,0.9195,120.0,1.0,follower,RL-SAC
0.64,80,5,4.4395,0.9193,120.0,1.0,follower,DL-Transformer (coord)
0.64,81,5,4.5938,0.9207,120.0,1.0,follower,DL-Transformer (coord)
0.64,82,5,3.8292,0.5294,120.0,1.0,follower,DL-CNN (vision)
0.64,83,5,3.8301,0.6396,120.0,1.0,follower,IL-BC (behavior cloning)
0.64,84,5,3.8307,0.7799,120.0,1.0,follower,RL-PPO
0.64,85,5,3.8297,0.8923,120.0,1.0,edge-relay,RL-SAC
0.64,86,5,3.9061,0.5013,120.0,1.0,follower,DL-CNN (vision)
0.64,87,5,4.0602,0.4987,120.0,1.0,follower,DL-CNN (vision)
0.64,88,5,4.2125,0.4999,120.0,1.0,follower,RL-SAC
0.64,89,5,4.3643,0.5003,120.0,1.0,edge-relay,Classical-MPC
0.64,90,5,4.5163,0.5008,120.0,1.0,follower,Classical-MPC
0.64,91,5,4.6686,0.4999,120.0,1.0,edge-relay,RL-PPO
0.64,92,5,4.6714,0.1989,120.0,1.0,safety-sentry,DL-CNN (vision)
0.64,93,5,4.6708,0.3189,120.0,1.0,leader,RL-SAC
0.64,94,5,4.6709,0.4395,120.0,1.0,edge-relay,DL-CNN (vision)
0.64,95,5,3.8673,0.0814,120.0,1.0,follower,RL-SAC
0.64,96,5,4.021,0.0796,120.0,1.0,follower,DL-Transformer (coord)
0.64,97,5,4.1739,0.0797,120.0,1.0,edge-relay,Classical-MPC
0.64,98,5,4.327,0.0805,120.0,1.0,follower,DL-CNN (vision)
0.64,99,5,4.4793,0.079,120.0,1.0,follower,DL-Transformer (coord)
0.64,100,5,4.6686,0.0799,120.0,1.0,follower,DL-Transformer (coord)
0.68,1,2,0.0813,0.9187,120.0,1.0,leader,RL-PPO
0.68,2,2,0.2315,0.9204,120.0,1.0,follower,DL-CNN (vision)
0.68,3,2,0.3866,0.921,120.0,1.0,follower,Classical-MPC
0.68,4,2,0.5369,0.92,120.0,1.0,follower,DL-CNN (vision)
0.68,5,2,0.6921,0.9208,120.0,1.0,safety-sentry,DL-Transformer (coord)
0.68,6,2,0.8447,0.9201,120.0,1.0,follower,IL-BC (behavior cloning)
0.68,7,2,0.9213,0.5266,120.0,1.0,follower,Classical-MPC
0.68,8,2,0.92,0.6404,120.0,1.0,leader,IL-BC (behavior cloning)
0.68,9,2,0.9208,0.7786,120.0,1.0,follower,RL-PPO
0.68,10,2,0.9189,0.8922,120.0,1.0,follower,DL-CNN (vision)
0.68,11,2,0.1551,0.4989,120.0,1.0,follower,DL-CNN (vision)
0.68,12,2,0.3079,0.4986,120.0,1.0,edge-relay,RL-PPO
0.68,13,2,0.4626,0.4986,120.0,1.0,follower,DL-Transformer (coord)
0.68,14,2,0.6135,0.5002,120.0,1.0,leader,DL-Transformer (coord)
0.68,15,2,0.7664,0.5005,120.0,1.0,follower,Classical-MPC
0.68,16,2,0.9187,0.4996,120.0,1.0,safety-sentry,Classical-MPC
0.68,17,2,0.0788,0.2004,120.0,1.0,follower,RL-PPO
0.68,18,2,0.0811,0.321,120.0,1.0,follower,RL-SAC
0.68,19,2,0.0787,0.44,120.0,1.0,safety-sentry,DL-Transformer (coord)
0.68,20,2,0.1195,0.0786,120.0,1.0,leader,RL-PPO
0.68,21,2,0.2709,0.0804,120.0,1.0,follower,RL-SAC
0.68,22,2,0.423,0.0813,120.0,1.0,safety-sentry,DL-Transformer (coord)
0.68,23,2,0.5778,0.0807,120.0,1.0,follower,RL-PPO
0.68,24,2,0.7304,0.0802,120.0,1.0,follower,IL-BC (behavior cloning)
0.68,25,2,0.9187,0.0796,120.0,1.0,safety-sentry,Classical-MPC
0.68,26,0,1.3309,0.9202,120.0,1.0,follower,RL-PPO
0.68,27,0,1.4976,0.9209,120.0,1.0,follower,DL-Transformer (coord)
0.68,28,0,1.6666,0.919,120.0,1.0,follower,IL-BC (behavior cloning)
0.68,29,0,1.8331,0.9208,120.0,1.0,follower,Classical-MPC
0.68,30,0,2.0029,0.9191,120.0,1.0,follower,RL-SAC
0.68,31,0,2.1691000000000003,0.9204,120.0,1.0,follower,RL-PPO
0.68,32,0,2.1709,0.5888,120.0,1.0,follower,Classical-MPC
0.68,33,0,2.1711,0.7114,120.0,1.0,follower,Classical-MPC
0.68,34,0,2.1691000000000003,0.8608,120.0,1.0,follower,RL-SAC
0.68,35,0,2.1692,0.1118,120.0,1.0,follower,DL-CNN (vision)
0.68,36,0,2.1708,0.2419,120.0,1.0,edge-relay,IL-BC (behavior cloning)
0.68,37,0,2.1711,0.3698,120.0,1.0,follower,Classical-MPC
0.68,38,0,2.1687,0.4997,120.0,1.0,follower,RL-PPO
0.68,39,0,1.4569,0.0788,120.0,1.0,follower,DL-Transformer (coord)
0.68,40,0,1.6251,0.0814,120.0,1.0,follower,Classical-MPC
0.68,41,0,1.7917,0.0788,120.0,1.0,follower,DL-Transformer (coord)
0.68,42,0,2.0029,0.0791,120.0,1.0,follower,RL-PPO
0.68,43,0,2.1691000000000003,0.0804,120.0,1.0,follower,RL-PPO
0.68,44,0,1.3309,0.1757,120.0,1.0,follower,RL-SAC
0.68,45,0,1.3311,0.3076,120.0,1.0,follower,Classical-MPC
0.68,46,0,1.3296999999999999,0.4342,120.0,1.0,follower,RL-PPO
0.68,47,0,1.3292,0.5295,120.0,1.0,follower,RL-PPO
0.68,48,0,1.3308,0.6503,120.0,1.0,safety-sentry,DL-CNN (vision)
0.68,49,0,1.3311,0.769,120.0,1.0,follower,RL-PPO
0.68,50,0,1.3285,0.9199,120.0,1.0,follower,RL-PPO
0.68,51,2,2.5813,0.9187,120.0,1.0,follower,RL-PPO
0.68,52,2,2.7315,0.9204,120.0,1.0,follower,DL-Transformer (coord)
0.68,53,2,2.8866,0.921,120.0,1.0,follower,IL-BC (behavior cloning)
0.68,54,2,3.0369,0.92,120.0,1.0,follower,DL-CNN (vision)
0.68,55,2,3.1921,0.9208,120.0,1.0,follower,RL-PPO
0.68,56,2,3.3447,0.9201,120.0,1.0,leader,DL-CNN (vision)
0.68,57,2,3.4213,0.5266,120.0,1.0,follower,DL-Transformer (coord)
0.68,58,2,3.42,0.6404,120.0,1.0,follower,Classical-MPC
0.68,59,2,3.4208,0.7786,120.0,1.0,follower,Classical-MPC
0.68,60,2,3.4189,0.8922,120.0,1.0,follower,RL-SAC
0.68,61,2,2.6551,0.4989,120.0,1.0,safety-sentry,RL-PPO
0.68,62,2,2.8079,0.4986,120.0,1.0,follower,Classical-MPC
0.68,63,2,2.9626,0.4986,120.0,1.0,leader,Classical-MPC
0.68,64,2,3.1135,0.5002,120.0,1.0,follower,DL-CNN (vision)
0.68,65,2,3.2664,0.5005,120.0,1.0,follower,IL-BC (behavior cloning)
0.68,66,2,3.4187,0.4996,120.0,1.0,follower,Classical-MPC
0.68,67,2,2.5788,0.2004,120.0,1.0,safety-sentry,DL-Transformer (coord)
0.68,68,2,2.5811,0.321,120.0,1.0,safety-sentry,Classical-MPC
0.68,69,2,2.5787,0.44,120.0,1.0,edge-relay,RL-PPO
0.68,70,2,2.6195,0.0786,120.0,1.0,follower,RL-SAC
0.68,71,2,2.7709,0.0804,120.0,1.0,edge-relay,RL-SAC
0.68,72,2,2.923,0.0813,120.0,1.0,follower,RL-PPO
0.68,73,2,3.0778,0.0807,120.0,1.0,follower,Classical-MPC
0.68,74,2,3.2304,0.0802,120.0,1.0,follower,RL-PPO
0.68,75,2,3.4187,0.0796,120.0,1.0,follower,DL-Transformer (coord)
0.68,76,5,3.8315,0.9211,120.0,1.0,follower,RL-PPO
0.68,77,5,3.9841,0.9189,120.0,1.0,follower,DL-CNN (vision)
0.68,78,5,4.1362,0.9189,120.0,1.0,follower,DL-CNN (vision)
0.68,79,5,4.2891,0.9195,120.0,1.0,follower,RL-SAC
0.68,80,5,4.4395,0.9193,120.0,1.0,follower,DL-Transformer (coord)
0.68,81,5,4.5938,0.9207,120.0,1.0,follower,DL-Transformer (coord)
0.68,82,5,3.8292,0.5294,120.0,1.0,follower,DL-CNN (vision)
0.68,83,5,3.8301,0.6396,120.0,1.0,follower,IL-BC (behavior cloning)
0.68,84,5,3.8307,0.7799,120.0,1.0,follower,RL-PPO
0.68,85,5,3.8297,0.8923,120.0,1.0,edge-relay,RL-SAC
0.68,86,5,3.9061,0.5013,120.0,1.0,follower,DL-CNN (vision)
0.68,87,5,4.0602,0.4987,120.0,1.0,follower,DL-CNN (vision)
0.68,88,5,4.2125,0.4999,120.0,1.0,follower,RL-SAC
0.68,89,5,4.3643,0.5003,120.0,1.0,edge-relay,Classical-MPC
0.68,90,5,4.5163,0.5008,120.0,1.0,follower,Classical-MPC
0.68,91,5,4.6686,0.4999,120.0,1.0,edge-relay,RL-PPO
0.68,92,5,4.6714,0.1989,120.0,1.0,safety-sentry,DL-CNN (vision)
0.68,93,5,4.6708,0.3189,120.0,1.0,leader,RL-SAC
0.68,94,5,4.6709,0.4395,120.0,1.0,edge-relay,DL-CNN (vision)
0.68,95,5,3.8673,0.0814,120.0,1.0,follower,RL-SAC
0.68,96,5,4.021,0.0796,120.0,1.0,follower,DL-Transformer (coord)
0.68,97,5,4.1739,0.0797,120.0,1.0,edge-relay,Classical-MPC
0.68,98,5,4.327,0.0805,120.0,1.0,follower,DL-CNN (vision)
0.68,99,5,4.4793,0.079,120.0,1.0,follower,DL-Transformer (coord)
0.68,100,5,4.6686,0.0799,120.0,1.0,follower,DL-Transformer (coord)
0.7200000000000001,1,2,0.0813,0.9187,120.0,1.0,leader,RL-PPO
0.7200000000000001,2,2,0.2315,0.9204,120.0,1.0,follower,DL-CNN (vision)
0.7200000000000001,3,2,0.3866,0.921,120.0,1.0,follower,Classical-MPC
0.7200000000000001,4,2,0.5369,0.92,120.0,1.0,follower,DL-CNN (vision)
0.7200000000000001,5,2,0.6921,0.9208,120.0,1.0,safety-sentry,DL-Transformer (coord)
0.7200000000000001,6,2,0.8447,0.9201,120.0,1.0,follower,IL-BC (behavior cloning)
0.7200000000000001,7,2,0.9213,0.5266,120.0,1.0,follower,Classical-MPC
0.7200000000000001,8,2,0.92,0.6404,120.0,1.0,leader,IL-BC (behavior cloning)
0.7200000000000001,9,2,0.9208,0.7786,120.0,1.0,follower,RL-PPO
0.7200000000000001,10,2,0.9189,0.8922,120.0,1.0,follower,DL-CNN (vision)
0.7200000000000001,11,2,0.1551,0.4989,120.0,1.0,follower,DL-CNN (vision)
0.7200000000000001,12,2,0.3079,0.4986,120.0,1.0,edge-relay,RL-PPO
0.7200000000000001,13,2,0.4626,0.4986,120.0,1.0,follower,DL-Transformer (coord)
0.7200000000000001,14,2,0.6135,0.5002,120.0,1.0,leader,DL-Transformer (coord)
0.7200000000000001,15,2,0.7664,0.5005,120.0,1.0,follower,Classical-MPC
0.7200000000000001,16,2,0.9187,0.4996,120.0,1.0,safety-sentry,Classical-MPC
0.7200000000000001,17,2,0.0788,0.2004,120.0,1.0,follower,RL-PPO
0.7200000000000001,18,2,0.0811,0.321,120.0,1.0,follower,RL-SAC
0.7200000000000001,19,2,0.0787,0.44,120.0,1.0,safety-sentry,DL-Transformer (coord)
0.7200000000000001,20,2,0.1195,0.0786,120.0,1.0,leader,RL-PPO
0.7200000000000001,21,2,0.2709,0.0804,120.0,1.0,follower,RL-SAC
0.7200000000000001,22,2,0.423,0.0813,120.0,1.0,safety-sentry,DL-Transformer (coord)
0.7200000000000001,23,2,0.5778,0.0807,120.0,1.0,follower,RL-PPO
0.7200000000000001,24,2,0.7304,0.0802,120.0,1.0,follower,IL-BC (behavior cloning)
0.7200000000000001,25,2,0.9187,0.0796,120.0,1.0,safety-sentry,Classical-MPC
0.7200000000000001,26,0,1.3309,0.9202,120.0,1.0,follower,RL-PPO
0.7200000000000001,27,0,1.4976,0.9209,120.0,1.0,follower,DL-Transformer (coord)
0.7200000000000001,28,0,1.6666,0.919,120.0,1.0,follower,IL-BC (behavior cloning)
0.7200000000000001,29,0,1.8331,0.9208,120.0,1.0,follower,Classical-MPC
0.7200000000000001,30,0,2.0029,0.9191,120.0,1.0,follower,RL-SAC
0.7200000000000001,31,0,2.1691000000000003,0.9204,120.0,1.0,follower,RL-PPO
0.7200000000000001,32,0,2.1709,0.5888,120.0,1.0,follower,Classical-MPC
0.7200000000000001,33,0,2.1711,0.7114,120.0,1.0,follower,Classical-MPC
0.7200000000000001,34,0,2.1691000000000003,0.8608,120.0,1.0,follower,RL-SAC
0.7200000000000001,35,0,2.1692,0.1118,120.0,1.0,follower,DL-CNN (vision)
0.7200000000000001,36,0,2.1708,0.2419,120.0,1.0,edge-relay,IL-BC (behavior cloning)
0.7200000000000001,37,0,2.1711,0.3698,120.0,1.0,follower,Classical-MPC
0.7200000000000001,38,0,2.1687,0.4997,120.0,1.0,follower,RL-PPO
0.7200000000000001,39,0,1.4569,0.0788,120.0,1.0,follower,DL-Transformer (coord)
0.7200000000000001,40,0,1.6251,0.0814,120.0,1.0,follower,Classical-MPC
0.7200000000000001,41,0,1.7917,0.0788,120.0,1.0,follower,DL-Transformer (coord)
0.7200000000000001,42,0,2.0029,0.0791,120.0,1.0,follower,RL-PPO
0.7200000000000001,43,0,2.1691000000000003,0.0804,120.0,1.0,follower,RL-PPO
0.7200000000000001,44,0,1.3309,0.1757,120.0,1.0,follower,RL-SAC
0.7200000000000001,45,0,1.3311,0.3076,120.0,1.0,follower,Classical-MPC
0.7200000000000001,46,0,1.3296999999999999,0.4342,120.0,1.0,follower,RL-PPO
0.7200000000000001,47,0,1.3292,0.5295,120.0,1.0,follower,RL-PPO
0.7200000000000001,48,0,1.3308,0.6503,120.0,1.0,safety-sentry,DL-CNN (vision)
0.7200000000000001,49,0,1.3311,0.769,120.0,1.0,follower,RL-PPO
0.7200000000000001,50,0,1.3285,0.9199,120.0,1.0,follower,RL-PPO
0.7200000000000001,51,2,2.5813,0.9187,120.0,1.0,follower,RL-PPO
0.7200000000000001,52,2,2.7315,0.9204,120.0,1.0,follower,DL-Transformer (coord)
0.7200000000000001,53,2,2.8866,0.921,120.0,1.0,follower,IL-BC (behavior cloning)
0.7200000000000001,54,2,3.0369,0.92,120.0,1.0,follower,DL-CNN (vision)
0.7200000000000001,55,2,3.1921,0.9208,120.0,1.0,follower,RL-PPO
0.7200000000000001,56,2,3.3447,0.9201,120.0,1.0,leader,DL-CNN (vision)
0.7200000000000001,57,2,3.4213,0.5266,120.0,1.0,follower,DL-Transformer (coord)
0.7200000000000001,58,2,3.42,0.6404,120.0,1.0,follower,Classical-MPC
0.7200000000000001,59,2,3.4208,0.7786,120.0,1.0,follower,Classical-MPC
0.7200000000000001,60,2,3.4189,0.8922,120.0,1.0,follower,RL-SAC
0.7200000000000001,61,2,2.6551,0.4989,120.0,1.0,safety-sentry,RL-PPO
0.7200000000000001,62,2,2.8079,0.4986,120.0,1.0,follower,Classical-MPC
0.7200000000000001,63,2,2.9626,0.4986,120.0,1.0,leader,Classical-MPC
0.7200000000000001,64,2,3.1135,0.5002,120.0,1.0,follower,DL-CNN (vision)
0.7200000000000001,65,2,3.2664,0.5005,120.0,1.0,follower,IL-BC (behavior cloning)
0.7200000000000001,66,2,3.4187,0.4996,120.0,1.0,follower,Classical-MPC
0.7200000000000001,67,2,2.5788,0.2004,120.0,1.0,safety-sentry,DL-Transformer (coord)
0.7200000000000001,68,2,2.5811,0.321,120.0,1.0,safety-sentry,Classical-MPC
0.7200000000000001,69,2,2.5787,0.44,120.0,1.0,edge-relay,RL-PPO
0.7200000000000001,70,2,2.6195,0.0786,120.0,1.0,follower,RL-SAC
0.7200000000000001,71,2,2.7709,0.0804,120.0,1.0,edge-relay,RL-SAC
0.7200000000000001,72,2,2.923,0.0813,120.0,1.0,follower,RL-PPO
0.7200000000000001,73,2,3.0778,0.0807,120.0,1.0,follower,Classical-MPC
0.7200000000000001,74,2,3.2304,0.0802,120.0,1.0,follower,RL-PPO
0.7200000000000001,75,2,3.4187,0.0796,120.0,1.0,follower,DL-Transformer (coord)
0.7200000000000001,76,5,3.8315,0.9211,120.0,1.0,follower,RL-PPO
0.7200000000000001,77,5,3.9841,0.9189,120.0,1.0,follower,DL-CNN (vision)
0.7200000000000001,78,5,4.1362,0.9189,120.0,1.0,follower,DL-CNN (vision)
0.7200000000000001,79,5,4.2891,0.9195,120.0,1.0,follower,RL-SAC
0.7200000000000001,80,5,4.4395,0.9193,120.0,1.0,follower,DL-Transformer (coord)
0.7200000000000001,81,5,4.5938,0.9207,120.0,1.0,follower,DL-Transformer (coord)
0.7200000000000001,82,5,3.8292,0.5294,120.0,1.0,follower,DL-CNN (vision)
0.7200000000000001,83,5,3.8301,0.6396,120.0,1.0,follower,IL-BC (behavior cloning)
0.7200000000000001,84,5,3.8307,0.7799,120.0,1.0,follower,RL-PPO
0.7200000000000001,85,5,3.8297,0.8923,120.0,1.0,edge-relay,RL-SAC
0.7200000000000001,86,5,3.9061,0.5013,120.0,1.0,follower,DL-CNN (vision)
0.7200000000000001,87,5,4.0602,0.4987,120.0,1.0,follower,DL-CNN (vision)
0.7200000000000001,88,5,4.2125,0.4999,120.0,1.0,follower,RL-SAC
0.7200000000000001,89,5,4.3643,0.5003,120.0,1.0,edge-relay,Classical-MPC
0.7200000000000001,90,5,4.5163,0.5008,120.0,1.0,follower,Classical-MPC
0.7200000000000001,91,5,4.6686,0.4999,120.0,1.0,edge-relay,RL-PPO
0.7200000000000001,92,5,4.6714,0.1989,120.0,1.0,safety-sentry,DL-CNN (vision)
0.7200000000000001,93,5,4.6708,0.3189,120.0,1.0,leader,RL-SAC
0.7200000000000001,94,5,4.6709,0.4395,120.0,1.0,edge-relay,DL-CNN (vision)
0.7200000000000001,95,5,3.8673,0.0814,120.0,1.0,follower,RL-SAC
0.7200000000000001,96,5,4.021,0.0796,120.0,1.0,follower,DL-Transformer (coord)
0.7200000000000001,97,5,4.1739,0.0797,120.0,1.0,edge-relay,Classical-MPC
0.7200000000000001,98,5,4.327,0.0805,120.0,1.0,follower,DL-CNN (vision)
0.7200000000000001,99,5,4.4793,0.079,120.0,1.0,follower,DL-Transformer (coord)
0.7200000000000001,100,5,4.6686,0.0799,120.0,1.0,follower,DL-Transformer (coord)
0.7600000000000001,1,2,0.0813,0.9187,120.0,1.0,leader,RL-PPO
0.7600000000000001,2,2,0.2315,0.9204,120.0,1.0,follower,DL-CNN (vision)
0.7600000000000001,3,2,0.3866,0.921,120.0,1.0,follower,Classical-MPC
0.7600000000000001,4,2,0.5369,0.92,120.0,1.0,follower,DL-CNN (vision)
0.7600000000000001,5,2,0.6921,0.9208,120.0,1.0,safety-sentry,DL-Transformer (coord)
0.7600000000000001,6,2,0.8447,0.9201,120.0,1.0,follower,IL-BC (behavior cloning)
0.7600000000000001,7,2,0.9213,0.5266,120.0,1.0,follower,Classical-MPC
0.7600000000000001,8,2,0.92,0.6404,120.0,1.0,leader,IL-BC (behavior cloning)
0.7600000000000001,9,2,0.9208,0.7786,120.0,1.0,follower,RL-PPO
0.7600000000000001,10,2,0.9189,0.8922,120.0,1.0,follower,DL-CNN (vision)
0.7600000000000001,11,2,0.1551,0.4989,120.0,1.0,follower,DL-CNN (vision)
0.7600000000000001,12,2,0.3079,0.4986,120.0,1.0,edge-relay,RL-PPO
0.7600000000000001,13,2,0.4626,0.4986,120.0,1.0,follower,DL-Transformer (coord)
0.7600000000000001,14,2,0.6135,0.5002,120.0,1.0,leader,DL-Transformer (coord)
0.7600000000000001,15,2,0.7664,0.5005,120.0,1.0,follower,Classical-MPC
0.7600000000000001,16,2,0.9187,0.4996,120.0,1.0,safety-sentry,Classical-MPC
0.7600000000000001,17,2,0.0788,0.2004,120.0,1.0,follower,RL-PPO
0.7600000000000001,18,2,0.0811,0.321,120.0,1.0,follower,RL-SAC
0.7600000000000001,19,2,0.0787,0.44,120.0,1.0,safety-sentry,DL-Transformer (coord)
0.7600000000000001,20,2,0.1195,0.0786,120.0,1.0,leader,RL-PPO
0.7600000000000001,21,2,0.2709,0.0804,120.0,1.0,follower,RL-SAC
0.7600000000000001,22,2,0.423,0.0813,120.0,1.0,safety-sentry,DL-Transformer (coord)
0.7600000000000001,23,2,0.5778,0.0807,120.0,1.0,follower,RL-PPO
0.7600000000000001,24,2,0.7304,0.0802,120.0,1.0,follower,IL-BC (behavior cloning)
0.7600000000000001,25,2,0.9187,0.0796,120.0,1.0,safety-sentry,Classical-MPC
0.7600000000000001,26,0,1.3309,0.9202,120.0,1.0,follower,RL-PPO
0.7600000000000001,27,0,1.4976,0.9209,120.0,1.0,follower,DL-Transformer (coord)
0.7600000000000001,28,0,1.6666,0.919,120.0,1.0,follower,IL-BC (behavior cloning)
0.7600000000000001,29,0,1.8331,0.9208,120.0,1.0,follower,Classical-MPC
0.7600000000000001,30,0,2.0029,0.9191,120.0,1.0,follower,RL-SAC
0.7600000000000001,31,0,2.1691000000000003,0.9204,120.0,1.0,follower,RL-PPO
0.7600000000000001,32,0,2.1709,0.5888,120.0,1.0,follower,Classical-MPC
0.7600000000000001,33,0,2.1711,0.7114,120.0,1.0,follower,Classical-MPC
0.7600000000000001,34,0,2.1691000000000003,0.8608,120.0,1.0,follower,RL-SAC
0.7600000000000001,35,0,2.1692,0.1118,120.0,1.0,follower,DL-CNN (vision)
0.7600000000000001,36,0,2.1708,0.2419,120.0,1.0,edge-relay,IL-BC (behavior cloning)
0.7600000000000001,37,0,2.1711,0.3698,120.0,1.0,follower,Classical-MPC
0.7600000000000001,38,0,2.1687,0.4997,120.0,1.0,follower,RL-PPO
0.7600000000000001,39,0,1.4569,0.0788,120.0,1.0,follower,DL-Transformer (coord)
0.7600000000000001,40,0,1.6251,0.0814,120.0,1.0,follower,Classical-MPC
0.7600000000000001,41,0,1.7917,0.0788,120.0,1.0,follower,DL-Transformer (coord)
0.7600000000000001,42,0,2.0029,0.0791,120.0,1.0,follower,RL-PPO
0.7600000000000001,43,0,2.1691000000000003,0.0804,120.0,1.0,follower,RL-PPO
0.7600000000000001,44,0,1.3309,0.1757,120.0,1.0,follower,RL-SAC
0.7600000000000001,45,0,1.3311,0.3076,120.0,1.0,follower,Classical-MPC
0.7600000000000001,46,0,1.3296999999999999,0.4342,120.0,1.0,follower,RL-PPO
0.7600000000000001,47,0,1.3292,0.5295,120.0,1.0,follower,RL-PPO
0.7600000000000001,48,0,1.3308,0.6503,120.0,1.0,safety-sentry,DL-CNN (vision)
0.7600000000000001,49,0,1.3311,0.769,120.0,1.0,follower,RL-PPO
0.7600000000000001,50,0,1.3285,0.9199,120.0,1.0,follower,RL-PPO
0.7600000000000001,51,2,2.5813,0.9187,120.0,1.0,follower,RL-PPO
0.7600000000000001,52,2,2.7315,0.9204,120.0,1.0,follower,DL-Transformer (coord)
0.7600000000000001,53,2,2.8866,0.921,120.0,1.0,follower,IL-BC (behavior cloning)
0.7600000000000001,54,2,3.0369,0.92,120.0,1.0,follower,DL-CNN (vision)
0.7600000000000001,55,2,3.1921,0.9208,120.0,1.0,follower,RL-PPO
0.7600000000000001,56,2,3.3447,0.9201,120.0,1.0,leader,DL-CNN (vision)
0.7600000000000001,57,2,3.4213,0.5266,120.0,1.0,follower,DL-Transformer (coord)
0.7600000000000001,58,2,3.42,0.6404,120.0,1.0,follower,Classical-MPC
0.7600000000000001,59,2,3.4208,0.7786,120.0,1.0,follower,Classical-MPC
0.7600000000000001,60,2,3.4189,0.8922,120.0,1.0,follower,RL-SAC
0.7600000000000001,61,2,2.6551,0.4989,120.0,1.0,safety-sentry,RL-PPO
0.7600000000000001,62,2,2.8079,0.4986,120.0,1.0,follower,Classical-MPC
0.7600000000000001,63,2,2.9626,0.4986,120.0,1.0,leader,Classical-MPC
0.7600000000000001,64,2,3.1135,0.5002,120.0,1.0,follower,DL-CNN (vision)
0.7600000000000001,65,2,3.2664,0.5005,120.0,1.0,follower,IL-BC (behavior cloning)
0.7600000000000001,66,2,3.4187,0.4996,120.0,1.0,follower,Classical-MPC
0.7600000000000001,67,2,2.5788,0.2004,120.0,1.0,safety-sentry,DL-Transformer (coord)
0.7600000000000001,68,2,2.5811,0.321,120.0,1.0,safety-sentry,Classical-MPC
0.7600000000000001,69,2,2.5787,0.44,120.0,1.0,edge-relay,RL-PPO
0.7600000000000001,70,2,2.6195,0.0786,120.0,1.0,follower,RL-SAC
0.7600000000000001,71,2,2.7709,0.0804,120.0,1.0,edge-relay,RL-SAC
0.7600000000000001,72,2,2.923,0.0813,120.0,1.0,follower,RL-PPO
0.7600000000000001,73,2,3.0778,0.0807,120.0,1.0,follower,Classical-MPC
0.7600000000000001,74,2,3.2304,0.0802,120.0,1.0,follower,RL-PPO
0.7600000000000001,75,2,3.4187,0.0796,120.0,1.0,follower,DL-Transformer (coord)
0.7600000000000001,76,5,3.8315,0.9211,120.0,1.0,follower,RL-PPO
0.7600000000000001,77,5,3.9841,0.9189,120.0,1.0,follower,DL-CNN (vision)
0.7600000000000001,78,5,4.1362,0.9189,120.0,1.0,follower,DL-CNN (vision)
0.7600000000000001,79,5,4.2891,0.9195,120.0,1.0,follower,RL-SAC
0.7600000000000001,80,5,4.4395,0.9193,120.0,1.0,follower,DL-Transformer (coord)
0.7600000000000001,81,5,4.5938,0.9207,120.0,1.0,follower,DL-Transformer (coord)
0.7600000000000001,82,5,3.8292,0.5294,120.0,1.0,follower,DL-CNN (vision)
0.7600000000000001,83,5,3.8301,0.6396,120.0,1.0,follower,IL-BC (behavior cloning)
0.7600000000000001,84,5,3.8307,0.7799,120.0,1.0,follower,RL-PPO
0.7600000000000001,85,5,3.8297,0.8923,120.0,1.0,edge-relay,RL-SAC
0.7600000000000001,86,5,3.9061,0.5013,120.0,1.0,follower,DL-CNN (vision)
0.7600000000000001,87,5,4.0602,0.4987,120.0,1.0,follower,DL-CNN (vision)
0.7600000000000001,88,5,4.2125,0.4999,120.0,1.0,follower,RL-SAC
0.7600000000000001,89,5,4.3643,0.5003,120.0,1.0,edge-relay,Classical-MPC
0.7600000000000001,90,5,4.5163,0.5008,120.0,1.0,follower,Classical-MPC
0.7600000000000001,91,5,4.6686,0.4999,120.0,1.0,edge-relay,RL-PPO
0.7600000000000001,92,5,4.6714,0.1989,120.0,1.0,safety-sentry,DL-CNN (vision)
0.7600000000000001,93,5,4.6708,0.3189,120.0,1.0,leader,RL-SAC
0.7600000000000001,94,5,4.6709,0.4395,120.0,1.0,edge-relay,DL-CNN (vision)
0.7600000000000001,95,5,3.8673,0.0814,120.0,1.0,follower,RL-SAC
0.7600000000000001,96,5,4.021,0.0796,120.0,1.0,follower,DL-Transformer (coord)
0.7600000000000001,97,5,4.1739,0.0797,120.0,1.0,edge-relay,Classical-MPC
0.7600000000000001,98,5,4.327,0.0805,120.0,1.0,follower,DL-CNN (vision)
0.7600000000000001,99,5,4.4793,0.079,120.0,1.0,follower,DL-Transformer (coord)
0.7600000000000001,100,5,4.6686,0.0799,120.0,1.0,follower,DL-Transformer (coord)
0.8000000000000002,1,2,0.0813,0.9187,120.0,1.0,leader,RL-PPO
0.8000000000000002,2,2,0.2315,0.9204,120.0,1.0,follower,DL-CNN (vision)
0.8000000000000002,3,2,0.3866,0.921,120.0,1.0,follower,Classical-MPC
0.8000000000000002,4,2,0.5369,0.92,120.0,1.0,follower,DL-CNN (vision)
0.8000000000000002,5,2,0.6921,0.9208,120.0,1.0,safety-sentry,DL-Transformer (coord)
0.8000000000000002,6,2,0.8447,0.9201,120.0,1.0,follower,IL-BC (behavior cloning)
0.8000000000000002,7,2,0.9213,0.5266,120.0,1.0,follower,Classical-MPC
0.8000000000000002,8,2,0.92,0.6404,120.0,1.0,leader,IL-BC (behavior cloning)
0.8000000000000002,9,2,0.9208,0.7786,120.0,1.0,follower,RL-PPO
0.8000000000000002,10,2,0.9189,0.8922,120.0,1.0,follower,DL-CNN (vision)
0.8000000000000002,11,2,0.1551,0.4989,120.0,1.0,follower,DL-CNN (vision)
0.8000000000000002,12,2,0.3079,0.4986,120.0,1.0,edge-relay,RL-PPO
0.8000000000000002,13,2,0.4626,0.4986,120.0,1.0,follower,DL-Transformer (coord)
0.8000000000000002,14,2,0.6135,0.5002,120.0,1.0,leader,DL-Transformer (coord)
0.8000000000000002,15,2,0.7664,0.5005,120.0,1.0,follower,Classical-MPC
0.8000000000000002,16,2,0.9187,0.4996,120.0,1.0,safety-sentry,Classical-MPC
0.8000000000000002,17,2,0.0788,0.2004,120.0,1.0,follower,RL-PPO
0.8000000000000002,18,2,0.0811,0.321,120.0,1.0,follower,RL-SAC
0.8000000000000002,19,2,0.0787,0.44,120.0,1.0,safety-sentry,DL-Transformer (coord)
0.8000000000000002,20,2,0.1195,0.0786,120.0,1.0,leader,RL-PPO
0.8000000000000002,21,2,0.2709,0.0804,120.0,1.0,follower,RL-SAC
0.8000000000000002,22,2,0.423,0.0813,120.0,1.0,safety-sentry,DL-Transformer (coord)
0.8000000000000002,23,2,0.5778,0.0807,120.0,1.0,follower,RL-PPO
0.8000000000000002,24,2,0.7304,0.0802,120.0,1.0,follower,IL-BC (behavior cloning)
0.8000000000000002,25,2,0.9187,0.0796,120.0,1.0,safety-sentry,Classical-MPC
0.8000000000000002,26,0,1.3309,0.9202,120.0,1.0,follower,RL-PPO
0.8000000000000002,27,0,1.4976,0.9209,120.0,1.0,follower,DL-Transformer (coord)
0.8000000000000002,28,0,1.6666,0.919,120.0,1.0,follower,IL-BC (behavior cloning)
0.8000000000000002,29,0,1.8331,0.9208,120.0,1.0,follower,Classical-MPC
0.8000000000000002,30,0,2.0029,0.9191,120.0,1.0,follower,RL-SAC
0.8000000000000002,31,0,2.1691000000000003,0.9204,120.0,1.0,follower,RL-PPO
0.8000000000000002,32,0,2.1709,0.5888,120.0,1.0,follower,Classical-MPC
0.8000000000000002,33,0,2.1711,0.7114,120.0,1.0,follower,Classical-MPC
0.8000000000000002,34,0,2.1691000000000003,0.8608,120.0,1.0,follower,RL-SAC
0.8000000000000002,35,0,2.1692,0.1118,120.0,1.0,follower,DL-CNN (vision)
0.8000000000000002,36,0,2.1708,0.2419,120.0,1.0,edge-relay,IL-BC (behavior cloning)
0.8000000000000002,37,0,2.1711,0.3698,120.0,1.0,follower,Classical-MPC
0.8000000000000002,38,0,2.1687,0.4997,120.0,1.0,follower,RL-PPO
0.8000000000000002,39,0,1.4569,0.0788,120.0,1.0,follower,DL-Transformer (coord)
0.8000000000000002,40,0,1.6251,0.0814,120.0,1.0,follower,Classical-MPC
0.8000000000000002,41,0,1.7917,0.0788,120.0,1.0,follower,DL-Transformer (coord)
0.8000000000000002,42,0,2.0029,0.0791,120.0,1.0,follower,RL-PPO
0.8000000000000002,43,0,2.1691000000000003,0.0804,120.0,1.0,follower,RL-PPO
0.8000000000000002,44,0,1.3309,0.1757,120.0,1.0,follower,RL-SAC
0.8000000000000002,45,0,1.3311,0.3076,120.0,1.0,follower,Classical-MPC
0.8000000000000002,46,0,1.3296999999999999,0.4342,120.0,1.0,follower,RL-PPO
0.8000000000000002,47,0,1.3292,0.5295,120.0,1.0,follower,RL-PPO
0.8000000000000002,48,0,1.3308,0.6503,120.0,1.0,safety-sentry,DL-CNN (vision)
0.8000000000000002,49,0,1.3311,0.769,120.0,1.0,follower,RL-PPO
0.8000000000000002,50,0,1.3285,0.9199,120.0,1.0,follower,RL-PPO
0.8000000000000002,51,2,2.5813,0.9187,120.0,1.0,follower,RL-PPO
0.8000000000000002,52,2,2.7315,0.9204,120.0,1.0,follower,DL-Transformer (coord)
0.8000000000000002,53,2,2.8866,0.921,120.0,1.0,follower,IL-BC (behavior cloning)
0.8000000000000002,54,2,3.0369,0.92,120.0,1.0,follower,DL-CNN (vision)
0.8000000000000002,55,2,3.1921,0.9208,120.0,1.0,follower,RL-PPO
0.8000000000000002,56,2,3.3447,0.9201,120.0,1.0,leader,DL-CNN (vision)
0.8000000000000002,57,2,3.4213,0.5266,120.0,1.0,follower,DL-Transformer (coord)
0.8000000000000002,58,2,3.42,0.6404,120.0,1.0,follower,Classical-MPC
0.8000000000000002,59,2,3.4208,0.7786,120.0,1.0,follower,Classical-MPC
0.8000000000000002,60,2,3.4189,0.8922,120.0,1.0,follower,RL-SAC
0.8000000000000002,61,2,2.6551,0.4989,120.0,1.0,safety-sentry,RL-PPO
0.8000000000000002,62,2,2.8079,0.4986,120.0,1.0,follower,Classical-MPC
0.8000000000000002,63,2,2.9626,0.4986,120.0,1.0,leader,Classical-MPC
0.8000000000000002,64,2,3.1135,0.5002,120.0,1.0,follower,DL-CNN (vision)
0.8000000000000002,65,2,3.2664,0.5005,120.0,1.0,follower,IL-BC (behavior cloning)
0.8000000000000002,66,2,3.4187,0.4996,120.0,1.0,follower,Classical-MPC
0.8000000000000002,67,2,2.5788,0.2004,120.0,1.0,safety-sentry,DL-Transformer (coord)
0.8000000000000002,68,2,2.5811,0.321,120.0,1.0,safety-sentry,Classical-MPC
0.8000000000000002,69,2,2.5787,0.44,120.0,1.0,edge-relay,RL-PPO
0.8000000000000002,70,2,2.6195,0.0786,120.0,1.0,follower,RL-SAC
0.8000000000000002,71,2,2.7709,0.0804,120.0,1.0,edge-relay,RL-SAC
0.8000000000000002,72,2,2.923,0.0813,120.0,1.0,follower,RL-PPO
0.8000000000000002,73,2,3.0778,0.0807,120.0,1.0,follower,Classical-MPC
0.8000000000000002,74,2,3.2304,0.0802,120.0,1.0,follower,RL-PPO
0.8000000000000002,75,2,3.4187,0.0796,120.0,1.0,follower,DL-Transformer (coord)
0.8000000000000002,76,5,3.8315,0.9211,120.0,1.0,follower,RL-PPO
0.8000000000000002,77,5,3.9841,0.9189,120.0,1.0,follower,DL-CNN (vision)
0.8000000000000002,78,5,4.1362,0.9189,120.0,1.0,follower,DL-CNN (vision)
0.8000000000000002,79,5,4.2891,0.9195,120.0,1.0,follower,RL-SAC
0.8000000000000002,80,5,4.4395,0.9193,120.0,1.0,follower,DL-Transformer (coord)
0.8000000000000002,81,5,4.5938,0.9207,120.0,1.0,follower,DL-Transformer (coord)
0.8000000000000002,82,5,3.8292,0.5294,120.0,1.0,follower,DL-CNN (vision)
0.8000000000000002,83,5,3.8301,0.6396,120.0,1.0,follower,IL-BC (behavior cloning)
0.8000000000000002,84,5,3.8307,0.7799,120.0,1.0,follower,RL-PPO
0.8000000000000002,85,5,3.8297,0.8923,120.0,1.0,edge-relay,RL-SAC
0.8000000000000002,86,5,3.9061,0.5013,120.0,1.0,follower,DL-CNN (vision)
0.8000000000000002,87,5,4.0602,0.4987,120.0,1.0,follower,DL-CNN (vision)
0.8000000000000002,88,5,4.2125,0.4999,120.0,1.0,follower,RL-SAC
0.8000000000000002,89,5,4.3643,0.5003,120.0,1.0,edge-relay,Classical-MPC
0.8000000000000002,90,5,4.5163,0.5008,120.0,1.0,follower,Classical-MPC
0.8000000000000002,91,5,4.6686,0.4999,120.0,1.0,edge-relay,RL-PPO
0.8000000000000002,92,5,4.6714,0.1989,120.0,1.0,safety-sentry,DL-CNN (vision)
0.8000000000000002,93,5,4.6708,0.3189,120.0,1.0,leader,RL-SAC
0.8000000000000002,94,5,4.6709,0.4395,120.0,1.0,edge-relay,DL-CNN (vision)
0.8000000000000002,95,5,3.8673,0.0814,120.0,1.0,follower,RL-SAC
0.8000000000000002,96,5,4.021,0.0796,120.0,1.0,follower,DL-Transformer (coord)
0.8000000000000002,97,5,4.1739,0.0797,120.0,1.0,edge-relay,Classical-MPC
0.8000000000000002,98,5,4.327,0.0805,120.0,1.0,follower,DL-CNN (vision)
0.8000000000000002,99,5,4.4793,0.079,120.0,1.0,follower,DL-Transformer (coord)
0.8000000000000002,100,5,4.6686,0.0799,120.0,1.0,follower,DL-Transformer (coord)
0.8400000000000002,1,2,0.0813,0.9187,120.0,1.0,leader,RL-PPO
0.8400000000000002,2,2,0.2315,0.9204,120.0,1.0,follower,DL-CNN (vision)
0.8400000000000002,3,2,0.3866,0.921,120.0,1.0,follower,Classical-MPC
0.8400000000000002,4,2,0.5369,0.92,120.0,1.0,follower,DL-CNN (vision)
0.8400000000000002,5,2,0.6921,0.9208,120.0,1.0,safety-sentry,DL-Transformer (coord)
0.8400000000000002,6,2,0.8447,0.9201,120.0,1.0,follower,IL-BC (behavior cloning)
0.8400000000000002,7,2,0.9213,0.5266,120.0,1.0,follower,Classical-MPC
0.8400000000000002,8,2,0.92,0.6404,120.0,1.0,leader,IL-BC (behavior cloning)
0.8400000000000002,9,2,0.9208,0.7786,120.0,1.0,follower,RL-PPO
0.8400000000000002,10,2,0.9189,0.8922,120.0,1.0,follower,DL-CNN (vision)
0.8400000000000002,11,2,0.1551,0.4989,120.0,1.0,follower,DL-CNN (vision)
0.8400000000000002,12,2,0.3079,0.4986,120.0,1.0,edge-relay,RL-PPO
0.8400000000000002,13,2,0.4626,0.4986,120.0,1.0,follower,DL-Transformer (coord)
0.8400000000000002,14,2,0.6135,0.5002,120.0,1.0,leader,DL-Transformer (coord)
0.8400000000000002,15,2,0.7664,0.5005,120.0,1.0,follower,Classical-MPC
0.8400000000000002,16,2,0.9187,0.4996,120.0,1.0,safety-sentry,Classical-MPC
0.8400000000000002,17,2,0.0788,0.2004,120.0,1.0,follower,RL-PPO
0.8400000000000002,18,2,0.0811,0.321,120.0,1.0,follower,RL-SAC
0.8400000000000002,19,2,0.0787,0.44,120.0,1.0,safety-sentry,DL-Transformer (coord)
0.8400000000000002,20,2,0.1195,0.0786,120.0,1.0,leader,RL-PPO
0.8400000000000002,21,2,0.2709,0.0804,120.0,1.0,follower,RL-SAC
0.8400000000000002,22,2,0.423,0.0813,120.0,1.0,safety-sentry,DL-Transformer (coord)
0.8400000000000002,23,2,0.5778,0.0807,120.0,1.0,follower,RL-PPO
0.8400000000000002,24,2,0.7304,0.0802,120.0,1.0,follower,IL-BC (behavior cloning)
0.8400000000000002,25,2,0.9187,0.0796,120.0,1.0,safety-sentry,Classical-MPC
0.8400000000000002,26,0,1.3309,0.9202,120.0,1.0,follower,RL-PPO
0.8400000000000002,27,0,1.4976,0.9209,120.0,1.0,follower,DL-Transformer (coord)
0.8400000000000002,28,0,1.6666,0.919,120.0,1.0,follower,IL-BC (behavior cloning)
0.8400000000000002,29,0,1.8331,0.9208,120.0,1.0,follower,Classical-MPC
0.8400000000000002,30,0,2.0029,0.9191,120.0,1.0,follower,RL-SAC
0.8400000000000002,31,0,2.1691000000000003,0.9204,120.0,1.0,follower,RL-PPO
0.8400000000000002,32,0,2.1709,0.5888,120.0,1.0,follower,Classical-MPC
0.8400000000000002,33,0,2.1711,0.7114,120.0,1.0,follower,Classical-MPC
0.8400000000000002,34,0,2.1691000000000003,0.8608,120.0,1.0,follower,RL-SAC
0.8400000000000002,35,0,2.1692,0.1118,120.0,1.0,follower,DL-CNN (vision)
0.8400000000000002,36,0,2.1708,0.2419,120.0,1.0,edge-relay,IL-BC (behavior cloning)
0.8400000000000002,37,0,2.1711,0.3698,120.0,1.0,follower,Classical-MPC
0.8400000000000002,38,0,2.1687,0.4997,120.0,1.0,follower,RL-PPO
0.8400000000000002,39,0,1.4569,0.0788,120.0,1.0,follower,DL-Transformer (coord)
0.8400000000000002,40,0,1.6251,0.0814,120.0,1.0,follower,Classical-MPC
0.8400000000000002,41,0,1.7917,0.0788,120.0,1.0,follower,DL-Transformer (coord)
0.8400000000000002,42,0,2.0029,0.0791,120.0,1.0,follower,RL-PPO
0.8400000000000002,43,0,2.1691000000000003,0.0804,120.0,1.0,follower,RL-PPO
0.8400000000000002,44,0,1.3309,0.1757,120.0,1.0,follower,RL-SAC
0.8400000000000002,45,0,1.3311,0.3076,120.0,1.0,follower,Classical-MPC
0.8400000000000002,46,0,1.3296999999999999,0.4342,120.0,1.0,follower,RL-PPO
0.8400000000000002,47,0,1.3292,0.5295,120.0,1.0,follower,RL-PPO
0.8400000000000002,48,0,1.3308,0.6503,120.0,1.0,safety-sentry,DL-CNN (vision)
0.8400000000000002,49,0,1.3311,0.769,120.0,1.0,follower,RL-PPO
0.8400000000000002,50,0,1.3285,0.9199,120.0,1.0,follower,RL-PPO
0.8400000000000002,51,2,2.5813,0.9187,120.0,1.0,follower,RL-PPO
0.8400000000000002,52,2,2.7315,0.9204,120.0,1.0,follower,DL-Transformer (coord)
0.8400000000000002,53,2,2.8866,0.921,120.0,1.0,follower,IL-BC (behavior cloning)
0.8400000000000002,54,2,3.0369,0.92,120.0,1.0,follower,DL-CNN (vision)
0.8400000000000002,55,2,3.1921,0.9208,120.0,1.0,follower,RL-PPO
0.8400000000000002,56,2,3.3447,0.9201,120.0,1.0,leader,DL-CNN (vision)
0.8400000000000002,57,2,3.4213,0.5266,120.0,1.0,follower,DL-Transformer (coord)
0.8400000000000002,58,2,3.42,0.6404,120.0,1.0,follower,Classical-MPC
0.8400000000000002,59,2,3.4208,0.7786,120.0,1.0,follower,Classical-MPC
0.8400000000000002,60,2,3.4189,0.8922,120.0,1.0,follower,RL-SAC
0.8400000000000002,61,2,2.6551,0.4989,120.0,1.0,safety-sentry,RL-PPO
0.8400000000000002,62,2,2.8079,0.4986,120.0,1.0,follower,Classical-MPC
0.8400000000000002,63,2,2.9626,0.4986,120.0,1.0,leader,Classical-MPC
0.8400000000000002,64,2,3.1135,0.5002,120.0,1.0,follower,DL-CNN (vision)
0.8400000000000002,65,2,3.2664,0.5005,120.0,1.0,follower,IL-BC (behavior cloning)
0.8400000000000002,66,2,3.4187,0.4996,120.0,1.0,follower,Classical-MPC
0.8400000000000002,67,2,2.5788,0.2004,120.0,1.0,safety-sentry,DL-Transformer (coord)
0.8400000000000002,68,2,2.5811,0.321,120.0,1.0,safety-sentry,Classical-MPC
0.8400000000000002,69,2,2.5787,0.44,120.0,1.0,edge-relay,RL-PPO
0.8400000000000002,70,2,2.6195,0.0786,120.0,1.0,follower,RL-SAC
0.8400000000000002,71,2,2.7709,0.0804,120.0,1.0,edge-relay,RL-SAC
0.8400000000000002,72,2,2.923,0.0813,120.0,1.0,follower,RL-PPO
0.8400000000000002,73,2,3.0778,0.0807,120.0,1.0,follower,Classical-MPC
0.8400000000000002,74,2,3.2304,0.0802,120.0,1.0,follower,RL-PPO
0.8400000000000002,75,2,3.4187,0.0796,120.0,1.0,follower,DL-Transformer (coord)
0.8400000000000002,76,5,3.8315,0.9211,120.0,1.0,follower,RL-PPO
0.8400000000000002,77,5,3.9841,0.9189,120.0,1.0,follower,DL-CNN (vision)
0.8400000000000002,78,5,4.1362,0.9189,120.0,1.0,follower,DL-CNN (vision)
0.8400000000000002,79,5,4.2891,0.9195,120.0,1.0,follower,RL-SAC
0.8400000000000002,80,5,4.4395,0.9193,120.0,1.0,follower,DL-Transformer (coord)
0.8400000000000002,81,5,4.5938,0.9207,120.0,1.0,follower,DL-Transformer (coord)
0.8400000000000002,82,5,3.8292,0.5294,120.0,1.0,follower,DL-CNN (vision)
0.8400000000000002,83,5,3.8301,0.6396,120.0,1.0,follower,IL-BC (behavior cloning)
0.8400000000000002,84,5,3.8307,0.7799,120.0,1.0,follower,RL-PPO
0.8400000000000002,85,5,3.8297,0.8923,120.0,1.0,edge-relay,RL-SAC
0.8400000000000002,86,5,3.9061,0.5013,120.0,1.0,follower,DL-CNN (vision)
0.8400000000000002,87,5,4.0602,0.4987,120.0,1.0,follower,DL-CNN (vision)
0.8400000000000002,88,5,4.2125,0.4999,120.0,1.0,follower,RL-SAC
0.8400000000000002,89,5,4.3643,0.5003,120.0,1.0,edge-relay,Classical-MPC
0.8400000000000002,90,5,4.5163,0.5008,120.0,1.0,follower,Classical-MPC
0.8400000000000002,91,5,4.6686,0.4999,120.0,1.0,edge-relay,RL-PPO
0.8400000000000002,92,5,4.6714,0.1989,120.0,1.0,safety-sentry,DL-CNN (vision)
0.8400000000000002,93,5,4.6708,0.3189,120.0,1.0,leader,RL-SAC
0.8400000000000002,94,5,4.6709,0.4395,120.0,1.0,edge-relay,DL-CNN (vision)
0.8400000000000002,95,5,3.8673,0.0814,120.0,1.0,follower,RL-SAC
0.8400000000000002,96,5,4.021,0.0796,120.0,1.0,follower,DL-Transformer (coord)
0.8400000000000002,97,5,4.1739,0.0797,120.0,1.0,edge-relay,Classical-MPC
0.8400000000000002,98,5,4.327,0.0805,120.0,1.0,follower,DL-CNN (vision)
0.8400000000000002,99,5,4.4793,0.079,120.0,1.0,follower,DL-Transformer (coord)
0.8400000000000002,100,5,4.6686,0.0799,120.0,1.0,follower,DL-Transformer (coord)
0.8800000000000002,1,2,0.0813,0.9187,120.0,1.0,leader,RL-PPO
0.8800000000000002,2,2,0.2315,0.9204,120.0,1.0,follower,DL-CNN (vision)
0.8800000000000002,3,2,0.3866,0.921,120.0,1.0,follower,Classical-MPC
0.8800000000000002,4,2,0.5369,0.92,120.0,1.0,follower,DL-CNN (vision)
0.8800000000000002,5,2,0.6921,0.9208,120.0,1.0,safety-sentry,DL-Transformer (coord)
0.8800000000000002,6,2,0.8447,0.9201,120.0,1.0,follower,IL-BC (behavior cloning)
0.8800000000000002,7,2,0.9213,0.5266,120.0,1.0,follower,Classical-MPC
0.8800000000000002,8,2,0.92,0.6404,120.0,1.0,leader,IL-BC (behavior cloning)
0.8800000000000002,9,2,0.9208,0.7786,120.0,1.0,follower,RL-PPO
0.8800000000000002,10,2,0.9189,0.8922,120.0,1.0,follower,DL-CNN (vision)
0.8800000000000002,11,2,0.1551,0.4989,120.0,1.0,follower,DL-CNN (vision)
0.8800000000000002,12,2,0.3079,0.4986,120.0,1.0,edge-relay,RL-PPO
0.8800000000000002,13,2,0.4626,0.4986,120.0,1.0,follower,DL-Transformer (coord)
0.8800000000000002,14,2,0.6135,0.5002,120.0,1.0,leader,DL-Transformer (coord)
0.8800000000000002,15,2,0.7664,0.5005,120.0,1.0,follower,Classical-MPC
0.8800000000000002,16,2,0.9187,0.4996,120.0,1.0,safety-sentry,Classical-MPC
0.8800000000000002,17,2,0.0788,0.2004,120.0,1.0,follower,RL-PPO
0.8800000000000002,18,2,0.0811,0.321,120.0,1.0,follower,RL-SAC
0.8800000000000002,19,2,0.0787,0.44,120.0,1.0,safety-sentry,DL-Transformer (coord)
0.8800000000000002,20,2,0.1195,0.0786,120.0,1.0,leader,RL-PPO
0.8800000000000002,21,2,0.2709,0.0804,120.0,1.0,follower,RL-SAC
0.8800000000000002,22,2,0.423,0.0813,120.0,1.0,safety-sentry,DL-Transformer (coord)
0.8800000000000002,23,2,0.5778,0.0807,120.0,1.0,follower,RL-PPO
0.8800000000000002,24,2,0.7304,0.0802,120.0,1.0,follower,IL-BC (behavior cloning)
0.8800000000000002,25,2,0.9187,0.0796,120.0,1.0,safety-sentry,Classical-MPC
0.8800000000000002,26,0,1.3309,0.9202,120.0,1.0,follower,RL-PPO
0.8800000000000002,27,0,1.4976,0.9209,120.0,1.0,follower,DL-Transformer (coord)
0.8800000000000002,28,0,1.6666,0.919,120.0,1.0,follower,IL-BC (behavior cloning)
0.8800000000000002,29,0,1.8331,0.9208,120.0,1.0,follower,Classical-MPC
0.8800000000000002,30,0,2.0029,0.9191,120.0,1.0,follower,RL-SAC
0.8800000000000002,31,0,2.1691000000000003,0.9204,120.0,1.0,follower,RL-PPO
0.8800000000000002,32,0,2.1709,0.5888,120.0,1.0,follower,Classical-MPC
0.8800000000000002,33,0,2.1711,0.7114,120.0,1.0,follower,Classical-MPC
0.8800000000000002,34,0,2.1691000000000003,0.8608,120.0,1.0,follower,RL-SAC
0.8800000000000002,35,0,2.1692,0.1118,120.0,1.0,follower,DL-CNN (vision)
0.8800000000000002,36,0,2.1708,0.2419,120.0,1.0,edge-relay,IL-BC (behavior cloning)
0.8800000000000002,37,0,2.1711,0.3698,120.0,1.0,follower,Classical-MPC
0.8800000000000002,38,0,2.1687,0.4997,120.0,1.0,follower,RL-PPO
0.8800000000000002,39,0,1.4569,0.0788,120.0,1.0,follower,DL-Transformer (coord)
0.8800000000000002,40,0,1.6251,0.0814,120.0,1.0,follower,Classical-MPC
0.8800000000000002,41,0,1.7917,0.0788,120.0,1.0,follower,DL-Transformer (coord)
0.8800000000000002,42,0,2.0029,0.0791,120.0,1.0,follower,RL-PPO
0.8800000000000002,43,0,2.1691000000000003,0.0804,120.0,1.0,follower,RL-PPO
0.8800000000000002,44,0,1.3309,0.1757,120.0,1.0,follower,RL-SAC
0.8800000000000002,45,0,1.3311,0.3076,120.0,1.0,follower,Classical-MPC
0.8800000000000002,46,0,1.3296999999999999,0.4342,120.0,1.0,follower,RL-PPO
0.8800000000000002,47,0,1.3292,0.5295,120.0,1.0,follower,RL-PPO
0.8800000000000002,48,0,1.3308,0.6503,120.0,1.0,safety-sentry,DL-CNN (vision)
0.8800000000000002,49,0,1.3311,0.769,120.0,1.0,follower,RL-PPO
0.8800000000000002,50,0,1.3285,0.9199,120.0,1.0,follower,RL-PPO
0.8800000000000002,51,2,2.5813,0.9187,120.0,1.0,follower,RL-PPO
0.8800000000000002,52,2,2.7315,0.9204,120.0,1.0,follower,DL-Transformer (coord)
0.8800000000000002,53,2,2.8866,0.921,120.0,1.0,follower,IL-BC (behavior cloning)
0.8800000000000002,54,2,3.0369,0.92,120.0,1.0,follower,DL-CNN (vision)
0.8800000000000002,55,2,3.1921,0.9208,120.0,1.0,follower,RL-PPO
0.8800000000000002,56,2,3.3447,0.9201,120.0,1.0,leader,DL-CNN (vision)
0.8800000000000002,57,2,3.4213,0.5266,120.0,1.0,follower,DL-Transformer (coord)
0.8800000000000002,58,2,3.42,0.6404,120.0,1.0,follower,Classical-MPC
0.8800000000000002,59,2,3.4208,0.7786,120.0,1.0,follower,Classical-MPC
0.8800000000000002,60,2,3.4189,0.8922,120.0,1.0,follower,RL-SAC
0.8800000000000002,61,2,2.6551,0.4989,120.0,1.0,safety-sentry,RL-PPO
0.8800000000000002,62,2,2.8079,0.4986,120.0,1.0,follower,Classical-MPC
0.8800000000000002,63,2,2.9626,0.4986,120.0,1.0,leader,Classical-MPC
0.8800000000000002,64,2,3.1135,0.5002,120.0,1.0,follower,DL-CNN (vision)
0.8800000000000002,65,2,3.2664,0.5005,120.0,1.0,follower,IL-BC (behavior cloning)
0.8800000000000002,66,2,3.4187,0.4996,120.0,1.0,follower,Classical-MPC
0.8800000000000002,67,2,2.5788,0.2004,120.0,1.0,safety-sentry,DL-Transformer (coord)
0.8800000000000002,68,2,2.5811,0.321,120.0,1.0,safety-sentry,Classical-MPC
0.8800000000000002,69,2,2.5787,0.44,120.0,1.0,edge-relay,RL-PPO
0.8800000000000002,70,2,2.6195,0.0786,120.0,1.0,follower,RL-SAC
0.8800000000000002,71,2,2.7709,0.0804,120.0,1.0,edge-relay,RL-SAC
0.8800000000000002,72,2,2.923,0.0813,120.0,1.0,follower,RL-PPO
0.8800000000000002,73,2,3.0778,0.0807,120.0,1.0,follower,Classical-MPC
0.8800000000000002,74,2,3.2304,0.0802,120.0,1.0,follower,RL-PPO
0.8800000000000002,75,2,3.4187,0.0796,120.0,1.0,follower,DL-Transformer (coord)
0.8800000000000002,76,5,3.8315,0.9211,120.0,1.0,follower,RL-PPO
0.8800000000000002,77,5,3.9841,0.9189,120.0,1.0,follower,DL-CNN (vision)
0.8800000000000002,78,5,4.1362,0.9189,120.0,1.0,follower,DL-CNN (vision)
0.8800000000000002,79,5,4.2891,0.9195,120.0,1.0,follower,RL-SAC
0.8800000000000002,80,5,4.4395,0.9193,120.0,1.0,follower,DL-Transformer (coord)
0.8800000000000002,81,5,4.5938,0.9207,120.0,1.0,follower,DL-Transformer (coord)
0.8800000000000002,82,5,3.8292,0.5294,120.0,1.0,follower,DL-CNN (vision)
0.8800000000000002,83,5,3.8301,0.6396,120.0,1.0,follower,IL-BC (behavior cloning)
0.8800000000000002,84,5,3.8307,0.7799,120.0,1.0,follower,RL-PPO
0.8800000000000002,85,5,3.8297,0.8923,120.0,1.0,edge-relay,RL-SAC
0.8800000000000002,86,5,3.9061,0.5013,120.0,1.0,follower,DL-CNN (vision)
0.8800000000000002,87,5,4.0602,0.4987,120.0,1.0,follower,DL-CNN (vision)
0.8800000000000002,88,5,4.2125,0.4999,120.0,1.0,follower,RL-SAC
0.8800000000000002,89,5,4.3643,0.5003,120.0,1.0,edge-relay,Classical-MPC
0.8800000000000002,90,5,4.5163,0.5008,120.0,1.0,follower,Classical-MPC
0.8800000000000002,91,5,4.6686,0.4999,120.0,1.0,edge-relay,RL-PPO
0.8800000000000002,92,5,4.6714,0.1989,120.0,1.0,safety-sentry,DL-CNN (vision)
0.8800000000000002,93,5,4.6708,0.3189,120.0,1.0,leader,RL-SAC
0.8800000000000002,94,5,4.6709,0.4395,120.0,1.0,edge-relay,DL-CNN (vision)
0.8800000000000002,95,5,3.8673,0.0814,120.0,1.0,follower,RL-SAC
0.8800000000000002,96,5,4.021,0.0796,120.0,1.0,follower,DL-Transformer (coord)
0.8800000000000002,97,5,4.1739,0.0797,120.0,1.0,edge-relay,Classical-MPC
0.8800000000000002,98,5,4.327,0.0805,120.0,1.0,follower,DL-CNN (vision)
0.8800000000000002,99,5,4.4793,0.079,120.0,1.0,follower,DL-Transformer (coord)
0.8800000000000002,100,5,4.6686,0.0799,120.0,1.0,follower,DL-Transformer (coord)
0.9200000000000003,1,2,0.0813,0.9187,120.0,1.0,leader,RL-PPO
0.9200000000000003,2,2,0.2315,0.9204,120.0,1.0,follower,DL-CNN (vision)
0.9200000000000003,3,2,0.3866,0.921,120.0,1.0,follower,Classical-MPC
0.9200000000000003,4,2,0.5369,0.92,120.0,1.0,follower,DL-CNN (vision)
0.9200000000000003,5,2,0.6921,0.9208,120.0,1.0,safety-sentry,DL-Transformer (coord)
0.9200000000000003,6,2,0.8447,0.9201,120.0,1.0,follower,IL-BC (behavior cloning)
0.9200000000000003,7,2,0.9213,0.5266,120.0,1.0,follower,Classical-MPC
0.9200000000000003,8,2,0.92,0.6404,120.0,1.0,leader,IL-BC (behavior cloning)
0.9200000000000003,9,2,0.9208,0.7786,120.0,1.0,follower,RL-PPO
0.9200000000000003,10,2,0.9189,0.8922,120.0,1.0,follower,DL-CNN (vision)
0.9200000000000003,11,2,0.1551,0.4989,120.0,1.0,follower,DL-CNN (vision)
0.9200000000000003,12,2,0.3079,0.4986,120.0,1.0,edge-relay,RL-PPO
0.9200000000000003,13,2,0.4626,0.4986,120.0,1.0,follower,DL-Transformer (coord)
0.9200000000000003,14,2,0.6135,0.5002,120.0,1.0,leader,DL-Transformer (coord)
0.9200000000000003,15,2,0.7664,0.5005,120.0,1.0,follower,Classical-MPC
0.9200000000000003,16,2,0.9187,0.4996,120.0,1.0,safety-sentry,Classical-MPC
0.9200000000000003,17,2,0.0788,0.2004,120.0,1.0,follower,RL-PPO
0.9200000000000003,18,2,0.0811,0.321,120.0,1.0,follower,RL-SAC
0.9200000000000003,19,2,0.0787,0.44,120.0,1.0,safety-sentry,DL-Transformer (coord)
0.9200000000000003,20,2,0.1195,0.0786,120.0,1.0,leader,RL-PPO
0.9200000000000003,21,2,0.2709,0.0804,120.0,1.0,follower,RL-SAC
0.9200000000000003,22,2,0.423,0.0813,120.0,1.0,safety-sentry,DL-Transformer (coord)
0.9200000000000003,23,2,0.5778,0.0807,120.0,1.0,follower,RL-PPO
0.9200000000000003,24,2,0.7304,0.0802,120.0,1.0,follower,IL-BC (behavior cloning)
0.9200000000000003,25,2,0.9187,0.0796,120.0,1.0,safety-sentry,Classical-MPC
0.9200000000000003,26,0,1.3309,0.9202,120.0,1.0,follower,RL-PPO
0.9200000000000003,27,0,1.4976,0.9209,120.0,1.0,follower,DL-Transformer (coord)
0.9200000000000003,28,0,1.6666,0.919,120.0,1.0,follower,IL-BC (behavior cloning)
0.9200000000000003,29,0,1.8331,0.9208,120.0,1.0,follower,Classical-MPC
0.9200000000000003,30,0,2.0029,0.9191,120.0,1.0,follower,RL-SAC
0.9200000000000003,31,0,2.1691000000000003,0.9204,120.0,1.0,follower,RL-PPO
0.9200000000000003,32,0,2.1709,0.5888,120.0,1.0,follower,Classical-MPC
0.9200000000000003,33,0,2.1711,0.7114,120.0,1.0,follower,Classical-MPC
0.9200000000000003,34,0,2.1691000000000003,0.8608,120.0,1.0,follower,RL-SAC
0.9200000000000003,35,0,2.1692,0.1118,120.0,1.0,follower,DL-CNN (vision)
0.9200000000000003,36,0,2.1708,0.2419,120.0,1.0,edge-relay,IL-BC (behavior cloning)
0.9200000000000003,37,0,2.1711,0.3698,120.0,1.0,follower,Classical-MPC
0.9200000000000003,38,0,2.1687,0.4997,120.0,1.0,follower,RL-PPO
0.9200000000000003,39,0,1.4569,0.0788,120.0,1.0,follower,DL-Transformer (coord)
0.9200000000000003,40,0,1.6251,0.0814,120.0,1.0,follower,Classical-MPC
0.9200000000000003,41,0,1.7917,0.0788,120.0,1.0,follower,DL-Transformer (coord)
0.9200000000000003,42,0,2.0029,0.0791,120.0,1.0,follower,RL-PPO
0.9200000000000003,43,0,2.1691000000000003,0.0804,120.0,1.0,follower,RL-PPO
0.9200000000000003,44,0,1.3309,0.1757,120.0,1.0,follower,RL-SAC
0.9200000000000003,45,0,1.3311,0.3076,120.0,1.0,follower,Classical-MPC
0.9200000000000003,46,0,1.3296999999999999,0.4342,120.0,1.0,follower,RL-PPO
0.9200000000000003,47,0,1.3292,0.5295,120.0,1.0,follower,RL-PPO
0.9200000000000003,48,0,1.3308,0.6503,120.0,1.0,safety-sentry,DL-CNN (vision)
0.9200000000000003,49,0,1.3311,0.769,120.0,1.0,follower,RL-PPO
0.9200000000000003,50,0,1.3285,0.9199,120.0,1.0,follower,RL-PPO
0.9200000000000003,51,2,2.5813,0.9187,120.0,1.0,follower,RL-PPO
0.9200000000000003,52,2,2.7315,0.9204,120.0,1.0,follower,DL-Transformer (coord)
0.9200000000000003,53,2,2.8866,0.921,120.0,1.0,follower,IL-BC (behavior cloning)
0.9200000000000003,54,2,3.0369,0.92,120.0,1.0,follower,DL-CNN (vision)
0.9200000000000003,55,2,3.1921,0.9208,120.0,1.0,follower,RL-PPO
0.9200000000000003,56,2,3.3447,0.9201,120.0,1.0,leader,DL-CNN (vision)
0.9200000000000003,57,2,3.4213,0.5266,120.0,1.0,follower,DL-Transformer (coord)
0.9200000000000003,58,2,3.42,0.6404,120.0,1.0,follower,Classical-MPC
0.9200000000000003,59,2,3.4208,0.7786,120.0,1.0,follower,Classical-MPC
0.9200000000000003,60,2,3.4189,0.8922,120.0,1.0,follower,RL-SAC
0.9200000000000003,61,2,2.6551,0.4989,120.0,1.0,safety-sentry,RL-PPO
0.9200000000000003,62,2,2.8079,0.4986,120.0,1.0,follower,Classical-MPC
0.9200000000000003,63,2,2.9626,0.4986,120.0,1.0,leader,Classical-MPC
0.9200000000000003,64,2,3.1135,0.5002,120.0,1.0,follower,DL-CNN (vision)
0.9200000000000003,65,2,3.2664,0.5005,120.0,1.0,follower,IL-BC (behavior cloning)
0.9200000000000003,66,2,3.4187,0.4996,120.0,1.0,follower,Classical-MPC
0.9200000000000003,67,2,2.5788,0.2004,120.0,1.0,safety-sentry,DL-Transformer (coord)
0.9200000000000003,68,2,2.5811,0.321,120.0,1.0,safety-sentry,Classical-MPC
0.9200000000000003,69,2,2.5787,0.44,120.0,1.0,edge-relay,RL-PPO
0.9200000000000003,70,2,2.6195,0.0786,120.0,1.0,follower,RL-SAC
0.9200000000000003,71,2,2.7709,0.0804,120.0,1.0,edge-relay,RL-SAC
0.9200000000000003,72,2,2.923,0.0813,120.0,1.0,follower,RL-PPO
0.9200000000000003,73,2,3.0778,0.0807,120.0,1.0,follower,Classical-MPC
0.9200000000000003,74,2,3.2304,0.0802,120.0,1.0,follower,RL-PPO
0.9200000000000003,75,2,3.4187,0.0796,120.0,1.0,follower,DL-Transformer (coord)
0.9200000000000003,76,5,3.8315,0.9211,120.0,1.0,follower,RL-PPO
0.9200000000000003,77,5,3.9841,0.9189,120.0,1.0,follower,DL-CNN (vision)
0.9200000000000003,78,5,4.1362,0.9189,120.0,1.0,follower,DL-CNN (vision)
0.9200000000000003,79,5,4.2891,0.9195,120.0,1.0,follower,RL-SAC
0.9200000000000003,80,5,4.4395,0.9193,120.0,1.0,follower,DL-Transformer (coord)
0.9200000000000003,81,5,4.5938,0.9207,120.0,1.0,follower,DL-Transformer (coord)
0.9200000000000003,82,5,3.8292,0.5294,120.0,1.0,follower,DL-CNN (vision)
0.9200000000000003,83,5,3.8301,0.6396,120.0,1.0,follower,IL-BC (behavior cloning)
0.9200000000000003,84,5,3.8307,0.7799,120.0,1.0,follower,RL-PPO
0.9200000000000003,85,5,3.8297,0.8923,120.0,1.0,edge-relay,RL-SAC
0.9200000000000003,86,5,3.9061,0.5013,120.0,1.0,follower,DL-CNN (vision)
0.9200000000000003,87,5,4.0602,0.4987,120.0,1.0,follower,DL-CNN (vision)
0.9200000000000003,88,5,4.2125,0.4999,120.0,1.0,follower,RL-SAC
0.9200000000000003,89,5,4.3643,0.5003,120.0,1.0,edge-relay,Classical-MPC
0.9200000000000003,90,5,4.5163,0.5008,120.0,1.0,follower,Classical-MPC
0.9200000000000003,91,5,4.6686,0.4999,120.0,1.0,edge-relay,RL-PPO
0.9200000000000003,92,5,4.6714,0.1989,120.0,1.0,safety-sentry,DL-CNN (vision)
0.9200000000000003,93,5,4.6708,0.3189,120.0,1.0,leader,RL-SAC
0.9200000000000003,94,5,4.6709,0.4395,120.0,1.0,edge-relay,DL-CNN (vision)
0.9200000000000003,95,5,3.8673,0.0814,120.0,1.0,follower,RL-SAC
0.9200000000000003,96,5,4.021,0.0796,120.0,1.0,follower,DL-Transformer (coord)
0.9200000000000003,97,5,4.1739,0.0797,120.0,1.0,edge-relay,Classical-MPC
0.9200000000000003,98,5,4.327,0.0805,120.0,1.0,follower,DL-CNN (vision)
0.9200000000000003,99,5,4.4793,0.079,120.0,1.0,follower,DL-Transformer (coord)
0.9200000000000003,100,5,4.6686,0.0799,120.0,1.0,follower,DL-Transformer (coord)
0.9600000000000003,1,2,0.0813,0.9187,120.0,1.0,leader,RL-PPO
0.9600000000000003,2,2,0.2315,0.9204,120.0,1.0,follower,DL-CNN (vision)
0.9600000000000003,3,2,0.3866,0.921,120.0,1.0,follower,Classical-MPC
0.9600000000000003,4,2,0.5369,0.92,120.0,1.0,follower,DL-CNN (vision)
0.9600000000000003,5,2,0.6921,0.9208,120.0,1.0,safety-sentry,DL-Transformer (coord)
0.9600000000000003,6,2,0.8447,0.9201,120.0,1.0,follower,IL-BC (behavior cloning)
0.9600000000000003,7,2,0.9213,0.5266,120.0,1.0,follower,Classical-MPC
0.9600000000000003,8,2,0.92,0.6404,120.0,1.0,leader,IL-BC (behavior cloning)
0.9600000000000003,9,2,0.9208,0.7786,120.0,1.0,follower,RL-PPO
0.9600000000000003,10,2,0.9189,0.8922,120.0,1.0,follower,DL-CNN (vision)
0.9600000000000003,11,2,0.1551,0.4989,120.0,1.0,follower,DL-CNN (vision)
0.9600000000000003,12,2,0.3079,0.4986,120.0,1.0,edge-relay,RL-PPO
0.9600000000000003,13,2,0.4626,0.4986,120.0,1.0,follower,DL-Transformer (coord)
0.9600000000000003,14,2,0.6135,0.5002,120.0,1.0,leader,DL-Transformer (coord)
0.9600000000000003,15,2,0.7664,0.5005,120.0,1.0,follower,Classical-MPC
0.9600000000000003,16,2,0.9187,0.4996,120.0,1.0,safety-sentry,Classical-MPC
0.9600000000000003,17,2,0.0788,0.2004,120.0,1.0,follower,RL-PPO
0.9600000000000003,18,2,0.0811,0.321,120.0,1.0,follower,RL-SAC
0.9600000000000003,19,2,0.0787,0.44,120.0,1.0,safety-sentry,DL-Transformer (coord)
0.9600000000000003,20,2,0.1195,0.0786,120.0,1.0,leader,RL-PPO
0.9600000000000003,21,2,0.2709,0.0804,120.0,1.0,follower,RL-SAC
0.9600000000000003,22,2,0.423,0.0813,120.0,1.0,safety-sentry,DL-Transformer (coord)
0.9600000000000003,23,2,0.5778,0.0807,120.0,1.0,follower,RL-PPO
0.9600000000000003,24,2,0.7304,0.0802,120.0,1.0,follower,IL-BC (behavior cloning)
0.9600000000000003,25,2,0.9187,0.0796,120.0,1.0,safety-sentry,Classical-MPC
0.9600000000000003,26,0,1.3309,0.9202,120.0,1.0,follower,RL-PPO
0.9600000000000003,27,0,1.4976,0.9209,120.0,1.0,follower,DL-Transformer (coord)
0.9600000000000003,28,0,1.6666,0.919,120.0,1.0,follower,IL-BC (behavior cloning)
0.9600000000000003,29,0,1.8331,0.9208,120.0,1.0,follower,Classical-MPC
0.9600000000000003,30,0,2.0029,0.9191,120.0,1.0,follower,RL-SAC
0.9600000000000003,31,0,2.1691000000000003,0.9204,120.0,1.0,follower,RL-PPO
0.9600000000000003,32,0,2.1709,0.5888,120.0,1.0,follower,Classical-MPC
0.9600000000000003,33,0,2.1711,0.7114,120.0,1.0,follower,Classical-MPC
0.9600000000000003,34,0,2.1691000000000003,0.8608,120.0,1.0,follower,RL-SAC
0.9600000000000003,35,0,2.1692,0.1118,120.0,1.0,follower,DL-CNN (vision)
0.9600000000000003,36,0,2.1708,0.2419,120.0,1.0,edge-relay,IL-BC (behavior cloning)
0.9600000000000003,37,0,2.1711,0.3698,120.0,1.0,follower,Classical-MPC
0.9600000000000003,38,0,2.1687,0.4997,120.0,1.0,follower,RL-PPO
0.9600000000000003,39,0,1.4569,0.0788,120.0,1.0,follower,DL-Transformer (coord)
0.9600000000000003,40,0,1.6251,0.0814,120.0,1.0,follower,Classical-MPC
0.9600000000000003,41,0,1.7917,0.0788,120.0,1.0,follower,DL-Transformer (coord)
0.9600000000000003,42,0,2.0029,0.0791,120.0,1.0,follower,RL-PPO
0.9600000000000003,43,0,2.1691000000000003,0.0804,120.0,1.0,follower,RL-PPO
0.9600000000000003,44,0,1.3309,0.1757,120.0,1.0,follower,RL-SAC
0.9600000000000003,45,0,1.3311,0.3076,120.0,1.0,follower,Classical-MPC
0.9600000000000003,46,0,1.3296999999999999,0.4342,120.0,1.0,follower,RL-PPO
0.9600000000000003,47,0,1.3292,0.5295,120.0,1.0,follower,RL-PPO
0.9600000000000003,48,0,1.3308,0.6503,120.0,1.0,safety-sentry,DL-CNN (vision)
0.9600000000000003,49,0,1.3311,0.769,120.0,1.0,follower,RL-PPO
0.9600000000000003,50,0,1.3285,0.9199,120.0,1.0,follower,RL-PPO
0.9600000000000003,51,2,2.5813,0.9187,120.0,1.0,follower,RL-PPO
0.9600000000000003,52,2,2.7315,0.9204,120.0,1.0,follower,DL-Transformer (coord)
0.9600000000000003,53,2,2.8866,0.921,120.0,1.0,follower,IL-BC (behavior cloning)
0.9600000000000003,54,2,3.0369,0.92,120.0,1.0,follower,DL-CNN (vision)
0.9600000000000003,55,2,3.1921,0.9208,120.0,1.0,follower,RL-PPO
0.9600000000000003,56,2,3.3447,0.9201,120.0,1.0,leader,DL-CNN (vision)
0.9600000000000003,57,2,3.4213,0.5266,120.0,1.0,follower,DL-Transformer (coord)
0.9600000000000003,58,2,3.42,0.6404,120.0,1.0,follower,Classical-MPC
0.9600000000000003,59,2,3.4208,0.7786,120.0,1.0,follower,Classical-MPC
0.9600000000000003,60,2,3.4189,0.8922,120.0,1.0,follower,RL-SAC
0.9600000000000003,61,2,2.6551,0.4989,120.0,1.0,safety-sentry,RL-PPO
0.9600000000000003,62,2,2.8079,0.4986,120.0,1.0,follower,Classical-MPC
0.9600000000000003,63,2,2.9626,0.4986,120.0,1.0,leader,Classical-MPC
0.9600000000000003,64,2,3.1135,0.5002,120.0,1.0,follower,DL-CNN (vision)
0.9600000000000003,65,2,3.2664,0.5005,120.0,1.0,follower,IL-BC (behavior cloning)
0.9600000000000003,66,2,3.4187,0.4996,120.0,1.0,follower,Classical-MPC
0.9600000000000003,67,2,2.5788,0.2004,120.0,1.0,safety-sentry,DL-Transformer (coord)
0.9600000000000003,68,2,2.5811,0.321,120.0,1.0,safety-sentry,Classical-MPC
0.9600000000000003,69,2,2.5787,0.44,120.0,1.0,edge-relay,RL-PPO
0.9600000000000003,70,2,2.6195,0.0786,120.0,1.0,follower,RL-SAC
0.9600000000000003,71,2,2.7709,0.0804,120.0,1.0,edge-relay,RL-SAC
0.9600000000000003,72,2,2.923,0.0813,120.0,1.0,follower,RL-PPO
0.9600000000000003,73,2,3.0778,0.0807,120.0,1.0,follower,Classical-MPC
0.9600000000000003,74,2,3.2304,0.0802,120.0,1.0,follower,RL-PPO
0.9600000000000003,75,2,3.4187,0.0796,120.0,1.0,follower,DL-Transformer (coord)
0.9600000000000003,76,5,3.8315,0.9211,120.0,1.0,follower,RL-PPO
0.9600000000000003,77,5,3.9841,0.9189,120.0,1.0,follower,DL-CNN (vision)
0.9600000000000003,78,5,4.1362,0.9189,120.0,1.0,follower,DL-CNN (vision)
0.9600000000000003,79,5,4.2891,0.9195,120.0,1.0,follower,RL-SAC
0.9600000000000003,80,5,4.4395,0.9193,120.0,1.0,follower,DL-Transformer (coord)
0.9600000000000003,81,5,4.5938,0.9207,120.0,1.0,follower,DL-Transformer (coord)
0.9600000000000003,82,5,3.8292,0.5294,120.0,1.0,follower,DL-CNN (vision)
0.9600000000000003,83,5,3.8301,0.6396,120.0,1.0,follower,IL-BC (behavior cloning)
0.9600000000000003,84,5,3.8307,0.7799,120.0,1.0,follower,RL-PPO
0.9600000000000003,85,5,3.8297,0.8923,120.0,1.0,edge-relay,RL-SAC
0.9600000000000003,86,5,3.9061,0.5013,120.0,1.0,follower,DL-CNN (vision)
0.9600000000000003,87,5,4.0602,0.4987,120.0,1.0,follower,DL-CNN (vision)
0.9600000000000003,88,5,4.2125,0.4999,120.0,1.0,follower,RL-SAC
0.9600000000000003,89,5,4.3643,0.5003,120.0,1.0,edge-relay,Classical-MPC
0.9600000000000003,90,5,4.5163,0.5008,120.0,1.0,follower,Classical-MPC
0.9600000000000003,91,5,4.6686,0.4999,120.0,1.0,edge-relay,RL-PPO
0.9600000000000003,92,5,4.6714,0.1989,120.0,1.0,safety-sentry,DL-CNN (vision)
0.9600000000000003,93,5,4.6708,0.3189,120.0,1.0,leader,RL-SAC
0.9600000000000003,94,5,4.6709,0.4395,120.0,1.0,edge-relay,DL-CNN (vision)
0.9600000000000003,95,5,3.8673,0.0814,120.0,1.0,follower,RL-SAC
0.9600000000000003,96,5,4.021,0.0796,120.0,1.0,follower,DL-Transformer (coord)
0.9600000000000003,97,5,4.1739,0.0797,120.0,1.0,edge-relay,Classical-MPC
0.9600000000000003,98,5,4.327,0.0805,120.0,1.0,follower,DL-CNN (vision)
0.9600000000000003,99,5,4.4793,0.079,120.0,1.0,follower,DL-Transformer (coord)
0.9600000000000003,100,5,4.6686,0.0799,120.0,1.0,follower,DL-Transformer (coord)
1.0000000000000002,1,2,0.0813,0.9187,120.0,1.0,leader,RL-PPO
1.0000000000000002,2,2,0.2315,0.9204,120.0,1.0,follower,DL-CNN (vision)
1.0000000000000002,3,2,0.3866,0.921,120.0,1.0,follower,Classical-MPC
1.0000000000000002,4,2,0.5369,0.92,120.0,1.0,follower,DL-CNN (vision)
1.0000000000000002,5,2,0.6921,0.9208,120.0,1.0,safety-sentry,DL-Transformer (coord)
1.0000000000000002,6,2,0.8447,0.9201,120.0,1.0,follower,IL-BC (behavior cloning)
1.0000000000000002,7,2,0.9213,0.5266,120.0,1.0,follower,Classical-MPC
1.0000000000000002,8,2,0.92,0.6404,120.0,1.0,leader,IL-BC (behavior cloning)
1.0000000000000002,9,2,0.9208,0.7786,120.0,1.0,follower,RL-PPO
1.0000000000000002,10,2,0.9189,0.8922,120.0,1.0,follower,DL-CNN (vision)
1.0000000000000002,11,2,0.1551,0.4989,120.0,1.0,follower,DL-CNN (vision)
1.0000000000000002,12,2,0.3079,0.4986,120.0,1.0,edge-relay,RL-PPO
1.0000000000000002,13,2,0.4626,0.4986,120.0,1.0,follower,DL-Transformer (coord)
1.0000000000000002,14,2,0.6135,0.5002,120.0,1.0,leader,DL-Transformer (coord)
1.0000000000000002,15,2,0.7664,0.5005,120.0,1.0,follower,Classical-MPC
1.0000000000000002,16,2,0.9187,0.4996,120.0,1.0,safety-sentry,Classical-MPC
1.0000000000000002,17,2,0.0788,0.2004,120.0,1.0,follower,RL-PPO
1.0000000000000002,18,2,0.0811,0.321,120.0,1.0,follower,RL-SAC
1.0000000000000002,19,2,0.0787,0.44,120.0,1.0,safety-sentry,DL-Transformer (coord)
1.0000000000000002,20,2,0.1195,0.0786,120.0,1.0,leader,RL-PPO
1.0000000000000002,21,2,0.2709,0.0804,120.0,1.0,follower,RL-SAC
1.0000000000000002,22,2,0.423,0.0813,120.0,1.0,safety-sentry,DL-Transformer (coord)
1.0000000000000002,23,2,0.5778,0.0807,120.0,1.0,follower,RL-PPO
1.0000000000000002,24,2,0.7304,0.0802,120.0,1.0,follower,IL-BC (behavior cloning)
1.0000000000000002,25,2,0.9187,0.0796,120.0,1.0,safety-sentry,Classical-MPC
1.0000000000000002,26,0,1.3309,0.9202,120.0,1.0,follower,RL-PPO
1.0000000000000002,27,0,1.4976,0.9209,120.0,1.0,follower,DL-Transformer (coord)
1.0000000000000002,28,0,1.6666,0.919,120.0,1.0,follower,IL-BC (behavior cloning)
1.0000000000000002,29,0,1.8331,0.9208,120.0,1.0,follower,Classical-MPC
1.0000000000000002,30,0,2.0029,0.9191,120.0,1.0,follower,RL-SAC
1.0000000000000002,31,0,2.1691000000000003,0.9204,120.0,1.0,follower,RL-PPO
1.0000000000000002,32,0,2.1709,0.5888,120.0,1.0,follower,Classical-MPC
1.0000000000000002,33,0,2.1711,0.7114,120.0,1.0,follower,Classical-MPC
1.0000000000000002,34,0,2.1691000000000003,0.8608,120.0,1.0,follower,RL-SAC
1.0000000000000002,35,0,2.1692,0.1118,120.0,1.0,follower,DL-CNN (vision)
1.0000000000000002,36,0,2.1708,0.2419,120.0,1.0,edge-relay,IL-BC (behavior cloning)
1.0000000000000002,37,0,2.1711,0.3698,120.0,1.0,follower,Classical-MPC
1.0000000000000002,38,0,2.1687,0.4997,120.0,1.0,follower,RL-PPO
1.0000000000000002,39,0,1.4569,0.0788,120.0,1.0,follower,DL-Transformer (coord)
1.0000000000000002,40,0,1.6251,0.0814,120.0,1.0,follower,Classical-MPC
1.0000000000000002,41,0,1.7917,0.0788,120.0,1.0,follower,DL-Transformer (coord)
1.0000000000000002,42,0,2.0029,0.0791,120.0,1.0,follower,RL-PPO
1.0000000000000002,43,0,2.1691000000000003,0.0804,120.0,1.0,follower,RL-PPO
1.0000000000000002,44,0,1.3309,0.1757,120.0,1.0,follower,RL-SAC
1.0000000000000002,45,0,1.3311,0.3076,120.0,1.0,follower,Classical-MPC
1.0000000000000002,46,0,1.3296999999999999,0.4342,120.0,1.0,follower,RL-PPO
1.0000000000000002,47,0,1.3292,0.5295,120.0,1.0,follower,RL-PPO
1.0000000000000002,48,0,1.3308,0.6503,120.0,1.0,safety-sentry,DL-CNN (vision)
1.0000000000000002,49,0,1.3311,0.769,120.0,1.0,follower,RL-PPO
1.0000000000000002,50,0,1.3285,0.9199,120.0,1.0,follower,RL-PPO
1.0000000000000002,51,2,2.5813,0.9187,120.0,1.0,follower,RL-PPO
1.0000000000000002,52,2,2.7315,0.9204,120.0,1.0,follower,DL-Transformer (coord)
1.0000000000000002,53,2,2.8866,0.921,120.0,1.0,follower,IL-BC (behavior cloning)
1.0000000000000002,54,2,3.0369,0.92,120.0,1.0,follower,DL-CNN (vision)
1.0000000000000002,55,2,3.1921,0.9208,120.0,1.0,follower,RL-PPO
1.0000000000000002,56,2,3.3447,0.9201,120.0,1.0,leader,DL-CNN (vision)
1.0000000000000002,57,2,3.4213,0.5266,120.0,1.0,follower,DL-Transformer (coord)
1.0000000000000002,58,2,3.42,0.6404,120.0,1.0,follower,Classical-MPC
1.0000000000000002,59,2,3.4208,0.7786,120.0,1.0,follower,Classical-MPC
1.0000000000000002,60,2,3.4189,0.8922,120.0,1.0,follower,RL-SAC
1.0000000000000002,61,2,2.6551,0.4989,120.0,1.0,safety-sentry,RL-PPO
1.0000000000000002,62,2,2.8079,0.4986,120.0,1.0,follower,Classical-MPC
1.0000000000000002,63,2,2.9626,0.4986,120.0,1.0,leader,Classical-MPC
1.0000000000000002,64,2,3.1135,0.5002,120.0,1.0,follower,DL-CNN (vision)
1.0000000000000002,65,2,3.2664,0.5005,120.0,1.0,follower,IL-BC (behavior cloning)
1.0000000000000002,66,2,3.4187,0.4996,120.0,1.0,follower,Classical-MPC
1.0000000000000002,67,2,2.5788,0.2004,120.0,1.0,safety-sentry,DL-Transformer (coord)
1.0000000000000002,68,2,2.5811,0.321,120.0,1.0,safety-sentry,Classical-MPC
1.0000000000000002,69,2,2.5787,0.44,120.0,1.0,edge-relay,RL-PPO
1.0000000000000002,70,2,2.6195,0.0786,120.0,1.0,follower,RL-SAC
1.0000000000000002,71,2,2.7709,0.0804,120.0,1.0,edge-relay,RL-SAC
1.0000000000000002,72,2,2.923,0.0813,120.0,1.0,follower,RL-PPO
1.0000000000000002,73,2,3.0778,0.0807,120.0,1.0,follower,Classical-MPC
1.0000000000000002,74,2,3.2304,0.0802,120.0,1.0,follower,RL-PPO
1.0000000000000002,75,2,3.4187,0.0796,120.0,1.0,follower,DL-Transformer (coord)
1.0000000000000002,76,5,3.8315,0.9211,120.0,1.0,follower,RL-PPO
1.0000000000000002,77,5,3.9841,0.9189,120.0,1.0,follower,DL-CNN (vision)
1.0000000000000002,78,5,4.1362,0.9189,120.0,1.0,follower,DL-CNN (vision)
1.0000000000000002,79,5,4.2891,0.9195,120.0,1.0,follower,RL-SAC
1.0000000000000002,80,5,4.4395,0.9193,120.0,1.0,follower,DL-Transformer (coord)
1.0000000000000002,81,5,4.5938,0.9207,120.0,1.0,follower,DL-Transformer (coord)
1.0000000000000002,82,5,3.8292,0.5294,120.0,1.0,follower,DL-CNN (vision)
1.0000000000000002,83,5,3.8301,0.6396,120.0,1.0,follower,IL-BC (behavior cloning)
1.0000000000000002,84,5,3.8307,0.7799,120.0,1.0,follower,RL-PPO
1.0000000000000002,85,5,3.8297,0.8923,120.0,1.0,edge-relay,RL-SAC
1.0000000000000002,86,5,3.9061,0.5013,120.0,1.0,follower,DL-CNN (vision)
1.0000000000000002,87,5,4.0602,0.4987,120.0,1.0,follower,DL-CNN (vision)
1.0000000000000002,88,5,4.2125,0.4999,120.0,1.0,follower,RL-SAC
1.0000000000000002,89,5,4.3643,0.5003,120.0,1.0,edge-relay,Classical-MPC
1.0000000000000002,90,5,4.5163,0.5008,120.0,1.0,follower,Classical-MPC
1.0000000000000002,91,5,4.6686,0.4999,120.0,1.0,edge-relay,RL-PPO
1.0000000000000002,92,5,4.6714,0.1989,120.0,1.0,safety-sentry,DL-CNN (vision)
1.0000000000000002,93,5,4.6708,0.3189,120.0,1.0,leader,RL-SAC
1.0000000000000002,94,5,4.6709,0.4395,120.0,1.0,edge-relay,DL-CNN (vision)
1.0000000000000002,95,5,3.8673,0.0814,120.0,1.0,follower,RL-SAC
1.0000000000000002,96,5,4.021,0.0796,120.0,1.0,follower,DL-Transformer (coord)
1.0000000000000002,97,5,4.1739,0.0797,120.0,1.0,edge-relay,Classical-MPC
1.0000000000000002,98,5,4.327,0.0805,120.0,1.0,follower,DL-CNN (vision)
1.0000000000000002,99,5,4.4793,0.079,120.0,1.0,follower,DL-Transformer (coord)
1.0000000000000002,100,5,4.6686,0.0799,120.0,1.0,follower,DL-Transformer (coord)
1.0400000000000003,1,2,0.0813,0.9187,120.0,1.0,leader,RL-PPO
1.0400000000000003,2,2,0.2315,0.9204,120.0,1.0,follower,DL-CNN (vision)
1.0400000000000003,3,2,0.3866,0.921,120.0,1.0,follower,Classical-MPC
1.0400000000000003,4,2,0.5369,0.92,120.0,1.0,follower,DL-CNN (vision)
1.0400000000000003,5,2,0.6921,0.9208,120.0,1.0,safety-sentry,DL-Transformer (coord)
1.0400000000000003,6,2,0.8447,0.9201,120.0,1.0,follower,IL-BC (behavior cloning)
1.0400000000000003,7,2,0.9213,0.5266,120.0,1.0,follower,Classical-MPC
1.0400000000000003,8,2,0.92,0.6404,120.0,1.0,leader,IL-BC (behavior cloning)
1.0400000000000003,9,2,0.9208,0.7786,120.0,1.0,follower,RL-PPO
1.0400000000000003,10,2,0.9189,0.8922,120.0,1.0,follower,DL-CNN (vision)
1.0400000000000003,11,2,0.1551,0.4989,120.0,1.0,follower,DL-CNN (vision)
1.0400000000000003,12,2,0.3079,0.4986,120.0,1.0,edge-relay,RL-PPO
1.0400000000000003,13,2,0.4626,0.4986,120.0,1.0,follower,DL-Transformer (coord)
1.0400000000000003,14,2,0.6135,0.5002,120.0,1.0,leader,DL-Transformer (coord)
1.0400000000000003,15,2,0.7664,0.5005,120.0,1.0,follower,Classical-MPC
1.0400000000000003,16,2,0.9187,0.4996,120.0,1.0,safety-sentry,Classical-MPC
1.0400000000000003,17,2,0.0788,0.2004,120.0,1.0,follower,RL-PPO
1.0400000000000003,18,2,0.0811,0.321,120.0,1.0,follower,RL-SAC
1.0400000000000003,19,2,0.0787,0.44,120.0,1.0,safety-sentry,DL-Transformer (coord)
1.0400000000000003,20,2,0.1195,0.0786,120.0,1.0,leader,RL-PPO
1.0400000000000003,21,2,0.2709,0.0804,120.0,1.0,follower,RL-SAC
1.0400000000000003,22,2,0.423,0.0813,120.0,1.0,safety-sentry,DL-Transformer (coord)
1.0400000000000003,23,2,0.5778,0.0807,120.0,1.0,follower,RL-PPO
1.0400000000000003,24,2,0.7304,0.0802,120.0,1.0,follower,IL-BC (behavior cloning)
1.0400000000000003,25,2,0.9187,0.0796,120.0,1.0,safety-sentry,Classical-MPC
1.0400000000000003,26,0,1.3309,0.9202,120.0,1.0,follower,RL-PPO
1.0400000000000003,27,0,1.4976,0.9209,120.0,1.0,follower,DL-Transformer (coord)
1.0400000000000003,28,0,1.6666,0.919,120.0,1.0,follower,IL-BC (behavior cloning)
1.0400000000000003,29,0,1.8331,0.9208,120.0,1.0,follower,Classical-MPC
1.0400000000000003,30,0,2.0029,0.9191,120.0,1.0,follower,RL-SAC
1.0400000000000003,31,0,2.1691000000000003,0.9204,120.0,1.0,follower,RL-PPO
1.0400000000000003,32,0,2.1709,0.5888,120.0,1.0,follower,Classical-MPC
1.0400000000000003,33,0,2.1711,0.7114,120.0,1.0,follower,Classical-MPC
1.0400000000000003,34,0,2.1691000000000003,0.8608,120.0,1.0,follower,RL-SAC
1.0400000000000003,35,0,2.1692,0.1118,120.0,1.0,follower,DL-CNN (vision)
1.0400000000000003,36,0,2.1708,0.2419,120.0,1.0,edge-relay,IL-BC (behavior cloning)
1.0400000000000003,37,0,2.1711,0.3698,120.0,1.0,follower,Classical-MPC
1.0400000000000003,38,0,2.1687,0.4997,120.0,1.0,follower,RL-PPO
1.0400000000000003,39,0,1.4569,0.0788,120.0,1.0,follower,DL-Transformer (coord)
1.0400000000000003,40,0,1.6251,0.0814,120.0,1.0,follower,Classical-MPC
1.0400000000000003,41,0,1.7917,0.0788,120.0,1.0,follower,DL-Transformer (coord)
1.0400000000000003,42,0,2.0029,0.0791,120.0,1.0,follower,RL-PPO
1.0400000000000003,43,0,2.1691000000000003,0.0804,120.0,1.0,follower,RL-PPO
1.0400000000000003,44,0,1.3309,0.1757,120.0,1.0,follower,RL-SAC
1.0400000000000003,45,0,1.3311,0.3076,120.0,1.0,follower,Classical-MPC
1.0400000000000003,46,0,1.3296999999999999,0.4342,120.0,1.0,follower,RL-PPO
1.0400000000000003,47,0,1.3292,0.5295,120.0,1.0,follower,RL-PPO
1.0400000000000003,48,0,1.3308,0.6503,120.0,1.0,safety-sentry,DL-CNN (vision)
1.0400000000000003,49,0,1.3311,0.769,120.0,1.0,follower,RL-PPO
1.0400000000000003,50,0,1.3285,0.9199,120.0,1.0,follower,RL-PPO
1.0400000000000003,51,2,2.5813,0.9187,120.0,1.0,follower,RL-PPO
1.0400000000000003,52,2,2.7315,0.9204,120.0,1.0,follower,DL-Transformer (coord)
1.0400000000000003,53,2,2.8866,0.921,120.0,1.0,follower,IL-BC (behavior cloning)
1.0400000000000003,54,2,3.0369,0.92,120.0,1.0,follower,DL-CNN (vision)
1.0400000000000003,55,2,3.1921,0.9208,120.0,1.0,follower,RL-PPO
1.0400000000000003,56,2,3.3447,0.9201,120.0,1.0,leader,DL-CNN (vision)
1.0400000000000003,57,2,3.4213,0.5266,120.0,1.0,follower,DL-Transformer (coord)
1.0400000000000003,58,2,3.42,0.6404,120.0,1.0,follower,Classical-MPC
1.0400000000000003,59,2,3.4208,0.7786,120.0,1.0,follower,Classical-MPC
1.0400000000000003,60,2,3.4189,0.8922,120.0,1.0,follower,RL-SAC
1.0400000000000003,61,2,2.6551,0.4989,120.0,1.0,safety-sentry,RL-PPO
1.0400000000000003,62,2,2.8079,0.4986,120.0,1.0,follower,Classical-MPC
1.0400000000000003,63,2,2.9626,0.4986,120.0,1.0,leader,Classical-MPC
1.0400000000000003,64,2,3.1135,0.5002,120.0,1.0,follower,DL-CNN (vision)
1.0400000000000003,65,2,3.2664,0.5005,120.0,1.0,follower,IL-BC (behavior cloning)
1.0400000000000003,66,2,3.4187,0.4996,120.0,1.0,follower,Classical-MPC
1.0400000000000003,67,2,2.5788,0.2004,120.0,1.0,safety-sentry,DL-Transformer (coord)
1.0400000000000003,68,2,2.5811,0.321,120.0,1.0,safety-sentry,Classical-MPC
1.0400000000000003,69,2,2.5787,0.44,120.0,1.0,edge-relay,RL-PPO
1.0400000000000003,70,2,2.6195,0.0786,120.0,1.0,follower,RL-SAC
1.0400000000000003,71,2,2.7709,0.0804,120.0,1.0,edge-relay,RL-SAC
1.0400000000000003,72,2,2.923,0.0813,120.0,1.0,follower,RL-PPO
1.0400000000000003,73,2,3.0778,0.0807,120.0,1.0,follower,Classical-MPC
1.0400000000000003,74,2,3.2304,0.0802,120.0,1.0,follower,RL-PPO
1.0400000000000003,75,2,3.4187,0.0796,120.0,1.0,follower,DL-Transformer (coord)
1.0400000000000003,76,5,3.8315,0.9211,120.0,1.0,follower,RL-PPO
1.0400000000000003,77,5,3.9841,0.9189,120.0,1.0,follower,DL-CNN (vision)
1.0400000000000003,78,5,4.1362,0.9189,120.0,1.0,follower,DL-CNN (vision)
1.0400000000000003,79,5,4.2891,0.9195,120.0,1.0,follower,RL-SAC
1.0400000000000003,80,5,4.4395,0.9193,120.0,1.0,follower,DL-Transformer (coord)
1.0400000000000003,81,5,4.5938,0.9207,120.0,1.0,follower,DL-Transformer (coord)
1.0400000000000003,82,5,3.8292,0.5294,120.0,1.0,follower,DL-CNN (vision)
1.0400000000000003,83,5,3.8301,0.6396,120.0,1.0,follower,IL-BC (behavior cloning)
1.0400000000000003,84,5,3.8307,0.7799,120.0,1.0,follower,RL-PPO
1.0400000000000003,85,5,3.8297,0.8923,120.0,1.0,edge-relay,RL-SAC
1.0400000000000003,86,5,3.9061,0.5013,120.0,1.0,follower,DL-CNN (vision)
1.0400000000000003,87,5,4.0602,0.4987,120.0,1.0,follower,DL-CNN (vision)
1.0400000000000003,88,5,4.2125,0.4999,120.0,1.0,follower,RL-SAC
1.0400000000000003,89,5,4.3643,0.5003,120.0,1.0,edge-relay,Classical-MPC
1.0400000000000003,90,5,4.5163,0.5008,120.0,1.0,follower,Classical-MPC
1.0400000000000003,91,5,4.6686,0.4999,120.0,1.0,edge-relay,RL-PPO
1.0400000000000003,92,5,4.6714,0.1989,120.0,1.0,safety-sentry,DL-CNN (vision)
1.0400000000000003,93,5,4.6708,0.3189,120.0,1.0,leader,RL-SAC
1.0400000000000003,94,5,4.6709,0.4395,120.0,1.0,edge-relay,DL-CNN (vision)
1.0400000000000003,95,5,3.8673,0.0814,120.0,1.0,follower,RL-SAC
1.0400000000000003,96,5,4.021,0.0796,120.0,1.0,follower,DL-Transformer (coord)
1.0400000000000003,97,5,4.1739,0.0797,120.0,1.0,edge-relay,Classical-MPC
1.0400000000000003,98,5,4.327,0.0805,120.0,1.0,follower,DL-CNN (vision)
1.0400000000000003,99,5,4.4793,0.079,120.0,1.0,follower,DL-Transformer (coord)
1.0400000000000003,100,5,4.6686,0.0799,120.0,1.0,follower,DL-Transformer (coord)
1.0800000000000003,1,2,0.0813,0.9187,120.0,1.0,leader,RL-PPO
1.0800000000000003,2,2,0.2315,0.9204,120.0,1.0,follower,DL-CNN (vision)
1.0800000000000003,3,2,0.3866,0.921,120.0,1.0,follower,Classical-MPC
1.0800000000000003,4,2,0.5369,0.92,120.0,1.0,follower,DL-CNN (vision)
1.0800000000000003,5,2,0.6921,0.9208,120.0,1.0,safety-sentry,DL-Transformer (coord)
1.0800000000000003,6,2,0.8447,0.9201,120.0,1.0,follower,IL-BC (behavior cloning)
1.0800000000000003,7,2,0.9213,0.5266,120.0,1.0,follower,Classical-MPC
1.0800000000000003,8,2,0.92,0.6404,120.0,1.0,leader,IL-BC (behavior cloning)
1.0800000000000003,9,2,0.9208,0.7786,120.0,1.0,follower,RL-PPO
1.0800000000000003,10,2,0.9189,0.8922,120.0,1.0,follower,DL-CNN (vision)
1.0800000000000003,11,2,0.1551,0.4989,120.0,1.0,follower,DL-CNN (vision)
1.0800000000000003,12,2,0.3079,0.4986,120.0,1.0,edge-relay,RL-PPO
1.0800000000000003,13,2,0.4626,0.4986,120.0,1.0,follower,DL-Transformer (coord)
1.0800000000000003,14,2,0.6135,0.5002,120.0,1.0,leader,DL-Transformer (coord)
1.0800000000000003,15,2,0.7664,0.5005,120.0,1.0,follower,Classical-MPC
1.0800000000000003,16,2,0.9187,0.4996,120.0,1.0,safety-sentry,Classical-MPC
1.0800000000000003,17,2,0.0788,0.2004,120.0,1.0,follower,RL-PPO
1.0800000000000003,18,2,0.0811,0.321,120.0,1.0,follower,RL-SAC
1.0800000000000003,19,2,0.0787,0.44,120.0,1.0,safety-sentry,DL-Transformer (coord)
1.0800000000000003,20,2,0.1195,0.0786,120.0,1.0,leader,RL-PPO
1.0800000000000003,21,2,0.2709,0.0804,120.0,1.0,follower,RL-SAC
1.0800000000000003,22,2,0.423,0.0813,120.0,1.0,safety-sentry,DL-Transformer (coord)
1.0800000000000003,23,2,0.5778,0.0807,120.0,1.0,follower,RL-PPO
1.0800000000000003,24,2,0.7304,0.0802,120.0,1.0,follower,IL-BC (behavior cloning)
1.0800000000000003,25,2,0.9187,0.0796,120.0,1.0,safety-sentry,Classical-MPC
1.0800000000000003,26,0,1.3309,0.9202,120.0,1.0,follower,RL-PPO
1.0800000000000003,27,0,1.4976,0.9209,120.0,1.0,follower,DL-Transformer (coord)
1.0800000000000003,28,0,1.6666,0.919,120.0,1.0,follower,IL-BC (behavior cloning)
1.0800000000000003,29,0,1.8331,0.9208,120.0,1.0,follower,Classical-MPC
1.0800000000000003,30,0,2.0029,0.9191,120.0,1.0,follower,RL-SAC
1.0800000000000003,31,0,2.1691000000000003,0.9204,120.0,1.0,follower,RL-PPO
1.0800000000000003,32,0,2.1709,0.5888,120.0,1.0,follower,Classical-MPC
1.0800000000000003,33,0,2.1711,0.7114,120.0,1.0,follower,Classical-MPC
1.0800000000000003,34,0,2.1691000000000003,0.8608,120.0,1.0,follower,RL-SAC
1.0800000000000003,35,0,2.1692,0.1118,120.0,1.0,follower,DL-CNN (vision)
1.0800000000000003,36,0,2.1708,0.2419,120.0,1.0,edge-relay,IL-BC (behavior cloning)
1.0800000000000003,37,0,2.1711,0.3698,120.0,1.0,follower,Classical-MPC
1.0800000000000003,38,0,2.1687,0.4997,120.0,1.0,follower,RL-PPO
1.0800000000000003,39,0,1.4569,0.0788,120.0,1.0,follower,DL-Transformer (coord)
1.0800000000000003,40,0,1.6251,0.0814,120.0,1.0,follower,Classical-MPC
1.0800000000000003,41,0,1.7917,0.0788,120.0,1.0,follower,DL-Transformer (coord)
1.0800000000000003,42,0,2.0029,0.0791,120.0,1.0,follower,RL-PPO
1.0800000000000003,43,0,2.1691000000000003,0.0804,120.0,1.0,follower,RL-PPO
1.0800000000000003,44,0,1.3309,0.1757,120.0,1.0,follower,RL-SAC
1.0800000000000003,45,0,1.3311,0.3076,120.0,1.0,follower,Classical-MPC
1.0800000000000003,46,0,1.3296999999999999,0.4342,120.0,1.0,follower,RL-PPO
1.0800000000000003,47,0,1.3292,0.5295,120.0,1.0,follower,RL-PPO
1.0800000000000003,48,0,1.3308,0.6503,120.0,1.0,safety-sentry,DL-CNN (vision)
1.0800000000000003,49,0,1.3311,0.769,120.0,1.0,follower,RL-PPO
1.0800000000000003,50,0,1.3285,0.9199,120.0,1.0,follower,RL-PPO
1.0800000000000003,51,2,2.5813,0.9187,120.0,1.0,follower,RL-PPO
1.0800000000000003,52,2,2.7315,0.9204,120.0,1.0,follower,DL-Transformer (coord)
1.0800000000000003,53,2,2.8866,0.921,120.0,1.0,follower,IL-BC (behavior cloning)
1.0800000000000003,54,2,3.0369,0.92,120.0,1.0,follower,DL-CNN (vision)
1.0800000000000003,55,2,3.1921,0.9208,120.0,1.0,follower,RL-PPO
1.0800000000000003,56,2,3.3447,0.9201,120.0,1.0,leader,DL-CNN (vision)
1.0800000000000003,57,2,3.4213,0.5266,120.0,1.0,follower,DL-Transformer (coord)
1.0800000000000003,58,2,3.42,0.6404,120.0,1.0,follower,Classical-MPC
1.0800000000000003,59,2,3.4208,0.7786,120.0,1.0,follower,Classical-MPC
1.0800000000000003,60,2,3.4189,0.8922,120.0,1.0,follower,RL-SAC
1.0800000000000003,61,2,2.6551,0.4989,120.0,1.0,safety-sentry,RL-PPO
1.0800000000000003,62,2,2.8079,0.4986,120.0,1.0,follower,Classical-MPC
1.0800000000000003,63,2,2.9626,0.4986,120.0,1.0,leader,Classical-MPC
1.0800000000000003,64,2,3.1135,0.5002,120.0,1.0,follower,DL-CNN (vision)
1.0800000000000003,65,2,3.2664,0.5005,120.0,1.0,follower,IL-BC (behavior cloning)
1.0800000000000003,66,2,3.4187,0.4996,120.0,1.0,follower,Classical-MPC
1.0800000000000003,67,2,2.5788,0.2004,120.0,1.0,safety-sentry,DL-Transformer (coord)
1.0800000000000003,68,2,2.5811,0.321,120.0,1.0,safety-sentry,Classical-MPC
1.0800000000000003,69,2,2.5787,0.44,120.0,1.0,edge-relay,RL-PPO
1.0800000000000003,70,2,2.6195,0.0786,120.0,1.0,follower,RL-SAC
1.0800000000000003,71,2,2.7709,0.0804,120.0,1.0,edge-relay,RL-SAC
1.0800000000000003,72,2,2.923,0.0813,120.0,1.0,follower,RL-PPO
1.0800000000000003,73,2,3.0778,0.0807,120.0,1.0,follower,Classical-MPC
1.0800000000000003,74,2,3.2304,0.0802,120.0,1.0,follower,RL-PPO
1.0800000000000003,75,2,3.4187,0.0796,120.0,1.0,follower,DL-Transformer (coord)
1.0800000000000003,76,5,3.8315,0.9211,120.0,1.0,follower,RL-PPO
1.0800000000000003,77,5,3.9841,0.9189,120.0,1.0,follower,DL-CNN (vision)
1.0800000000000003,78,5,4.1362,0.9189,120.0,1.0,follower,DL-CNN (vision)
1.0800000000000003,79,5,4.2891,0.9195,120.0,1.0,follower,RL-SAC
1.0800000000000003,80,5,4.4395,0.9193,120.0,1.0,follower,DL-Transformer (coord)
1.0800000000000003,81,5,4.5938,0.9207,120.0,1.0,follower,DL-Transformer (coord)
1.0800000000000003,82,5,3.8292,0.5294,120.0,1.0,follower,DL-CNN (vision)
1.0800000000000003,83,5,3.8301,0.6396,120.0,1.0,follower,IL-BC (behavior cloning)
1.0800000000000003,84,5,3.8307,0.7799,120.0,1.0,follower,RL-PPO
1.0800000000000003,85,5,3.8297,0.8923,120.0,1.0,edge-relay,RL-SAC
1.0800000000000003,86,5,3.9061,0.5013,120.0,1.0,follower,DL-CNN (vision)
1.0800000000000003,87,5,4.0602,0.4987,120.0,1.0,follower,DL-CNN (vision)
1.0800000000000003,88,5,4.2125,0.4999,120.0,1.0,follower,RL-SAC
1.0800000000000003,89,5,4.3643,0.5003,120.0,1.0,edge-relay,Classical-MPC
1.0800000000000003,90,5,4.5163,0.5008,120.0,1.0,follower,Classical-MPC
1.0800000000000003,91,5,4.6686,0.4999,120.0,1.0,edge-relay,RL-PPO
1.0800000000000003,92,5,4.6714,0.1989,120.0,1.0,safety-sentry,DL-CNN (vision)
1.0800000000000003,93,5,4.6708,0.3189,120.0,1.0,leader,RL-SAC
1.0800000000000003,94,5,4.6709,0.4395,120.0,1.0,edge-relay,DL-CNN (vision)
1.0800000000000003,95,5,3.8673,0.0814,120.0,1.0,follower,RL-SAC
1.0800000000000003,96,5,4.021,0.0796,120.0,1.0,follower,DL-Transformer (coord)
1.0800000000000003,97,5,4.1739,0.0797,120.0,1.0,edge-relay,Classical-MPC
1.0800000000000003,98,5,4.327,0.0805,120.0,1.0,follower,DL-CNN (vision)
1.0800000000000003,99,5,4.4793,0.079,120.0,1.0,follower,DL-Transformer (coord)
1.0800000000000003,100,5,4.6686,0.0799,120.0,1.0,follower,DL-Transformer (coord)
1.1200000000000003,1,2,0.0813,0.9187,120.0,1.0,leader,RL-PPO
1.1200000000000003,2,2,0.2315,0.9204,120.0,1.0,follower,DL-CNN (vision)
1.1200000000000003,3,2,0.3866,0.921,120.0,1.0,follower,Classical-MPC
1.1200000000000003,4,2,0.5369,0.92,120.0,1.0,follower,DL-CNN (vision)
1.1200000000000003,5,2,0.6921,0.9208,120.0,1.0,safety-sentry,DL-Transformer (coord)
1.1200000000000003,6,2,0.8447,0.9201,120.0,1.0,follower,IL-BC (behavior cloning)
1.1200000000000003,7,2,0.9213,0.5266,120.0,1.0,follower,Classical-MPC
1.1200000000000003,8,2,0.92,0.6404,120.0,1.0,leader,IL-BC (behavior cloning)
1.1200000000000003,9,2,0.9208,0.7786,120.0,1.0,follower,RL-PPO
1.1200000000000003,10,2,0.9189,0.8922,120.0,1.0,follower,DL-CNN (vision)
1.1200000000000003,11,2,0.1551,0.4989,120.0,1.0,follower,DL-CNN (vision)
1.1200000000000003,12,2,0.3079,0.4986,120.0,1.0,edge-relay,RL-PPO
1.1200000000000003,13,2,0.4626,0.4986,120.0,1.0,follower,DL-Transformer (coord)
1.1200000000000003,14,2,0.6135,0.5002,120.0,1.0,leader,DL-Transformer (coord)
1.1200000000000003,15,2,0.7664,0.5005,120.0,1.0,follower,Classical-MPC
1.1200000000000003,16,2,0.9187,0.4996,120.0,1.0,safety-sentry,Classical-MPC
1.1200000000000003,17,2,0.0788,0.2004,120.0,1.0,follower,RL-PPO
1.1200000000000003,18,2,0.0811,0.321,120.0,1.0,follower,RL-SAC
1.1200000000000003,19,2,0.0787,0.44,120.0,1.0,safety-sentry,DL-Transformer (coord)
1.1200000000000003,20,2,0.1195,0.0786,120.0,1.0,leader,RL-PPO
1.1200000000000003,21,2,0.2709,0.0804,120.0,1.0,follower,RL-SAC
1.1200000000000003,22,2,0.423,0.0813,120.0,1.0,safety-sentry,DL-Transformer (coord)
1.1200000000000003,23,2,0.5778,0.0807,120.0,1.0,follower,RL-PPO
1.1200000000000003,24,2,0.7304,0.0802,120.0,1.0,follower,IL-BC (behavior cloning)
1.1200000000000003,25,2,0.9187,0.0796,120.0,1.0,safety-sentry,Classical-MPC
1.1200000000000003,26,0,1.3309,0.9202,120.0,1.0,follower,RL-PPO
1.1200000000000003,27,0,1.4976,0.9209,120.0,1.0,follower,DL-Transformer (coord)
1.1200000000000003,28,0,1.6666,0.919,120.0,1.0,follower,IL-BC (behavior cloning)
1.1200000000000003,29,0,1.8331,0.9208,120.0,1.0,follower,Classical-MPC
1.1200000000000003,30,0,2.0029,0.9191,120.0,1.0,follower,RL-SAC
1.1200000000000003,31,0,2.1691000000000003,0.9204,120.0,1.0,follower,RL-PPO
1.1200000000000003,32,0,2.1709,0.5888,120.0,1.0,follower,Classical-MPC
1.1200000000000003,33,0,2.1711,0.7114,120.0,1.0,follower,Classical-MPC
1.1200000000000003,34,0,2.1691000000000003,0.8608,120.0,1.0,follower,RL-SAC
1.1200000000000003,35,0,2.1692,0.1118,120.0,1.0,follower,DL-CNN (vision)
1.1200000000000003,36,0,2.1708,0.2419,120.0,1.0,edge-relay,IL-BC (behavior cloning)
1.1200000000000003,37,0,2.1711,0.3698,120.0,1.0,follower,Classical-MPC
1.1200000000000003,38,0,2.1687,0.4997,120.0,1.0,follower,RL-PPO
1.1200000000000003,39,0,1.4569,0.0788,120.0,1.0,follower,DL-Transformer (coord)
1.1200000000000003,40,0,1.6251,0.0814,120.0,1.0,follower,Classical-MPC
1.1200000000000003,41,0,1.7917,0.0788,120.0,1.0,follower,DL-Transformer (coord)
1.1200000000000003,42,0,2.0029,0.0791,120.0,1.0,follower,RL-PPO
1.1200000000000003,43,0,2.1691000000000003,0.0804,120.0,1.0,follower,RL-PPO
1.1200000000000003,44,0,1.3309,0.1757,120.0,1.0,follower,RL-SAC
1.1200000000000003,45,0,1.3311,0.3076,120.0,1.0,follower,Classical-MPC
1.1200000000000003,46,0,1.3296999999999999,0.4342,120.0,1.0,follower,RL-PPO
1.1200000000000003,47,0,1.3292,0.5295,120.0,1.0,follower,RL-PPO
1.1200000000000003,48,0,1.3308,0.6503,120.0,1.0,safety-sentry,DL-CNN (vision)
1.1200000000000003,49,0,1.3311,0.769,120.0,1.0,follower,RL-PPO
1.1200000000000003,50,0,1.3285,0.9199,120.0,1.0,follower,RL-PPO
1.1200000000000003,51,2,2.5813,0.9187,120.0,1.0,follower,RL-PPO
1.1200000000000003,52,2,2.7315,0.9204,120.0,1.0,follower,DL-Transformer (coord)
1.1200000000000003,53,2,2.8866,0.921,120.0,1.0,follower,IL-BC (behavior cloning)
1.1200000000000003,54,2,3.0369,0.92,120.0,1.0,follower,DL-CNN (vision)
1.1200000000000003,55,2,3.1921,0.9208,120.0,1.0,follower,RL-PPO
1.1200000000000003,56,2,3.3447,0.9201,120.0,1.0,leader,DL-CNN (vision)
1.1200000000000003,57,2,3.4213,0.5266,120.0,1.0,follower,DL-Transformer (coord)
1.1200000000000003,58,2,3.42,0.6404,120.0,1.0,follower,Classical-MPC
1.1200000000000003,59,2,3.4208,0.7786,120.0,1.0,follower,Classical-MPC
1.1200000000000003,60,2,3.4189,0.8922,120.0,1.0,follower,RL-SAC
1.1200000000000003,61,2,2.6551,0.4989,120.0,1.0,safety-sentry,RL-PPO
1.1200000000000003,62,2,2.8079,0.4986,120.0,1.0,follower,Classical-MPC
1.1200000000000003,63,2,2.9626,0.4986,120.0,1.0,leader,Classical-MPC
1.1200000000000003,64,2,3.1135,0.5002,120.0,1.0,follower,DL-CNN (vision)
1.1200000000000003,65,2,3.2664,0.5005,120.0,1.0,follower,IL-BC (behavior cloning)
1.1200000000000003,66,2,3.4187,0.4996,120.0,1.0,follower,Classical-MPC
1.1200000000000003,67,2,2.5788,0.2004,120.0,1.0,safety-sentry,DL-Transformer (coord)
1.1200000000000003,68,2,2.5811,0.321,120.0,1.0,safety-sentry,Classical-MPC
1.1200000000000003,69,2,2.5787,0.44,120.0,1.0,edge-relay,RL-PPO
1.1200000000000003,70,2,2.6195,0.0786,120.0,1.0,follower,RL-SAC
1.1200000000000003,71,2,2.7709,0.0804,120.0,1.0,edge-relay,RL-SAC
1.1200000000000003,72,2,2.923,0.0813,120.0,1.0,follower,RL-PPO
1.1200000000000003,73,2,3.0778,0.0807,120.0,1.0,follower,Classical-MPC
1.1200000000000003,74,2,3.2304,0.0802,120.0,1.0,follower,RL-PPO
1.1200000000000003,75,2,3.4187,0.0796,120.0,1.0,follower,DL-Transformer (coord)
1.1200000000000003,76,5,3.8315,0.9211,120.0,1.0,follower,RL-PPO
1.1200000000000003,77,5,3.9841,0.9189,120.0,1.0,follower,DL-CNN (vision)
1.1200000000000003,78,5,4.1362,0.9189,120.0,1.0,follower,DL-CNN (vision)
1.1200000000000003,79,5,4.2891,0.9195,120.0,1.0,follower,RL-SAC
1.1200000000000003,80,5,4.4395,0.9193,120.0,1.0,follower,DL-Transformer (coord)
1.1200000000000003,81,5,4.5938,0.9207,120.0,1.0,follower,DL-Transformer (coord)
1.1200000000000003,82,5,3.8292,0.5294,120.0,1.0,follower,DL-CNN (vision)
1.1200000000000003,83,5,3.8301,0.6396,120.0,1.0,follower,IL-BC (behavior cloning)
1.1200000000000003,84,5,3.8307,0.7799,120.0,1.0,follower,RL-PPO
1.1200000000000003,85,5,3.8297,0.8923,120.0,1.0,edge-relay,RL-SAC
1.1200000000000003,86,5,3.9061,0.5013,120.0,1.0,follower,DL-CNN (vision)
1.1200000000000003,87,5,4.0602,0.4987,120.0,1.0,follower,DL-CNN (vision)
1.1200000000000003,88,5,4.2125,0.4999,120.0,1.0,follower,RL-SAC
1.1200000000000003,89,5,4.3643,0.5003,120.0,1.0,edge-relay,Classical-MPC
1.1200000000000003,90,5,4.5163,0.5008,120.0,1.0,follower,Classical-MPC
1.1200000000000003,91,5,4.6686,0.4999,120.0,1.0,edge-relay,RL-PPO
1.1200000000000003,92,5,4.6714,0.1989,120.0,1.0,safety-sentry,DL-CNN (vision)
1.1200000000000003,93,5,4.6708,0.3189,120.0,1.0,leader,RL-SAC
1.1200000000000003,94,5,4.6709,0.4395,120.0,1.0,edge-relay,DL-CNN (vision)
1.1200000000000003,95,5,3.8673,0.0814,120.0,1.0,follower,RL-SAC
1.1200000000000003,96,5,4.021,0.0796,120.0,1.0,follower,DL-Transformer (coord)
1.1200000000000003,97,5,4.1739,0.0797,120.0,1.0,edge-relay,Classical-MPC
1.1200000000000003,98,5,4.327,0.0805,120.0,1.0,follower,DL-CNN (vision)
1.1200000000000003,99,5,4.4793,0.079,120.0,1.0,follower,DL-Transformer (coord)
1.1200000000000003,100,5,4.6686,0.0799,120.0,1.0,follower,DL-Transformer (coord)
1.1600000000000004,1,2,0.0813,0.9187,120.0,1.0,leader,RL-PPO
1.1600000000000004,2,2,0.2315,0.9204,120.0,1.0,follower,DL-CNN (vision)
1.1600000000000004,3,2,0.3866,0.921,120.0,1.0,follower,Classical-MPC
1.1600000000000004,4,2,0.5369,0.92,120.0,1.0,follower,DL-CNN (vision)
1.1600000000000004,5,2,0.6921,0.9208,120.0,1.0,safety-sentry,DL-Transformer (coord)
1.1600000000000004,6,2,0.8447,0.9201,120.0,1.0,follower,IL-BC (behavior cloning)
1.1600000000000004,7,2,0.9213,0.5266,120.0,1.0,follower,Classical-MPC
1.1600000000000004,8,2,0.92,0.6404,120.0,1.0,leader,IL-BC (behavior cloning)
1.1600000000000004,9,2,0.9208,0.7786,120.0,1.0,follower,RL-PPO
1.1600000000000004,10,2,0.9189,0.8922,120.0,1.0,follower,DL-CNN (vision)
1.1600000000000004,11,2,0.1551,0.4989,120.0,1.0,follower,DL-CNN (vision)
1.1600000000000004,12,2,0.3079,0.4986,120.0,1.0,edge-relay,RL-PPO
1.1600000000000004,13,2,0.4626,0.4986,120.0,1.0,follower,DL-Transformer (coord)
1.1600000000000004,14,2,0.6135,0.5002,120.0,1.0,leader,DL-Transformer (coord)
1.1600000000000004,15,2,0.7664,0.5005,120.0,1.0,follower,Classical-MPC
1.1600000000000004,16,2,0.9187,0.4996,120.0,1.0,safety-sentry,Classical-MPC
1.1600000000000004,17,2,0.0788,0.2004,120.0,1.0,follower,RL-PPO
1.1600000000000004,18,2,0.0811,0.321,120.0,1.0,follower,RL-SAC
1.1600000000000004,19,2,0.0787,0.44,120.0,1.0,safety-sentry,DL-Transformer (coord)
1.1600000000000004,20,2,0.1195,0.0786,120.0,1.0,leader,RL-PPO
1.1600000000000004,21,2,0.2709,0.0804,120.0,1.0,follower,RL-SAC
1.1600000000000004,22,2,0.423,0.0813,120.0,1.0,safety-sentry,DL-Transformer (coord)
1.1600000000000004,23,2,0.5778,0.0807,120.0,1.0,follower,RL-PPO
1.1600000000000004,24,2,0.7304,0.0802,120.0,1.0,follower,IL-BC (behavior cloning)
1.1600000000000004,25,2,0.9187,0.0796,120.0,1.0,safety-sentry,Classical-MPC
1.1600000000000004,26,0,1.3309,0.9202,120.0,1.0,follower,RL-PPO
1.1600000000000004,27,0,1.4976,0.9209,120.0,1.0,follower,DL-Transformer (coord)
1.1600000000000004,28,0,1.6666,0.919,120.0,1.0,follower,IL-BC (behavior cloning)
1.1600000000000004,29,0,1.8331,0.9208,120.0,1.0,follower,Classical-MPC
1.1600000000000004,30,0,2.0029,0.9191,120.0,1.0,follower,RL-SAC
1.1600000000000004,31,0,2.1691000000000003,0.9204,120.0,1.0,follower,RL-PPO
1.1600000000000004,32,0,2.1709,0.5888,120.0,1.0,follower,Classical-MPC
1.1600000000000004,33,0,2.1711,0.7114,120.0,1.0,follower,Classical-MPC
1.1600000000000004,34,0,2.1691000000000003,0.8608,120.0,1.0,follower,RL-SAC
1.1600000000000004,35,0,2.1692,0.1118,120.0,1.0,follower,DL-CNN (vision)
1.1600000000000004,36,0,2.1708,0.2419,120.0,1.0,edge-relay,IL-BC (behavior cloning)
1.1600000000000004,37,0,2.1711,0.3698,120.0,1.0,follower,Classical-MPC
1.1600000000000004,38,0,2.1687,0.4997,120.0,1.0,follower,RL-PPO
1.1600000000000004,39,0,1.4569,0.0788,120.0,1.0,follower,DL-Transformer (coord)
1.1600000000000004,40,0,1.6251,0.0814,120.0,1.0,follower,Classical-MPC
1.1600000000000004,41,0,1.7917,0.0788,120.0,1.0,follower,DL-Transformer (coord)
1.1600000000000004,42,0,2.0029,0.0791,120.0,1.0,follower,RL-PPO
1.1600000000000004,43,0,2.1691000000000003,0.0804,120.0,1.0,follower,RL-PPO
1.1600000000000004,44,0,1.3309,0.1757,120.0,1.0,follower,RL-SAC
1.1600000000000004,45,0,1.3311,0.3076,120.0,1.0,follower,Classical-MPC
1.1600000000000004,46,0,1.3296999999999999,0.4342,120.0,1.0,follower,RL-PPO
1.1600000000000004,47,0,1.3292,0.5295,120.0,1.0,follower,RL-PPO
1.1600000000000004,48,0,1.3308,0.6503,120.0,1.0,safety-sentry,DL-CNN (vision)
1.1600000000000004,49,0,1.3311,0.769,120.0,1.0,follower,RL-PPO
1.1600000000000004,50,0,1.3285,0.9199,120.0,1.0,follower,RL-PPO
1.1600000000000004,51,2,2.5813,0.9187,120.0,1.0,follower,RL-PPO
1.1600000000000004,52,2,2.7315,0.9204,120.0,1.0,follower,DL-Transformer (coord)
1.1600000000000004,53,2,2.8866,0.921,120.0,1.0,follower,IL-BC (behavior cloning)
1.1600000000000004,54,2,3.0369,0.92,120.0,1.0,follower,DL-CNN (vision)
1.1600000000000004,55,2,3.1921,0.9208,120.0,1.0,follower,RL-PPO
1.1600000000000004,56,2,3.3447,0.9201,120.0,1.0,leader,DL-CNN (vision)
1.1600000000000004,57,2,3.4213,0.5266,120.0,1.0,follower,DL-Transformer (coord)
1.1600000000000004,58,2,3.42,0.6404,120.0,1.0,follower,Classical-MPC
1.1600000000000004,59,2,3.4208,0.7786,120.0,1.0,follower,Classical-MPC
1.1600000000000004,60,2,3.4189,0.8922,120.0,1.0,follower,RL-SAC
1.1600000000000004,61,2,2.6551,0.4989,120.0,1.0,safety-sentry,RL-PPO
1.1600000000000004,62,2,2.8079,0.4986,120.0,1.0,follower,Classical-MPC
1.1600000000000004,63,2,2.9626,0.4986,120.0,1.0,leader,Classical-MPC
1.1600000000000004,64,2,3.1135,0.5002,120.0,1.0,follower,DL-CNN (vision)
1.1600000000000004,65,2,3.2664,0.5005,120.0,1.0,follower,IL-BC (behavior cloning)
1.1600000000000004,66,2,3.4187,0.4996,120.0,1.0,follower,Classical-MPC
1.1600000000000004,67,2,2.5788,0.2004,120.0,1.0,safety-sentry,DL-Transformer (coord)
1.1600000000000004,68,2,2.5811,0.321,120.0,1.0,safety-sentry,Classical-MPC
1.1600000000000004,69,2,2.5787,0.44,120.0,1.0,edge-relay,RL-PPO
1.1600000000000004,70,2,2.6195,0.0786,120.0,1.0,follower,RL-SAC
1.1600000000000004,71,2,2.7709,0.0804,120.0,1.0,edge-relay,RL-SAC
1.1600000000000004,72,2,2.923,0.0813,120.0,1.0,follower,RL-PPO
1.1600000000000004,73,2,3.0778,0.0807,120.0,1.0,follower,Classical-MPC
1.1600000000000004,74,2,3.2304,0.0802,120.0,1.0,follower,RL-PPO
1.1600000000000004,75,2,3.4187,0.0796,120.0,1.0,follower,DL-Transformer (coord)
1.1600000000000004,76,5,3.8315,0.9211,120.0,1.0,follower,RL-PPO
1.1600000000000004,77,5,3.9841,0.9189,120.0,1.0,follower,DL-CNN (vision)
1.1600000000000004,78,5,4.1362,0.9189,120.0,1.0,follower,DL-CNN (vision)
1.1600000000000004,79,5,4.2891,0.9195,120.0,1.0,follower,RL-SAC
1.1600000000000004,80,5,4.4395,0.9193,120.0,1.0,follower,DL-Transformer (coord)
1.1600000000000004,81,5,4.5938,0.9207,120.0,1.0,follower,DL-Transformer (coord)
1.1600000000000004,82,5,3.8292,0.5294,120.0,1.0,follower,DL-CNN (vision)
1.1600000000000004,83,5,3.8301,0.6396,120.0,1.0,follower,IL-BC (behavior cloning)
1.1600000000000004,84,5,3.8307,0.7799,120.0,1.0,follower,RL-PPO
1.1600000000000004,85,5,3.8297,0.8923,120.0,1.0,edge-relay,RL-SAC
1.1600000000000004,86,5,3.9061,0.5013,120.0,1.0,follower,DL-CNN (vision)
1.1600000000000004,87,5,4.0602,0.4987,120.0,1.0,follower,DL-CNN (vision)
1.1600000000000004,88,5,4.2125,0.4999,120.0,1.0,follower,RL-SAC
1.1600000000000004,89,5,4.3643,0.5003,120.0,1.0,edge-relay,Classical-MPC
1.1600000000000004,90,5,4.5163,0.5008,120.0,1.0,follower,Classical-MPC
1.1600000000000004,91,5,4.6686,0.4999,120.0,1.0,edge-relay,RL-PPO
1.1600000000000004,92,5,4.6714,0.1989,120.0,1.0,safety-sentry,DL-CNN (vision)
1.1600000000000004,93,5,4.6708,0.3189,120.0,1.0,leader,RL-SAC
1.1600000000000004,94,5,4.6709,0.4395,120.0,1.0,edge-relay,DL-CNN (vision)
1.1600000000000004,95,5,3.8673,0.0814,120.0,1.0,follower,RL-SAC
1.1600000000000004,96,5,4.021,0.0796,120.0,1.0,follower,DL-Transformer (coord)
1.1600000000000004,97,5,4.1739,0.0797,120.0,1.0,edge-relay,Classical-MPC
1.1600000000000004,98,5,4.327,0.0805,120.0,1.0,follower,DL-CNN (vision)
1.1600000000000004,99,5,4.4793,0.079,120.0,1.0,follower,DL-Transformer (coord)
1.1600000000000004,100,5,4.6686,0.0799,120.0,1.0,follower,DL-Transformer (coord)
1.2000000000000004,1,2,0.0813,0.9187,120.0,1.0,leader,RL-PPO
1.2000000000000004,2,2,0.2315,0.9204,120.0,1.0,follower,DL-CNN (vision)
1.2000000000000004,3,2,0.3866,0.921,120.0,1.0,follower,Classical-MPC
1.2000000000000004,4,2,0.5369,0.92,120.0,1.0,follower,DL-CNN (vision)
1.2000000000000004,5,2,0.6921,0.9208,120.0,1.0,safety-sentry,DL-Transformer (coord)
1.2000000000000004,6,2,0.8447,0.9201,120.0,1.0,follower,IL-BC (behavior cloning)
1.2000000000000004,7,2,0.9213,0.5266,120.0,1.0,follower,Classical-MPC
1.2000000000000004,8,2,0.92,0.6404,120.0,1.0,leader,IL-BC (behavior cloning)
1.2000000000000004,9,2,0.9208,0.7786,120.0,1.0,follower,RL-PPO
1.2000000000000004,10,2,0.9189,0.8922,120.0,1.0,follower,DL-CNN (vision)
1.2000000000000004,11,2,0.1551,0.4989,120.0,1.0,follower,DL-CNN (vision)
1.2000000000000004,12,2,0.3079,0.4986,120.0,1.0,edge-relay,RL-PPO
1.2000000000000004,13,2,0.4626,0.4986,120.0,1.0,follower,DL-Transformer (coord)
1.2000000000000004,14,2,0.6135,0.5002,120.0,1.0,leader,DL-Transformer (coord)
1.2000000000000004,15,2,0.7664,0.5005,120.0,1.0,follower,Classical-MPC
1.2000000000000004,16,2,0.9187,0.4996,120.0,1.0,safety-sentry,Classical-MPC
1.2000000000000004,17,2,0.0788,0.2004,120.0,1.0,follower,RL-PPO
1.2000000000000004,18,2,0.0811,0.321,120.0,1.0,follower,RL-SAC
1.2000000000000004,19,2,0.0787,0.44,120.0,1.0,safety-sentry,DL-Transformer (coord)
1.2000000000000004,20,2,0.1195,0.0786,120.0,1.0,leader,RL-PPO
1.2000000000000004,21,2,0.2709,0.0804,120.0,1.0,follower,RL-SAC
1.2000000000000004,22,2,0.423,0.0813,120.0,1.0,safety-sentry,DL-Transformer (coord)
1.2000000000000004,23,2,0.5778,0.0807,120.0,1.0,follower,RL-PPO
1.2000000000000004,24,2,0.7304,0.0802,120.0,1.0,follower,IL-BC (behavior cloning)
1.2000000000000004,25,2,0.9187,0.0796,120.0,1.0,safety-sentry,Classical-MPC
1.2000000000000004,26,0,1.3309,0.9202,120.0,1.0,follower,RL-PPO
1.2000000000000004,27,0,1.4976,0.9209,120.0,1.0,follower,DL-Transformer (coord)
1.2000000000000004,28,0,1.6666,0.919,120.0,1.0,follower,IL-BC (behavior cloning)
1.2000000000000004,29,0,1.8331,0.9208,120.0,1.0,follower,Classical-MPC
1.2000000000000004,30,0,2.0029,0.9191,120.0,1.0,follower,RL-SAC
1.2000000000000004,31,0,2.1691000000000003,0.9204,120.0,1.0,follower,RL-PPO
1.2000000000000004,32,0,2.1709,0.5888,120.0,1.0,follower,Classical-MPC
1.2000000000000004,33,0,2.1711,0.7114,120.0,1.0,follower,Classical-MPC
1.2000000000000004,34,0,2.1691000000000003,0.8608,120.0,1.0,follower,RL-SAC
1.2000000000000004,35,0,2.1692,0.1118,120.0,1.0,follower,DL-CNN (vision)
1.2000000000000004,36,0,2.1708,0.2419,120.0,1.0,edge-relay,IL-BC (behavior cloning)
1.2000000000000004,37,0,2.1711,0.3698,120.0,1.0,follower,Classical-MPC
1.2000000000000004,38,0,2.1687,0.4997,120.0,1.0,follower,RL-PPO
1.2000000000000004,39,0,1.4569,0.0788,120.0,1.0,follower,DL-Transformer (coord)
1.2000000000000004,40,0,1.6251,0.0814,120.0,1.0,follower,Classical-MPC
1.2000000000000004,41,0,1.7917,0.0788,120.0,1.0,follower,DL-Transformer (coord)
1.2000000000000004,42,0,2.0029,0.0791,120.0,1.0,follower,RL-PPO
1.2000000000000004,43,0,2.1691000000000003,0.0804,120.0,1.0,follower,RL-PPO
1.2000000000000004,44,0,1.3309,0.1757,120.0,1.0,follower,RL-SAC
1.2000000000000004,45,0,1.3311,0.3076,120.0,1.0,follower,Classical-MPC
1.2000000000000004,46,0,1.3296999999999999,0.4342,120.0,1.0,follower,RL-PPO
1.2000000000000004,47,0,1.3292,0.5295,120.0,1.0,follower,RL-PPO
1.2000000000000004,48,0,1.3308,0.6503,120.0,1.0,safety-sentry,DL-CNN (vision)
1.2000000000000004,49,0,1.3311,0.769,120.0,1.0,follower,RL-PPO
1.2000000000000004,50,0,1.3285,0.9199,120.0,1.0,follower,RL-PPO
1.2000000000000004,51,2,2.5813,0.9187,120.0,1.0,follower,RL-PPO
1.2000000000000004,52,2,2.7315,0.9204,120.0,1.0,follower,DL-Transformer (coord)
1.2000000000000004,53,2,2.8866,0.921,120.0,1.0,follower,IL-BC (behavior cloning)
1.2000000000000004,54,2,3.0369,0.92,120.0,1.0,follower,DL-CNN (vision)
1.2000000000000004,55,2,3.1921,0.9208,120.0,1.0,follower,RL-PPO
1.2000000000000004,56,2,3.3447,0.9201,120.0,1.0,leader,DL-CNN (vision)
1.2000000000000004,57,2,3.4213,0.5266,120.0,1.0,follower,DL-Transformer (coord)
1.2000000000000004,58,2,3.42,0.6404,120.0,1.0,follower,Classical-MPC
1.2000000000000004,59,2,3.4208,0.7786,120.0,1.0,follower,Classical-MPC
1.2000000000000004,60,2,3.4189,0.8922,120.0,1.0,follower,RL-SAC
1.2000000000000004,61,2,2.6551,0.4989,120.0,1.0,safety-sentry,RL-PPO
1.2000000000000004,62,2,2.8079,0.4986,120.0,1.0,follower,Classical-MPC
1.2000000000000004,63,2,2.9626,0.4986,120.0,1.0,leader,Classical-MPC
1.2000000000000004,64,2,3.1135,0.5002,120.0,1.0,follower,DL-CNN (vision)
1.2000000000000004,65,2,3.2664,0.5005,120.0,1.0,follower,IL-BC (behavior cloning)
1.2000000000000004,66,2,3.4187,0.4996,120.0,1.0,follower,Classical-MPC
1.2000000000000004,67,2,2.5788,0.2004,120.0,1.0,safety-sentry,DL-Transformer (coord)
1.2000000000000004,68,2,2.5811,0.321,120.0,1.0,safety-sentry,Classical-MPC
1.2000000000000004,69,2,2.5787,0.44,120.0,1.0,edge-relay,RL-PPO
1.2000000000000004,70,2,2.6195,0.0786,120.0,1.0,follower,RL-SAC
1.2000000000000004,71,2,2.7709,0.0804,120.0,1.0,edge-relay,RL-SAC
1.2000000000000004,72,2,2.923,0.0813,120.0,1.0,follower,RL-PPO
1.2000000000000004,73,2,3.0778,0.0807,120.0,1.0,follower,Classical-MPC
1.2000000000000004,74,2,3.2304,0.0802,120.0,1.0,follower,RL-PPO
1.2000000000000004,75,2,3.4187,0.0796,120.0,1.0,follower,DL-Transformer (coord)
1.2000000000000004,76,5,3.8315,0.9211,120.0,1.0,follower,RL-PPO
1.2000000000000004,77,5,3.9841,0.9189,120.0,1.0,follower,DL-CNN (vision)
1.2000000000000004,78,5,4.1362,0.9189,120.0,1.0,follower,DL-CNN (vision)
1.2000000000000004,79,5,4.2891,0.9195,120.0,1.0,follower,RL-SAC
1.2000000000000004,80,5,4.4395,0.9193,120.0,1.0,follower,DL-Transformer (coord)
1.2000000000000004,81,5,4.5938,0.9207,120.0,1.0,follower,DL-Transformer (coord)
1.2000000000000004,82,5,3.8292,0.5294,120.0,1.0,follower,DL-CNN (vision)
1.2000000000000004,83,5,3.8301,0.6396,120.0,1.0,follower,IL-BC (behavior cloning)
1.2000000000000004,84,5,3.8307,0.7799,120.0,1.0,follower,RL-PPO
1.2000000000000004,85,5,3.8297,0.8923,120.0,1.0,edge-relay,RL-SAC
1.2000000000000004,86,5,3.9061,0.5013,120.0,1.0,follower,DL-CNN (vision)
1.2000000000000004,87,5,4.0602,0.4987,120.0,1.0,follower,DL-CNN (vision)
1.2000000000000004,88,5,4.2125,0.4999,120.0,1.0,follower,RL-SAC
1.2000000000000004,89,5,4.3643,0.5003,120.0,1.0,edge-relay,Classical-MPC
1.2000000000000004,90,5,4.5163,0.5008,120.0,1.0,follower,Classical-MPC
1.2000000000000004,91,5,4.6686,0.4999,120.0,1.0,edge-relay,RL-PPO
1.2000000000000004,92,5,4.6714,0.1989,120.0,1.0,safety-sentry,DL-CNN (vision)
1.2000000000000004,93,5,4.6708,0.3189,120.0,1.0,leader,RL-SAC
1.2000000000000004,94,5,4.6709,0.4395,120.0,1.0,edge-relay,DL-CNN (vision)
1.2000000000000004,95,5,3.8673,0.0814,120.0,1.0,follower,RL-SAC
1.2000000000000004,96,5,4.021,0.0796,120.0,1.0,follower,DL-Transformer (coord)
1.2000000000000004,97,5,4.1739,0.0797,120.0,1.0,edge-relay,Classical-MPC
1.2000000000000004,98,5,4.327,0.0805,120.0,1.0,follower,DL-CNN (vision)
1.2000000000000004,99,5,4.4793,0.079,120.0,1.0,follower,DL-Transformer (coord)
1.2000000000000004,100,5,4.6686,0.0799,120.0,1.0,follower,DL-Transformer (coord)
1.2400000000000004,1,2,0.0813,0.9187,120.0,1.0,leader,RL-PPO
1.2400000000000004,2,2,0.2315,0.9204,120.0,1.0,follower,DL-CNN (vision)
1.2400000000000004,3,2,0.3866,0.921,120.0,1.0,follower,Classical-MPC
1.2400000000000004,4,2,0.5369,0.92,120.0,1.0,follower,DL-CNN (vision)
1.2400000000000004,5,2,0.6921,0.9208,120.0,1.0,safety-sentry,DL-Transformer (coord)
1.2400000000000004,6,2,0.8447,0.9201,120.0,1.0,follower,IL-BC (behavior cloning)
1.2400000000000004,7,2,0.9213,0.5266,120.0,1.0,follower,Classical-MPC
1.2400000000000004,8,2,0.92,0.6404,120.0,1.0,leader,IL-BC (behavior cloning)
1.2400000000000004,9,2,0.9208,0.7786,120.0,1.0,follower,RL-PPO
1.2400000000000004,10,2,0.9189,0.8922,120.0,1.0,follower,DL-CNN (vision)
1.2400000000000004,11,2,0.1551,0.4989,120.0,1.0,follower,DL-CNN (vision)
1.2400000000000004,12,2,0.3079,0.4986,120.0,1.0,edge-relay,RL-PPO
1.2400000000000004,13,2,0.4626,0.4986,120.0,1.0,follower,DL-Transformer (coord)
1.2400000000000004,14,2,0.6135,0.5002,120.0,1.0,leader,DL-Transformer (coord)
1.2400000000000004,15,2,0.7664,0.5005,120.0,1.0,follower,Classical-MPC
1.2400000000000004,16,2,0.9187,0.4996,120.0,1.0,safety-sentry,Classical-MPC
1.2400000000000004,17,2,0.0788,0.2004,120.0,1.0,follower,RL-PPO
1.2400000000000004,18,2,0.0811,0.321,120.0,1.0,follower,RL-SAC
1.2400000000000004,19,2,0.0787,0.44,120.0,1.0,safety-sentry,DL-Transformer (coord)
1.2400000000000004,20,2,0.1195,0.0786,120.0,1.0,leader,RL-PPO
1.2400000000000004,21,2,0.2709,0.0804,120.0,1.0,follower,RL-SAC
1.2400000000000004,22,2,0.423,0.0813,120.0,1.0,safety-sentry,DL-Transformer (coord)
1.2400000000000004,23,2,0.5778,0.0807,120.0,1.0,follower,RL-PPO
1.2400000000000004,24,2,0.7304,0.0802,120.0,1.0,follower,IL-BC (behavior cloning)
1.2400000000000004,25,2,0.9187,0.0796,120.0,1.0,safety-sentry,Classical-MPC
1.2400000000000004,26,0,1.3309,0.9202,120.0,1.0,follower,RL-PPO
1.2400000000000004,27,0,1.4976,0.9209,120.0,1.0,follower,DL-Transformer (coord)
1.2400000000000004,28,0,1.6666,0.919,120.0,1.0,follower,IL-BC (behavior cloning)
1.2400000000000004,29,0,1.8331,0.9208,120.0,1.0,follower,Classical-MPC
1.2400000000000004,30,0,2.0029,0.9191,120.0,1.0,follower,RL-SAC
1.2400000000000004,31,0,2.1691000000000003,0.9204,120.0,1.0,follower,RL-PPO
1.2400000000000004,32,0,2.1709,0.5888,120.0,1.0,follower,Classical-MPC
1.2400000000000004,33,0,2.1711,0.7114,120.0,1.0,follower,Classical-MPC
1.2400000000000004,34,0,2.1691000000000003,0.8608,120.0,1.0,follower,RL-SAC
1.2400000000000004,35,0,2.1692,0.1118,120.0,1.0,follower,DL-CNN (vision)
1.2400000000000004,36,0,2.1708,0.2419,120.0,1.0,edge-relay,IL-BC (behavior cloning)
1.2400000000000004,37,0,2.1711,0.3698,120.0,1.0,follower,Classical-MPC
1.2400000000000004,38,0,2.1687,0.4997,120.0,1.0,follower,RL-PPO
1.2400000000000004,39,0,1.4569,0.0788,120.0,1.0,follower,DL-Transformer (coord)
1.2400000000000004,40,0,1.6251,0.0814,120.0,1.0,follower,Classical-MPC
1.2400000000000004,41,0,1.7917,0.0788,120.0,1.0,follower,DL-Transformer (coord)
1.2400000000000004,42,0,2.0029,0.0791,120.0,1.0,follower,RL-PPO
1.2400000000000004,43,0,2.1691000000000003,0.0804,120.0,1.0,follower,RL-PPO
1.2400000000000004,44,0,1.3309,0.1757,120.0,1.0,follower,RL-SAC
1.2400000000000004,45,0,1.3311,0.3076,120.0,1.0,follower,Classical-MPC
1.2400000000000004,46,0,1.3296999999999999,0.4342,120.0,1.0,follower,RL-PPO
1.2400000000000004,47,0,1.3292,0.5295,120.0,1.0,follower,RL-PPO
1.2400000000000004,48,0,1.3308,0.6503,120.0,1.0,safety-sentry,DL-CNN (vision)
1.2400000000000004,49,0,1.3311,0.769,120.0,1.0,follower,RL-PPO
1.2400000000000004,50,0,1.3285,0.9199,120.0,1.0,follower,RL-PPO
1.2400000000000004,51,2,2.5813,0.9187,120.0,1.0,follower,RL-PPO
1.2400000000000004,52,2,2.7315,0.9204,120.0,1.0,follower,DL-Transformer (coord)
1.2400000000000004,53,2,2.8866,0.921,120.0,1.0,follower,IL-BC (behavior cloning)
1.2400000000000004,54,2,3.0369,0.92,120.0,1.0,follower,DL-CNN (vision)
1.2400000000000004,55,2,3.1921,0.9208,120.0,1.0,follower,RL-PPO
1.2400000000000004,56,2,3.3447,0.9201,120.0,1.0,leader,DL-CNN (vision)
1.2400000000000004,57,2,3.4213,0.5266,120.0,1.0,follower,DL-Transformer (coord)
1.2400000000000004,58,2,3.42,0.6404,120.0,1.0,follower,Classical-MPC
1.2400000000000004,59,2,3.4208,0.7786,120.0,1.0,follower,Classical-MPC
1.2400000000000004,60,2,3.4189,0.8922,120.0,1.0,follower,RL-SAC
1.2400000000000004,61,2,2.6551,0.4989,120.0,1.0,safety-sentry,RL-PPO
1.2400000000000004,62,2,2.8079,0.4986,120.0,1.0,follower,Classical-MPC
1.2400000000000004,63,2,2.9626,0.4986,120.0,1.0,leader,Classical-MPC
1.2400000000000004,64,2,3.1135,0.5002,120.0,1.0,follower,DL-CNN (vision)
1.2400000000000004,65,2,3.2664,0.5005,120.0,1.0,follower,IL-BC (behavior cloning)
1.2400000000000004,66,2,3.4187,0.4996,120.0,1.0,follower,Classical-MPC
1.2400000000000004,67,2,2.5788,0.2004,120.0,1.0,safety-sentry,DL-Transformer (coord)
1.2400000000000004,68,2,2.5811,0.321,120.0,1.0,safety-sentry,Classical-MPC
1.2400000000000004,69,2,2.5787,0.44,120.0,1.0,edge-relay,RL-PPO
1.2400000000000004,70,2,2.6195,0.0786,120.0,1.0,follower,RL-SAC
1.2400000000000004,71,2,2.7709,0.0804,120.0,1.0,edge-relay,RL-SAC
1.2400000000000004,72,2,2.923,0.0813,120.0,1.0,follower,RL-PPO
1.2400000000000004,73,2,3.0778,0.0807,120.0,1.0,follower,Classical-MPC
1.2400000000000004,74,2,3.2304,0.0802,120.0,1.0,follower,RL-PPO
1.2400000000000004,75,2,3.4187,0.0796,120.0,1.0,follower,DL-Transformer (coord)
1.2400000000000004,76,5,3.8315,0.9211,120.0,1.0,follower,RL-PPO
1.2400000000000004,77,5,3.9841,0.9189,120.0,1.0,follower,DL-CNN (vision)
1.2400000000000004,78,5,4.1362,0.9189,120.0,1.0,follower,DL-CNN (vision)
1.2400000000000004,79,5,4.2891,0.9195,120.0,1.0,follower,RL-SAC
1.2400000000000004,80,5,4.4395,0.9193,120.0,1.0,follower,DL-Transformer (coord)
1.2400000000000004,81,5,4.5938,0.9207,120.0,1.0,follower,DL-Transformer (coord)
1.2400000000000004,82,5,3.8292,0.5294,120.0,1.0,follower,DL-CNN (vision)
1.2400000000000004,83,5,3.8301,0.6396,120.0,1.0,follower,IL-BC (behavior cloning)
1.2400000000000004,84,5,3.8307,0.7799,120.0,1.0,follower,RL-PPO
1.2400000000000004,85,5,3.8297,0.8923,120.0,1.0,edge-relay,RL-SAC
1.2400000000000004,86,5,3.9061,0.5013,120.0,1.0,follower,DL-CNN (vision)
1.2400000000000004,87,5,4.0602,0.4987,120.0,1.0,follower,DL-CNN (vision)
1.2400000000000004,88,5,4.2125,0.4999,120.0,1.0,follower,RL-SAC
1.2400000000000004,89,5,4.3643,0.5003,120.0,1.0,edge-relay,Classical-MPC
1.2400000000000004,90,5,4.5163,0.5008,120.0,1.0,follower,Classical-MPC
1.2400000000000004,91,5,4.6686,0.4999,120.0,1.0,edge-relay,RL-PPO
1.2400000000000004,92,5,4.6714,0.1989,120.0,1.0,safety-sentry,DL-CNN (vision)
1.2400000000000004,93,5,4.6708,0.3189,120.0,1.0,leader,RL-SAC
1.2400000000000004,94,5,4.6709,0.4395,120.0,1.0,edge-relay,DL-CNN (vision)
1.2400000000000004,95,5,3.8673,0.0814,120.0,1.0,follower,RL-SAC
1.2400000000000004,96,5,4.021,0.0796,120.0,1.0,follower,DL-Transformer (coord)
1.2400000000000004,97,5,4.1739,0.0797,120.0,1.0,edge-relay,Classical-MPC
1.2400000000000004,98,5,4.327,0.0805,120.0,1.0,follower,DL-CNN (vision)
1.2400000000000004,99,5,4.4793,0.079,120.0,1.0,follower,DL-Transformer (coord)
1.2400000000000004,100,5,4.6686,0.0799,120.0,1.0,follower,DL-Transformer (coord)
1.2800000000000005,1,2,0.0813,0.9187,120.0,1.0,leader,RL-PPO
1.2800000000000005,2,2,0.2315,0.9204,120.0,1.0,follower,DL-CNN (vision)
1.2800000000000005,3,2,0.3866,0.921,120.0,1.0,follower,Classical-MPC
1.2800000000000005,4,2,0.5369,0.92,120.0,1.0,follower,DL-CNN (vision)
1.2800000000000005,5,2,0.6921,0.9208,120.0,1.0,safety-sentry,DL-Transformer (coord)
1.2800000000000005,6,2,0.8447,0.9201,120.0,1.0,follower,IL-BC (behavior cloning)
1.2800000000000005,7,2,0.9213,0.5266,120.0,1.0,follower,Classical-MPC
1.2800000000000005,8,2,0.92,0.6404,120.0,1.0,leader,IL-BC (behavior cloning)
1.2800000000000005,9,2,0.9208,0.7786,120.0,1.0,follower,RL-PPO
1.2800000000000005,10,2,0.9189,0.8922,120.0,1.0,follower,DL-CNN (vision)
1.2800000000000005,11,2,0.1551,0.4989,120.0,1.0,follower,DL-CNN (vision)
1.2800000000000005,12,2,0.3079,0.4986,120.0,1.0,edge-relay,RL-PPO
1.2800000000000005,13,2,0.4626,0.4986,120.0,1.0,follower,DL-Transformer (coord)
1.2800000000000005,14,2,0.6135,0.5002,120.0,1.0,leader,DL-Transformer (coord)
1.2800000000000005,15,2,0.7664,0.5005,120.0,1.0,follower,Classical-MPC
1.2800000000000005,16,2,0.9187,0.4996,120.0,1.0,safety-sentry,Classical-MPC
1.2800000000000005,17,2,0.0788,0.2004,120.0,1.0,follower,RL-PPO
1.2800000000000005,18,2,0.0811,0.321,120.0,1.0,follower,RL-SAC
1.2800000000000005,19,2,0.0787,0.44,120.0,1.0,safety-sentry,DL-Transformer (coord)
1.2800000000000005,20,2,0.1195,0.0786,120.0,1.0,leader,RL-PPO
1.2800000000000005,21,2,0.2709,0.0804,120.0,1.0,follower,RL-SAC
1.2800000000000005,22,2,0.423,0.0813,120.0,1.0,safety-sentry,DL-Transformer (coord)
1.2800000000000005,23,2,0.5778,0.0807,120.0,1.0,follower,RL-PPO
1.2800000000000005,24,2,0.7304,0.0802,120.0,1.0,follower,IL-BC (behavior cloning)
1.2800000000000005,25,2,0.9187,0.0796,120.0,1.0,safety-sentry,Classical-MPC
1.2800000000000005,26,0,1.3309,0.9202,120.0,1.0,follower,RL-PPO
1.2800000000000005,27,0,1.4976,0.9209,120.0,1.0,follower,DL-Transformer (coord)
1.2800000000000005,28,0,1.6666,0.919,120.0,1.0,follower,IL-BC (behavior cloning)
1.2800000000000005,29,0,1.8331,0.9208,120.0,1.0,follower,Classical-MPC
1.2800000000000005,30,0,2.0029,0.9191,120.0,1.0,follower,RL-SAC
1.2800000000000005,31,0,2.1691000000000003,0.9204,120.0,1.0,follower,RL-PPO
1.2800000000000005,32,0,2.1709,0.5888,120.0,1.0,follower,Classical-MPC
1.2800000000000005,33,0,2.1711,0.7114,120.0,1.0,follower,Classical-MPC
1.2800000000000005,34,0,2.1691000000000003,0.8608,120.0,1.0,follower,RL-SAC
1.2800000000000005,35,0,2.1692,0.1118,120.0,1.0,follower,DL-CNN (vision)
1.2800000000000005,36,0,2.1708,0.2419,120.0,1.0,edge-relay,IL-BC (behavior cloning)
1.2800000000000005,37,0,2.1711,0.3698,120.0,1.0,follower,Classical-MPC
1.2800000000000005,38,0,2.1687,0.4997,120.0,1.0,follower,RL-PPO
1.2800000000000005,39,0,1.4569,0.0788,120.0,1.0,follower,DL-Transformer (coord)
1.2800000000000005,40,0,1.6251,0.0814,120.0,1.0,follower,Classical-MPC
1.2800000000000005,41,0,1.7917,0.0788,120.0,1.0,follower,DL-Transformer (coord)
1.2800000000000005,42,0,2.0029,0.0791,120.0,1.0,follower,RL-PPO
1.2800000000000005,43,0,2.1691000000000003,0.0804,120.0,1.0,follower,RL-PPO
1.2800000000000005,44,0,1.3309,0.1757,120.0,1.0,follower,RL-SAC
1.2800000000000005,45,0,1.3311,0.3076,120.0,1.0,follower,Classical-MPC
1.2800000000000005,46,0,1.3296999999999999,0.4342,120.0,1.0,follower,RL-PPO
1.2800000000000005,47,0,1.3292,0.5295,120.0,1.0,follower,RL-PPO
1.2800000000000005,48,0,1.3308,0.6503,120.0,1.0,safety-sentry,DL-CNN (vision)
1.2800000000000005,49,0,1.3311,0.769,120.0,1.0,follower,RL-PPO
1.2800000000000005,50,0,1.3285,0.9199,120.0,1.0,follower,RL-PPO
1.2800000000000005,51,2,2.5813,0.9187,120.0,1.0,follower,RL-PPO
1.2800000000000005,52,2,2.7315,0.9204,120.0,1.0,follower,DL-Transformer (coord)
1.2800000000000005,53,2,2.8866,0.921,120.0,1.0,follower,IL-BC (behavior cloning)
1.2800000000000005,54,2,3.0369,0.92,120.0,1.0,follower,DL-CNN (vision)
1.2800000000000005,55,2,3.1921,0.9208,120.0,1.0,follower,RL-PPO
1.2800000000000005,56,2,3.3447,0.9201,120.0,1.0,leader,DL-CNN (vision)
1.2800000000000005,57,2,3.4213,0.5266,120.0,1.0,follower,DL-Transformer (coord)
1.2800000000000005,58,2,3.42,0.6404,120.0,1.0,follower,Classical-MPC
1.2800000000000005,59,2,3.4208,0.7786,120.0,1.0,follower,Classical-MPC
1.2800000000000005,60,2,3.4189,0.8922,120.0,1.0,follower,RL-SAC
1.2800000000000005,61,2,2.6551,0.4989,120.0,1.0,safety-sentry,RL-PPO
1.2800000000000005,62,2,2.8079,0.4986,120.0,1.0,follower,Classical-MPC
1.2800000000000005,63,2,2.9626,0.4986,120.0,1.0,leader,Classical-MPC
1.2800000000000005,64,2,3.1135,0.5002,120.0,1.0,follower,DL-CNN (vision)
1.2800000000000005,65,2,3.2664,0.5005,120.0,1.0,follower,IL-BC (behavior cloning)
1.2800000000000005,66,2,3.4187,0.4996,120.0,1.0,follower,Classical-MPC
1.2800000000000005,67,2,2.5788,0.2004,120.0,1.0,safety-sentry,DL-Transformer (coord)
1.2800000000000005,68,2,2.5811,0.321,120.0,1.0,safety-sentry,Classical-MPC
1.2800000000000005,69,2,2.5787,0.44,120.0,1.0,edge-relay,RL-PPO
1.2800000000000005,70,2,2.6195,0.0786,120.0,1.0,follower,RL-SAC
1.2800000000000005,71,2,2.7709,0.0804,120.0,1.0,edge-relay,RL-SAC
1.2800000000000005,72,2,2.923,0.0813,120.0,1.0,follower,RL-PPO
1.2800000000000005,73,2,3.0778,0.0807,120.0,1.0,follower,Classical-MPC
1.2800000000000005,74,2,3.2304,0.0802,120.0,1.0,follower,RL-PPO
1.2800000000000005,75,2,3.4187,0.0796,120.0,1.0,follower,DL-Transformer (coord)
1.2800000000000005,76,5,3.8315,0.9211,120.0,1.0,follower,RL-PPO
1.2800000000000005,77,5,3.9841,0.9189,120.0,1.0,follower,DL-CNN (vision)
1.2800000000000005,78,5,4.1362,0.9189,120.0,1.0,follower,DL-CNN (vision)
1.2800000000000005,79,5,4.2891,0.9195,120.0,1.0,follower,RL-SAC
1.2800000000000005,80,5,4.4395,0.9193,120.0,1.0,follower,DL-Transformer (coord)
1.2800000000000005,81,5,4.5938,0.9207,120.0,1.0,follower,DL-Transformer (coord)
1.2800000000000005,82,5,3.8292,0.5294,120.0,1.0,follower,DL-CNN (vision)
1.2800000000000005,83,5,3.8301,0.6396,120.0,1.0,follower,IL-BC (behavior cloning)
1.2800000000000005,84,5,3.8307,0.7799,120.0,1.0,follower,RL-PPO
1.2800000000000005,85,5,3.8297,0.8923,120.0,1.0,edge-relay,RL-SAC
1.2800000000000005,86,5,3.9061,0.5013,120.0,1.0,follower,DL-CNN (vision)
1.2800000000000005,87,5,4.0602,0.4987,120.0,1.0,follower,DL-CNN (vision)
1.2800000000000005,88,5,4.2125,0.4999,120.0,1.0,follower,RL-SAC
1.2800000000000005,89,5,4.3643,0.5003,120.0,1.0,edge-relay,Classical-MPC
1.2800000000000005,90,5,4.5163,0.5008,120.0,1.0,follower,Classical-MPC
1.2800000000000005,91,5,4.6686,0.4999,120.0,1.0,edge-relay,RL-PPO
1.2800000000000005,92,5,4.6714,0.1989,120.0,1.0,safety-sentry,DL-CNN (vision)
1.2800000000000005,93,5,4.6708,0.3189,120.0,1.0,leader,RL-SAC
1.2800000000000005,94,5,4.6709,0.4395,120.0,1.0,edge-relay,DL-CNN (vision)
1.2800000000000005,95,5,3.8673,0.0814,120.0,1.0,follower,RL-SAC
1.2800000000000005,96,5,4.021,0.0796,120.0,1.0,follower,DL-Transformer (coord)
1.2800000000000005,97,5,4.1739,0.0797,120.0,1.0,edge-relay,Classical-MPC
1.2800000000000005,98,5,4.327,0.0805,120.0,1.0,follower,DL-CNN (vision)
1.2800000000000005,99,5,4.4793,0.079,120.0,1.0,follower,DL-Transformer (coord)
1.2800000000000005,100,5,4.6686,0.0799,120.0,1.0,follower,DL-Transformer (coord)
1.3200000000000005,1,2,0.0813,0.9187,120.0,1.0,leader,RL-PPO
1.3200000000000005,2,2,0.2315,0.9204,120.0,1.0,follower,DL-CNN (vision)
1.3200000000000005,3,2,0.3866,0.921,120.0,1.0,follower,Classical-MPC
1.3200000000000005,4,2,0.5369,0.92,120.0,1.0,follower,DL-CNN (vision)
1.3200000000000005,5,2,0.6921,0.9208,120.0,1.0,safety-sentry,DL-Transformer (coord)
1.3200000000000005,6,2,0.8447,0.9201,120.0,1.0,follower,IL-BC (behavior cloning)
1.3200000000000005,7,2,0.9213,0.5266,120.0,1.0,follower,Classical-MPC
1.3200000000000005,8,2,0.92,0.6404,120.0,1.0,leader,IL-BC (behavior cloning)
1.3200000000000005,9,2,0.9208,0.7786,120.0,1.0,follower,RL-PPO
1.3200000000000005,10,2,0.9189,0.8922,120.0,1.0,follower,DL-CNN (vision)
1.3200000000000005,11,2,0.1551,0.4989,120.0,1.0,follower,DL-CNN (vision)
1.3200000000000005,12,2,0.3079,0.4986,120.0,1.0,edge-relay,RL-PPO
1.3200000000000005,13,2,0.4626,0.4986,120.0,1.0,follower,DL-Transformer (coord)
1.3200000000000005,14,2,0.6135,0.5002,120.0,1.0,leader,DL-Transformer (coord)
1.3200000000000005,15,2,0.7664,0.5005,120.0,1.0,follower,Classical-MPC
1.3200000000000005,16,2,0.9187,0.4996,120.0,1.0,safety-sentry,Classical-MPC
1.3200000000000005,17,2,0.0788,0.2004,120.0,1.0,follower,RL-PPO
1.3200000000000005,18,2,0.0811,0.321,120.0,1.0,follower,RL-SAC
1.3200000000000005,19,2,0.0787,0.44,120.0,1.0,safety-sentry,DL-Transformer (coord)
1.3200000000000005,20,2,0.1195,0.0786,120.0,1.0,leader,RL-PPO
1.3200000000000005,21,2,0.2709,0.0804,120.0,1.0,follower,RL-SAC
1.3200000000000005,22,2,0.423,0.0813,120.0,1.0,safety-sentry,DL-Transformer (coord)
1.3200000000000005,23,2,0.5778,0.0807,120.0,1.0,follower,RL-PPO
1.3200000000000005,24,2,0.7304,0.0802,120.0,1.0,follower,IL-BC (behavior cloning)
1.3200000000000005,25,2,0.9187,0.0796,120.0,1.0,safety-sentry,Classical-MPC
1.3200000000000005,26,0,1.3309,0.9202,120.0,1.0,follower,RL-PPO
1.3200000000000005,27,0,1.4976,0.9209,120.0,1.0,follower,DL-Transformer (coord)
1.3200000000000005,28,0,1.6666,0.919,120.0,1.0,follower,IL-BC (behavior cloning)
1.3200000000000005,29,0,1.8331,0.9208,120.0,1.0,follower,Classical-MPC
1.3200000000000005,30,0,2.0029,0.9191,120.0,1.0,follower,RL-SAC
1.3200000000000005,31,0,2.1691000000000003,0.9204,120.0,1.0,follower,RL-PPO
1.3200000000000005,32,0,2.1709,0.5888,120.0,1.0,follower,Classical-MPC
1.3200000000000005,33,0,2.1711,0.7114,120.0,1.0,follower,Classical-MPC
1.3200000000000005,34,0,2.1691000000000003,0.8608,120.0,1.0,follower,RL-SAC
1.3200000000000005,35,0,2.1692,0.1118,120.0,1.0,follower,DL-CNN (vision)
1.3200000000000005,36,0,2.1708,0.2419,120.0,1.0,edge-relay,IL-BC (behavior cloning)
1.3200000000000005,37,0,2.1711,0.3698,120.0,1.0,follower,Classical-MPC
1.3200000000000005,38,0,2.1687,0.4997,120.0,1.0,follower,RL-PPO
1.3200000000000005,39,0,1.4569,0.0788,120.0,1.0,follower,DL-Transformer (coord)
1.3200000000000005,40,0,1.6251,0.0814,120.0,1.0,follower,Classical-MPC
1.3200000000000005,41,0,1.7917,0.0788,120.0,1.0,follower,DL-Transformer (coord)
1.3200000000000005,42,0,2.0029,0.0791,120.0,1.0,follower,RL-PPO
1.3200000000000005,43,0,2.1691000000000003,0.0804,120.0,1.0,follower,RL-PPO
1.3200000000000005,44,0,1.3309,0.1757,120.0,1.0,follower,RL-SAC
1.3200000000000005,45,0,1.3311,0.3076,120.0,1.0,follower,Classical-MPC
1.3200000000000005,46,0,1.3296999999999999,0.4342,120.0,1.0,follower,RL-PPO
1.3200000000000005,47,0,1.3292,0.5295,120.0,1.0,follower,RL-PPO
1.3200000000000005,48,0,1.3308,0.6503,120.0,1.0,safety-sentry,DL-CNN (vision)
1.3200000000000005,49,0,1.3311,0.769,120.0,1.0,follower,RL-PPO
1.3200000000000005,50,0,1.3285,0.9199,120.0,1.0,follower,RL-PPO
1.3200000000000005,51,2,2.5813,0.9187,120.0,1.0,follower,RL-PPO
1.3200000000000005,52,2,2.7315,0.9204,120.0,1.0,follower,DL-Transformer (coord)
1.3200000000000005,53,2,2.8866,0.921,120.0,1.0,follower,IL-BC (behavior cloning)
1.3200000000000005,54,2,3.0369,0.92,120.0,1.0,follower,DL-CNN (vision)
1.3200000000000005,55,2,3.1921,0.9208,120.0,1.0,follower,RL-PPO
1.3200000000000005,56,2,3.3447,0.9201,120.0,1.0,leader,DL-CNN (vision)
1.3200000000000005,57,2,3.4213,0.5266,120.0,1.0,follower,DL-Transformer (coord)
1.3200000000000005,58,2,3.42,0.6404,120.0,1.0,follower,Classical-MPC
1.3200000000000005,59,2,3.4208,0.7786,120.0,1.0,follower,Classical-MPC
1.3200000000000005,60,2,3.4189,0.8922,120.0,1.0,follower,RL-SAC
1.3200000000000005,61,2,2.6551,0.4989,120.0,1.0,safety-sentry,RL-PPO
1.3200000000000005,62,2,2.8079,0.4986,120.0,1.0,follower,Classical-MPC
1.3200000000000005,63,2,2.9626,0.4986,120.0,1.0,leader,Classical-MPC
1.3200000000000005,64,2,3.1135,0.5002,120.0,1.0,follower,DL-CNN (vision)
1.3200000000000005,65,2,3.2664,0.5005,120.0,1.0,follower,IL-BC (behavior cloning)
1.3200000000000005,66,2,3.4187,0.4996,120.0,1.0,follower,Classical-MPC
1.3200000000000005,67,2,2.5788,0.2004,120.0,1.0,safety-sentry,DL-Transformer (coord)
1.3200000000000005,68,2,2.5811,0.321,120.0,1.0,safety-sentry,Classical-MPC
1.3200000000000005,69,2,2.5787,0.44,120.0,1.0,edge-relay,RL-PPO
1.3200000000000005,70,2,2.6195,0.0786,120.0,1.0,follower,RL-SAC
1.3200000000000005,71,2,2.7709,0.0804,120.0,1.0,edge-relay,RL-SAC
1.3200000000000005,72,2,2.923,0.0813,120.0,1.0,follower,RL-PPO
1.3200000000000005,73,2,3.0778,0.0807,120.0,1.0,follower,Classical-MPC
1.3200000000000005,74,2,3.2304,0.0802,120.0,1.0,follower,RL-PPO
1.3200000000000005,75,2,3.4187,0.0796,120.0,1.0,follower,DL-Transformer (coord)
1.3200000000000005,76,5,3.8315,0.9211,120.0,1.0,follower,RL-PPO
1.3200000000000005,77,5,3.9841,0.9189,120.0,1.0,follower,DL-CNN (vision)
1.3200000000000005,78,5,4.1362,0.9189,120.0,1.0,follower,DL-CNN (vision)
1.3200000000000005,79,5,4.2891,0.9195,120.0,1.0,follower,RL-SAC
1.3200000000000005,80,5,4.4395,0.9193,120.0,1.0,follower,DL-Transformer (coord)
1.3200000000000005,81,5,4.5938,0.9207,120.0,1.0,follower,DL-Transformer (coord)
1.3200000000000005,82,5,3.8292,0.5294,120.0,1.0,follower,DL-CNN (vision)
1.3200000000000005,83,5,3.8301,0.6396,120.0,1.0,follower,IL-BC (behavior cloning)
1.3200000000000005,84,5,3.8307,0.7799,120.0,1.0,follower,RL-PPO
1.3200000000000005,85,5,3.8297,0.8923,120.0,1.0,edge-relay,RL-SAC
1.3200000000000005,86,5,3.9061,0.5013,120.0,1.0,follower,DL-CNN (vision)
1.3200000000000005,87,5,4.0602,0.4987,120.0,1.0,follower,DL-CNN (vision)
1.3200000000000005,88,5,4.2125,0.4999,120.0,1.0,follower,RL-SAC
1.3200000000000005,89,5,4.3643,0.5003,120.0,1.0,edge-relay,Classical-MPC
1.3200000000000005,90,5,4.5163,0.5008,120.0,1.0,follower,Classical-MPC
1.3200000000000005,91,5,4.6686,0.4999,120.0,1.0,edge-relay,RL-PPO
1.3200000000000005,92,5,4.6714,0.1989,120.0,1.0,safety-sentry,DL-CNN (vision)
1.3200000000000005,93,5,4.6708,0.3189,120.0,1.0,leader,RL-SAC
1.3200000000000005,94,5,4.6709,0.4395,120.0,1.0,edge-relay,DL-CNN (vision)
1.3200000000000005,95,5,3.8673,0.0814,120.0,1.0,follower,RL-SAC
1.3200000000000005,96,5,4.021,0.0796,120.0,1.0,follower,DL-Transformer (coord)
1.3200000000000005,97,5,4.1739,0.0797,120.0,1.0,edge-relay,Classical-MPC
1.3200000000000005,98,5,4.327,0.0805,120.0,1.0,follower,DL-CNN (vision)
1.3200000000000005,99,5,4.4793,0.079,120.0,1.0,follower,DL-Transformer (coord)
1.3200000000000005,100,5,4.6686,0.0799,120.0,1.0,follower,DL-Transformer (coord)
1.3600000000000005,1,2,0.0813,0.9187,120.0,1.0,leader,RL-PPO
1.3600000000000005,2,2,0.2315,0.9204,120.0,1.0,follower,DL-CNN (vision)
1.3600000000000005,3,2,0.3866,0.921,120.0,1.0,follower,Classical-MPC
1.3600000000000005,4,2,0.5369,0.92,120.0,1.0,follower,DL-CNN (vision)
1.3600000000000005,5,2,0.6921,0.9208,120.0,1.0,safety-sentry,DL-Transformer (coord)
1.3600000000000005,6,2,0.8447,0.9201,120.0,1.0,follower,IL-BC (behavior cloning)
1.3600000000000005,7,2,0.9213,0.5266,120.0,1.0,follower,Classical-MPC
1.3600000000000005,8,2,0.92,0.6404,120.0,1.0,leader,IL-BC (behavior cloning)
1.3600000000000005,9,2,0.9208,0.7786,120.0,1.0,follower,RL-PPO
1.3600000000000005,10,2,0.9189,0.8922,120.0,1.0,follower,DL-CNN (vision)
1.3600000000000005,11,2,0.1551,0.4989,120.0,1.0,follower,DL-CNN (vision)
1.3600000000000005,12,2,0.3079,0.4986,120.0,1.0,edge-relay,RL-PPO
1.3600000000000005,13,2,0.4626,0.4986,120.0,1.0,follower,DL-Transformer (coord)
1.3600000000000005,14,2,0.6135,0.5002,120.0,1.0,leader,DL-Transformer (coord)
1.3600000000000005,15,2,0.7664,0.5005,120.0,1.0,follower,Classical-MPC
1.3600000000000005,16,2,0.9187,0.4996,120.0,1.0,safety-sentry,Classical-MPC
1.3600000000000005,17,2,0.0788,0.2004,120.0,1.0,follower,RL-PPO
1.3600000000000005,18,2,0.0811,0.321,120.0,1.0,follower,RL-SAC
1.3600000000000005,19,2,0.0787,0.44,120.0,1.0,safety-sentry,DL-Transformer (coord)
1.3600000000000005,20,2,0.1195,0.0786,120.0,1.0,leader,RL-PPO
1.3600000000000005,21,2,0.2709,0.0804,120.0,1.0,follower,RL-SAC
1.3600000000000005,22,2,0.423,0.0813,120.0,1.0,safety-sentry,DL-Transformer (coord)
1.3600000000000005,23,2,0.5778,0.0807,120.0,1.0,follower,RL-PPO
1.3600000000000005,24,2,0.7304,0.0802,120.0,1.0,follower,IL-BC (behavior cloning)
1.3600000000000005,25,2,0.9187,0.0796,120.0,1.0,safety-sentry,Classical-MPC
1.3600000000000005,26,0,1.3309,0.9202,120.0,1.0,follower,RL-PPO
1.3600000000000005,27,0,1.4976,0.9209,120.0,1.0,follower,DL-Transformer (coord)
1.3600000000000005,28,0,1.6666,0.919,120.0,1.0,follower,IL-BC (behavior cloning)
1.3600000000000005,29,0,1.8331,0.9208,120.0,1.0,follower,Classical-MPC
1.3600000000000005,30,0,2.0029,0.9191,120.0,1.0,follower,RL-SAC
1.3600000000000005,31,0,2.1691000000000003,0.9204,120.0,1.0,follower,RL-PPO
1.3600000000000005,32,0,2.1709,0.5888,120.0,1.0,follower,Classical-MPC
1.3600000000000005,33,0,2.1711,0.7114,120.0,1.0,follower,Classical-MPC
1.3600000000000005,34,0,2.1691000000000003,0.8608,120.0,1.0,follower,RL-SAC
1.3600000000000005,35,0,2.1692,0.1118,120.0,1.0,follower,DL-CNN (vision)
1.3600000000000005,36,0,2.1708,0.2419,120.0,1.0,edge-relay,IL-BC (behavior cloning)
1.3600000000000005,37,0,2.1711,0.3698,120.0,1.0,follower,Classical-MPC
1.3600000000000005,38,0,2.1687,0.4997,120.0,1.0,follower,RL-PPO
1.3600000000000005,39,0,1.4569,0.0788,120.0,1.0,follower,DL-Transformer (coord)
1.3600000000000005,40,0,1.6251,0.0814,120.0,1.0,follower,Classical-MPC
1.3600000000000005,41,0,1.7917,0.0788,120.0,1.0,follower,DL-Transformer (coord)
1.3600000000000005,42,0,2.0029,0.0791,120.0,1.0,follower,RL-PPO
1.3600000000000005,43,0,2.1691000000000003,0.0804,120.0,1.0,follower,RL-PPO
1.3600000000000005,44,0,1.3309,0.1757,120.0,1.0,follower,RL-SAC
1.3600000000000005,45,0,1.3311,0.3076,120.0,1.0,follower,Classical-MPC
1.3600000000000005,46,0,1.3296999999999999,0.4342,120.0,1.0,follower,RL-PPO
1.3600000000000005,47,0,1.3292,0.5295,120.0,1.0,follower,RL-PPO
1.3600000000000005,48,0,1.3308,0.6503,120.0,1.0,safety-sentry,DL-CNN (vision)
1.3600000000000005,49,0,1.3311,0.769,120.0,1.0,follower,RL-PPO
1.3600000000000005,50,0,1.3285,0.9199,120.0,1.0,follower,RL-PPO
1.3600000000000005,51,2,2.5813,0.9187,120.0,1.0,follower,RL-PPO
1.3600000000000005,52,2,2.7315,0.9204,120.0,1.0,follower,DL-Transformer (coord)
1.3600000000000005,53,2,2.8866,0.921,120.0,1.0,follower,IL-BC (behavior cloning)
1.3600000000000005,54,2,3.0369,0.92,120.0,1.0,follower,DL-CNN (vision)
1.3600000000000005,55,2,3.1921,0.9208,120.0,1.0,follower,RL-PPO
1.3600000000000005,56,2,3.3447,0.9201,120.0,1.0,leader,DL-CNN (vision)
1.3600000000000005,57,2,3.4213,0.5266,120.0,1.0,follower,DL-Transformer (coord)
1.3600000000000005,58,2,3.42,0.6404,120.0,1.0,follower,Classical-MPC
1.3600000000000005,59,2,3.4208,0.7786,120.0,1.0,follower,Classical-MPC
1.3600000000000005,60,2,3.4189,0.8922,120.0,1.0,follower,RL-SAC
1.3600000000000005,61,2,2.6551,0.4989,120.0,1.0,safety-sentry,RL-PPO
1.3600000000000005,62,2,2.8079,0.4986,120.0,1.0,follower,Classical-MPC
1.3600000000000005,63,2,2.9626,0.4986,120.0,1.0,leader,Classical-MPC
1.3600000000000005,64,2,3.1135,0.5002,120.0,1.0,follower,DL-CNN (vision)
1.3600000000000005,65,2,3.2664,0.5005,120.0,1.0,follower,IL-BC (behavior cloning)
1.3600000000000005,66,2,3.4187,0.4996,120.0,1.0,follower,Classical-MPC
1.3600000000000005,67,2,2.5788,0.2004,120.0,1.0,safety-sentry,DL-Transformer (coord)
1.3600000000000005,68,2,2.5811,0.321,120.0,1.0,safety-sentry,Classical-MPC
1.3600000000000005,69,2,2.5787,0.44,120.0,1.0,edge-relay,RL-PPO
1.3600000000000005,70,2,2.6195,0.0786,120.0,1.0,follower,RL-SAC
1.3600000000000005,71,2,2.7709,0.0804,120.0,1.0,edge-relay,RL-SAC
1.3600000000000005,72,2,2.923,0.0813,120.0,1.0,follower,RL-PPO
1.3600000000000005,73,2,3.0778,0.0807,120.0,1.0,follower,Classical-MPC
1.3600000000000005,74,2,3.2304,0.0802,120.0,1.0,follower,RL-PPO
1.3600000000000005,75,2,3.4187,0.0796,120.0,1.0,follower,DL-Transformer (coord)
1.3600000000000005,76,5,3.8315,0.9211,120.0,1.0,follower,RL-PPO
1.3600000000000005,77,5,3.9841,0.9189,120.0,1.0,follower,DL-CNN (vision)
1.3600000000000005,78,5,4.1362,0.9189,120.0,1.0,follower,DL-CNN (vision)
1.3600000000000005,79,5,4.2891,0.9195,120.0,1.0,follower,RL-SAC
1.3600000000000005,80,5,4.4395,0.9193,120.0,1.0,follower,DL-Transformer (coord)
1.3600000000000005,81,5,4.5938,0.9207,120.0,1.0,follower,DL-Transformer (coord)
1.3600000000000005,82,5,3.8292,0.5294,120.0,1.0,follower,DL-CNN (vision)
1.3600000000000005,83,5,3.8301,0.6396,120.0,1.0,follower,IL-BC (behavior cloning)
1.3600000000000005,84,5,3.8307,0.7799,120.0,1.0,follower,RL-PPO
1.3600000000000005,85,5,3.8297,0.8923,120.0,1.0,edge-relay,RL-SAC
1.3600000000000005,86,5,3.9061,0.5013,120.0,1.0,follower,DL-CNN (vision)
1.3600000000000005,87,5,4.0602,0.4987,120.0,1.0,follower,DL-CNN (vision)
1.3600000000000005,88,5,4.2125,0.4999,120.0,1.0,follower,RL-SAC
1.3600000000000005,89,5,4.3643,0.5003,120.0,1.0,edge-relay,Classical-MPC
1.3600000000000005,90,5,4.5163,0.5008,120.0,1.0,follower,Classical-MPC
1.3600000000000005,91,5,4.6686,0.4999,120.0,1.0,edge-relay,RL-PPO
1.3600000000000005,92,5,4.6714,0.1989,120.0,1.0,safety-sentry,DL-CNN (vision)
1.3600000000000005,93,5,4.6708,0.3189,120.0,1.0,leader,RL-SAC
1.3600000000000005,94,5,4.6709,0.4395,120.0,1.0,edge-relay,DL-CNN (vision)
1.3600000000000005,95,5,3.8673,0.0814,120.0,1.0,follower,RL-SAC
1.3600000000000005,96,5,4.021,0.0796,120.0,1.0,follower,DL-Transformer (coord)
1.3600000000000005,97,5,4.1739,0.0797,120.0,1.0,edge-relay,Classical-MPC
1.3600000000000005,98,5,4.327,0.0805,120.0,1.0,follower,DL-CNN (vision)
1.3600000000000005,99,5,4.4793,0.079,120.0,1.0,follower,DL-Transformer (coord)
1.3600000000000005,100,5,4.6686,0.0799,120.0,1.0,follower,DL-Transformer (coord)
1.4000000000000006,1,2,0.0813,0.9187,120.0,1.0,leader,RL-PPO
1.4000000000000006,2,2,0.2315,0.9204,120.0,1.0,follower,DL-CNN (vision)
1.4000000000000006,3,2,0.3866,0.921,120.0,1.0,follower,Classical-MPC
1.4000000000000006,4,2,0.5369,0.92,120.0,1.0,follower,DL-CNN (vision)
1.4000000000000006,5,2,0.6921,0.9208,120.0,1.0,safety-sentry,DL-Transformer (coord)
1.4000000000000006,6,2,0.8447,0.9201,120.0,1.0,follower,IL-BC (behavior cloning)
1.4000000000000006,7,2,0.9213,0.5266,120.0,1.0,follower,Classical-MPC
1.4000000000000006,8,2,0.92,0.6404,120.0,1.0,leader,IL-BC (behavior cloning)
1.4000000000000006,9,2,0.9208,0.7786,120.0,1.0,follower,RL-PPO
1.4000000000000006,10,2,0.9189,0.8922,120.0,1.0,follower,DL-CNN (vision)
1.4000000000000006,11,2,0.1551,0.4989,120.0,1.0,follower,DL-CNN (vision)
1.4000000000000006,12,2,0.3079,0.4986,120.0,1.0,edge-relay,RL-PPO
1.4000000000000006,13,2,0.4626,0.4986,120.0,1.0,follower,DL-Transformer (coord)
1.4000000000000006,14,2,0.6135,0.5002,120.0,1.0,leader,DL-Transformer (coord)
1.4000000000000006,15,2,0.7664,0.5005,120.0,1.0,follower,Classical-MPC
1.4000000000000006,16,2,0.9187,0.4996,120.0,1.0,safety-sentry,Classical-MPC
1.4000000000000006,17,2,0.0788,0.2004,120.0,1.0,follower,RL-PPO
1.4000000000000006,18,2,0.0811,0.321,120.0,1.0,follower,RL-SAC
1.4000000000000006,19,2,0.0787,0.44,120.0,1.0,safety-sentry,DL-Transformer (coord)
1.4000000000000006,20,2,0.1195,0.0786,120.0,1.0,leader,RL-PPO
1.4000000000000006,21,2,0.2709,0.0804,120.0,1.0,follower,RL-SAC
1.4000000000000006,22,2,0.423,0.0813,120.0,1.0,safety-sentry,DL-Transformer (coord)
1.4000000000000006,23,2,0.5778,0.0807,120.0,1.0,follower,RL-PPO
1.4000000000000006,24,2,0.7304,0.0802,120.0,1.0,follower,IL-BC (behavior cloning)
1.4000000000000006,25,2,0.9187,0.0796,120.0,1.0,safety-sentry,Classical-MPC
1.4000000000000006,26,0,1.3309,0.9202,120.0,1.0,follower,RL-PPO
1.4000000000000006,27,0,1.4976,0.9209,120.0,1.0,follower,DL-Transformer (coord)
1.4000000000000006,28,0,1.6666,0.919,120.0,1.0,follower,IL-BC (behavior cloning)
1.4000000000000006,29,0,1.8331,0.9208,120.0,1.0,follower,Classical-MPC
1.4000000000000006,30,0,2.0029,0.9191,120.0,1.0,follower,RL-SAC
1.4000000000000006,31,0,2.1691000000000003,0.9204,120.0,1.0,follower,RL-PPO
1.4000000000000006,32,0,2.1709,0.5888,120.0,1.0,follower,Classical-MPC
1.4000000000000006,33,0,2.1711,0.7114,120.0,1.0,follower,Classical-MPC
1.4000000000000006,34,0,2.1691000000000003,0.8608,120.0,1.0,follower,RL-SAC
1.4000000000000006,35,0,2.1692,0.1118,120.0,1.0,follower,DL-CNN (vision)
1.4000000000000006,36,0,2.1708,0.2419,120.0,1.0,edge-relay,IL-BC (behavior cloning)
1.4000000000000006,37,0,2.1711,0.3698,120.0,1.0,follower,Classical-MPC
1.4000000000000006,38,0,2.1687,0.4997,120.0,1.0,follower,RL-PPO
1.4000000000000006,39,0,1.4569,0.0788,120.0,1.0,follower,DL-Transformer (coord)
1.4000000000000006,40,0,1.6251,0.0814,120.0,1.0,follower,Classical-MPC
1.4000000000000006,41,0,1.7917,0.0788,120.0,1.0,follower,DL-Transformer (coord)
1.4000000000000006,42,0,2.0029,0.0791,120.0,1.0,follower,RL-PPO
1.4000000000000006,43,0,2.1691000000000003,0.0804,120.0,1.0,follower,RL-PPO
1.4000000000000006,44,0,1.3309,0.1757,120.0,1.0,follower,RL-SAC
1.4000000000000006,45,0,1.3311,0.3076,120.0,1.0,follower,Classical-MPC
1.4000000000000006,46,0,1.3296999999999999,0.4342,120.0,1.0,follower,RL-PPO
1.4000000000000006,47,0,1.3292,0.5295,120.0,1.0,follower,RL-PPO
1.4000000000000006,48,0,1.3308,0.6503,120.0,1.0,safety-sentry,DL-CNN (vision)
1.4000000000000006,49,0,1.3311,0.769,120.0,1.0,follower,RL-PPO
1.4000000000000006,50,0,1.3285,0.9199,120.0,1.0,follower,RL-PPO
1.4000000000000006,51,2,2.5813,0.9187,120.0,1.0,follower,RL-PPO
1.4000000000000006,52,2,2.7315,0.9204,120.0,1.0,follower,DL-Transformer (coord)
1.4000000000000006,53,2,2.8866,0.921,120.0,1.0,follower,IL-BC (behavior cloning)
1.4000000000000006,54,2,3.0369,0.92,120.0,1.0,follower,DL-CNN (vision)
1.4000000000000006,55,2,3.1921,0.9208,120.0,1.0,follower,RL-PPO
1.4000000000000006,56,2,3.3447,0.9201,120.0,1.0,leader,DL-CNN (vision)
1.4000000000000006,57,2,3.4213,0.5266,120.0,1.0,follower,DL-Transformer (coord)
1.4000000000000006,58,2,3.42,0.6404,120.0,1.0,follower,Classical-MPC
1.4000000000000006,59,2,3.4208,0.7786,120.0,1.0,follower,Classical-MPC
1.4000000000000006,60,2,3.4189,0.8922,120.0,1.0,follower,RL-SAC
1.4000000000000006,61,2,2.6551,0.4989,120.0,1.0,safety-sentry,RL-PPO
1.4000000000000006,62,2,2.8079,0.4986,120.0,1.0,follower,Classical-MPC
1.4000000000000006,63,2,2.9626,0.4986,120.0,1.0,leader,Classical-MPC
1.4000000000000006,64,2,3.1135,0.5002,120.0,1.0,follower,DL-CNN (vision)
1.4000000000000006,65,2,3.2664,0.5005,120.0,1.0,follower,IL-BC (behavior cloning)
1.4000000000000006,66,2,3.4187,0.4996,120.0,1.0,follower,Classical-MPC
1.4000000000000006,67,2,2.5788,0.2004,120.0,1.0,safety-sentry,DL-Transformer (coord)
1.4000000000000006,68,2,2.5811,0.321,120.0,1.0,safety-sentry,Classical-MPC
1.4000000000000006,69,2,2.5787,0.44,120.0,1.0,edge-relay,RL-PPO
1.4000000000000006,70,2,2.6195,0.0786,120.0,1.0,follower,RL-SAC
1.4000000000000006,71,2,2.7709,0.0804,120.0,1.0,edge-relay,RL-SAC
1.4000000000000006,72,2,2.923,0.0813,120.0,1.0,follower,RL-PPO
1.4000000000000006,73,2,3.0778,0.0807,120.0,1.0,follower,Classical-MPC
1.4000000000000006,74,2,3.2304,0.0802,120.0,1.0,follower,RL-PPO
1.4000000000000006,75,2,3.4187,0.0796,120.0,1.0,follower,DL-Transformer (coord)
1.4000000000000006,76,5,3.8315,0.9211,120.0,1.0,follower,RL-PPO
1.4000000000000006,77,5,3.9841,0.9189,120.0,1.0,follower,DL-CNN (vision)
1.4000000000000006,78,5,4.1362,0.9189,120.0,1.0,follower,DL-CNN (vision)
1.4000000000000006,79,5,4.2891,0.9195,120.0,1.0,follower,RL-SAC
1.4000000000000006,80,5,4.4395,0.9193,120.0,1.0,follower,DL-Transformer (coord)
1.4000000000000006,81,5,4.5938,0.9207,120.0,1.0,follower,DL-Transformer (coord)
1.4000000000000006,82,5,3.8292,0.5294,120.0,1.0,follower,DL-CNN (vision)
1.4000000000000006,83,5,3.8301,0.6396,120.0,1.0,follower,IL-BC (behavior cloning)
1.4000000000000006,84,5,3.8307,0.7799,120.0,1.0,follower,RL-PPO
1.4000000000000006,85,5,3.8297,0.8923,120.0,1.0,edge-relay,RL-SAC
1.4000000000000006,86,5,3.9061,0.5013,120.0,1.0,follower,DL-CNN (vision)
1.4000000000000006,87,5,4.0602,0.4987,120.0,1.0,follower,DL-CNN (vision)
1.4000000000000006,88,5,4.2125,0.4999,120.0,1.0,follower,RL-SAC
1.4000000000000006,89,5,4.3643,0.5003,120.0,1.0,edge-relay,Classical-MPC
1.4000000000000006,90,5,4.5163,0.5008,120.0,1.0,follower,Classical-MPC
1.4000000000000006,91,5,4.6686,0.4999,120.0,1.0,edge-relay,RL-PPO
1.4000000000000006,92,5,4.6714,0.1989,120.0,1.0,safety-sentry,DL-CNN (vision)
1.4000000000000006,93,5,4.6708,0.3189,120.0,1.0,leader,RL-SAC
1.4000000000000006,94,5,4.6709,0.4395,120.0,1.0,edge-relay,DL-CNN (vision)
1.4000000000000006,95,5,3.8673,0.0814,120.0,1.0,follower,RL-SAC
1.4000000000000006,96,5,4.021,0.0796,120.0,1.0,follower,DL-Transformer (coord)
1.4000000000000006,97,5,4.1739,0.0797,120.0,1.0,edge-relay,Classical-MPC
1.4000000000000006,98,5,4.327,0.0805,120.0,1.0,follower,DL-CNN (vision)
1.4000000000000006,99,5,4.4793,0.079,120.0,1.0,follower,DL-Transformer (coord)
1.4000000000000006,100,5,4.6686,0.0799,120.0,1.0,follower,DL-Transformer (coord)
1.4400000000000006,1,2,0.0813,0.9187,120.0,1.0,leader,RL-PPO
1.4400000000000006,2,2,0.2315,0.9204,120.0,1.0,follower,DL-CNN (vision)
1.4400000000000006,3,2,0.3866,0.921,120.0,1.0,follower,Classical-MPC
1.4400000000000006,4,2,0.5369,0.92,120.0,1.0,follower,DL-CNN (vision)
1.4400000000000006,5,2,0.6921,0.9208,120.0,1.0,safety-sentry,DL-Transformer (coord)
1.4400000000000006,6,2,0.8447,0.9201,120.0,1.0,follower,IL-BC (behavior cloning)
1.4400000000000006,7,2,0.9213,0.5266,120.0,1.0,follower,Classical-MPC
1.4400000000000006,8,2,0.92,0.6404,120.0,1.0,leader,IL-BC (behavior cloning)
1.4400000000000006,9,2,0.9208,0.7786,120.0,1.0,follower,RL-PPO
1.4400000000000006,10,2,0.9189,0.8922,120.0,1.0,follower,DL-CNN (vision)
1.4400000000000006,11,2,0.1551,0.4989,120.0,1.0,follower,DL-CNN (vision)
1.4400000000000006,12,2,0.3079,0.4986,120.0,1.0,edge-relay,RL-PPO
1.4400000000000006,13,2,0.4626,0.4986,120.0,1.0,follower,DL-Transformer (coord)
1.4400000000000006,14,2,0.6135,0.5002,120.0,1.0,leader,DL-Transformer (coord)
1.4400000000000006,15,2,0.7664,0.5005,120.0,1.0,follower,Classical-MPC
1.4400000000000006,16,2,0.9187,0.4996,120.0,1.0,safety-sentry,Classical-MPC
1.4400000000000006,17,2,0.0788,0.2004,120.0,1.0,follower,RL-PPO
1.4400000000000006,18,2,0.0811,0.321,120.0,1.0,follower,RL-SAC
1.4400000000000006,19,2,0.0787,0.44,120.0,1.0,safety-sentry,DL-Transformer (coord)
1.4400000000000006,20,2,0.1195,0.0786,120.0,1.0,leader,RL-PPO
1.4400000000000006,21,2,0.2709,0.0804,120.0,1.0,follower,RL-SAC
1.4400000000000006,22,2,0.423,0.0813,120.0,1.0,safety-sentry,DL-Transformer (coord)
1.4400000000000006,23,2,0.5778,0.0807,120.0,1.0,follower,RL-PPO
1.4400000000000006,24,2,0.7304,0.0802,120.0,1.0,follower,IL-BC (behavior cloning)
1.4400000000000006,25,2,0.9187,0.0796,120.0,1.0,safety-sentry,Classical-MPC
1.4400000000000006,26,0,1.3309,0.9202,120.0,1.0,follower,RL-PPO
1.4400000000000006,27,0,1.4976,0.9209,120.0,1.0,follower,DL-Transformer (coord)
1.4400000000000006,28,0,1.6666,0.919,120.0,1.0,follower,IL-BC (behavior cloning)
1.4400000000000006,29,0,1.8331,0.9208,120.0,1.0,follower,Classical-MPC
1.4400000000000006,30,0,2.0029,0.9191,120.0,1.0,follower,RL-SAC
1.4400000000000006,31,0,2.1691000000000003,0.9204,120.0,1.0,follower,RL-PPO
1.4400000000000006,32,0,2.1709,0.5888,120.0,1.0,follower,Classical-MPC
1.4400000000000006,33,0,2.1711,0.7114,120.0,1.0,follower,Classical-MPC
1.4400000000000006,34,0,2.1691000000000003,0.8608,120.0,1.0,follower,RL-SAC
1.4400000000000006,35,0,2.1692,0.1118,120.0,1.0,follower,DL-CNN (vision)
1.4400000000000006,36,0,2.1708,0.2419,120.0,1.0,edge-relay,IL-BC (behavior cloning)
1.4400000000000006,37,0,2.1711,0.3698,120.0,1.0,follower,Classical-MPC
1.4400000000000006,38,0,2.1687,0.4997,120.0,1.0,follower,RL-PPO
1.4400000000000006,39,0,1.4569,0.0788,120.0,1.0,follower,DL-Transformer (coord)
1.4400000000000006,40,0,1.6251,0.0814,120.0,1.0,follower,Classical-MPC
1.4400000000000006,41,0,1.7917,0.0788,120.0,1.0,follower,DL-Transformer (coord)
1.4400000000000006,42,0,2.0029,0.0791,120.0,1.0,follower,RL-PPO
1.4400000000000006,43,0,2.1691000000000003,0.0804,120.0,1.0,follower,RL-PPO
1.4400000000000006,44,0,1.3309,0.1757,120.0,1.0,follower,RL-SAC
1.4400000000000006,45,0,1.3311,0.3076,120.0,1.0,follower,Classical-MPC
1.4400000000000006,46,0,1.3296999999999999,0.4342,120.0,1.0,follower,RL-PPO
1.4400000000000006,47,0,1.3292,0.5295,120.0,1.0,follower,RL-PPO
1.4400000000000006,48,0,1.3308,0.6503,120.0,1.0,safety-sentry,DL-CNN (vision)
1.4400000000000006,49,0,1.3311,0.769,120.0,1.0,follower,RL-PPO
1.4400000000000006,50,0,1.3285,0.9199,120.0,1.0,follower,RL-PPO
1.4400000000000006,51,2,2.5813,0.9187,120.0,1.0,follower,RL-PPO
1.4400000000000006,52,2,2.7315,0.9204,120.0,1.0,follower,DL-Transformer (coord)
1.4400000000000006,53,2,2.8866,0.921,120.0,1.0,follower,IL-BC (behavior cloning)
1.4400000000000006,54,2,3.0369,0.92,120.0,1.0,follower,DL-CNN (vision)
1.4400000000000006,55,2,3.1921,0.9208,120.0,1.0,follower,RL-PPO
1.4400000000000006,56,2,3.3447,0.9201,120.0,1.0,leader,DL-CNN (vision)
1.4400000000000006,57,2,3.4213,0.5266,120.0,1.0,follower,DL-Transformer (coord)
1.4400000000000006,58,2,3.42,0.6404,120.0,1.0,follower,Classical-MPC
1.4400000000000006,59,2,3.4208,0.7786,120.0,1.0,follower,Classical-MPC
1.4400000000000006,60,2,3.4189,0.8922,120.0,1.0,follower,RL-SAC
1.4400000000000006,61,2,2.6551,0.4989,120.0,1.0,safety-sentry,RL-PPO
1.4400000000000006,62,2,2.8079,0.4986,120.0,1.0,follower,Classical-MPC
1.4400000000000006,63,2,2.9626,0.4986,120.0,1.0,leader,Classical-MPC
1.4400000000000006,64,2,3.1135,0.5002,120.0,1.0,follower,DL-CNN (vision)
1.4400000000000006,65,2,3.2664,0.5005,120.0,1.0,follower,IL-BC (behavior cloning)
1.4400000000000006,66,2,3.4187,0.4996,120.0,1.0,follower,Classical-MPC
1.4400000000000006,67,2,2.5788,0.2004,120.0,1.0,safety-sentry,DL-Transformer (coord)
1.4400000000000006,68,2,2.5811,0.321,120.0,1.0,safety-sentry,Classical-MPC
1.4400000000000006,69,2,2.5787,0.44,120.0,1.0,edge-relay,RL-PPO
1.4400000000000006,70,2,2.6195,0.0786,120.0,1.0,follower,RL-SAC
1.4400000000000006,71,2,2.7709,0.0804,120.0,1.0,edge-relay,RL-SAC
1.4400000000000006,72,2,2.923,0.0813,120.0,1.0,follower,RL-PPO
1.4400000000000006,73,2,3.0778,0.0807,120.0,1.0,follower,Classical-MPC
1.4400000000000006,74,2,3.2304,0.0802,120.0,1.0,follower,RL-PPO
1.4400000000000006,75,2,3.4187,0.0796,120.0,1.0,follower,DL-Transformer (coord)
1.4400000000000006,76,5,3.8315,0.9211,120.0,1.0,follower,RL-PPO
1.4400000000000006,77,5,3.9841,0.9189,120.0,1.0,follower,DL-CNN (vision)
1.4400000000000006,78,5,4.1362,0.9189,120.0,1.0,follower,DL-CNN (vision)
1.4400000000000006,79,5,4.2891,0.9195,120.0,1.0,follower,RL-SAC
1.4400000000000006,80,5,4.4395,0.9193,120.0,1.0,follower,DL-Transformer (coord)
1.4400000000000006,81,5,4.5938,0.9207,120.0,1.0,follower,DL-Transformer (coord)
1.4400000000000006,82,5,3.8292,0.5294,120.0,1.0,follower,DL-CNN (vision)
1.4400000000000006,83,5,3.8301,0.6396,120.0,1.0,follower,IL-BC (behavior cloning)
1.4400000000000006,84,5,3.8307,0.7799,120.0,1.0,follower,RL-PPO
1.4400000000000006,85,5,3.8297,0.8923,120.0,1.0,edge-relay,RL-SAC
1.4400000000000006,86,5,3.9061,0.5013,120.0,1.0,follower,DL-CNN (vision)
1.4400000000000006,87,5,4.0602,0.4987,120.0,1.0,follower,DL-CNN (vision)
1.4400000000000006,88,5,4.2125,0.4999,120.0,1.0,follower,RL-SAC
1.4400000000000006,89,5,4.3643,0.5003,120.0,1.0,edge-relay,Classical-MPC
1.4400000000000006,90,5,4.5163,0.5008,120.0,1.0,follower,Classical-MPC
1.4400000000000006,91,5,4.6686,0.4999,120.0,1.0,edge-relay,RL-PPO
1.4400000000000006,92,5,4.6714,0.1989,120.0,1.0,safety-sentry,DL-CNN (vision)
1.4400000000000006,93,5,4.6708,0.3189,120.0,1.0,leader,RL-SAC
1.4400000000000006,94,5,4.6709,0.4395,120.0,1.0,edge-relay,DL-CNN (vision)
1.4400000000000006,95,5,3.8673,0.0814,120.0,1.0,follower,RL-SAC
1.4400000000000006,96,5,4.021,0.0796,120.0,1.0,follower,DL-Transformer (coord)
1.4400000000000006,97,5,4.1739,0.0797,120.0,1.0,edge-relay,Classical-MPC
1.4400000000000006,98,5,4.327,0.0805,120.0,1.0,follower,DL-CNN (vision)
1.4400000000000006,99,5,4.4793,0.079,120.0,1.0,follower,DL-Transformer (coord)
1.4400000000000006,100,5,4.6686,0.0799,120.0,1.0,follower,DL-Transformer (coord)
1.4800000000000006,1,2,0.0813,0.9187,120.0,1.0,leader,RL-PPO
1.4800000000000006,2,2,0.2315,0.9204,120.0,1.0,follower,DL-CNN (vision)
1.4800000000000006,3,2,0.3866,0.921,120.0,1.0,follower,Classical-MPC
1.4800000000000006,4,2,0.5369,0.92,120.0,1.0,follower,DL-CNN (vision)
1.4800000000000006,5,2,0.6921,0.9208,120.0,1.0,safety-sentry,DL-Transformer (coord)
1.4800000000000006,6,2,0.8447,0.9201,120.0,1.0,follower,IL-BC (behavior cloning)
1.4800000000000006,7,2,0.9213,0.5266,120.0,1.0,follower,Classical-MPC
1.4800000000000006,8,2,0.92,0.6404,120.0,1.0,leader,IL-BC (behavior cloning)
1.4800000000000006,9,2,0.9208,0.7786,120.0,1.0,follower,RL-PPO
1.4800000000000006,10,2,0.9189,0.8922,120.0,1.0,follower,DL-CNN (vision)
1.4800000000000006,11,2,0.1551,0.4989,120.0,1.0,follower,DL-CNN (vision)
1.4800000000000006,12,2,0.3079,0.4986,120.0,1.0,edge-relay,RL-PPO
1.4800000000000006,13,2,0.4626,0.4986,120.0,1.0,follower,DL-Transformer (coord)
1.4800000000000006,14,2,0.6135,0.5002,120.0,1.0,leader,DL-Transformer (coord)
1.4800000000000006,15,2,0.7664,0.5005,120.0,1.0,follower,Classical-MPC
1.4800000000000006,16,2,0.9187,0.4996,120.0,1.0,safety-sentry,Classical-MPC
1.4800000000000006,17,2,0.0788,0.2004,120.0,1.0,follower,RL-PPO
1.4800000000000006,18,2,0.0811,0.321,120.0,1.0,follower,RL-SAC
1.4800000000000006,19,2,0.0787,0.44,120.0,1.0,safety-sentry,DL-Transformer (coord)
1.4800000000000006,20,2,0.1195,0.0786,120.0,1.0,leader,RL-PPO
1.4800000000000006,21,2,0.2709,0.0804,120.0,1.0,follower,RL-SAC
1.4800000000000006,22,2,0.423,0.0813,120.0,1.0,safety-sentry,DL-Transformer (coord)
1.4800000000000006,23,2,0.5778,0.0807,120.0,1.0,follower,RL-PPO
1.4800000000000006,24,2,0.7304,0.0802,120.0,1.0,follower,IL-BC (behavior cloning)
1.4800000000000006,25,2,0.9187,0.0796,120.0,1.0,safety-sentry,Classical-MPC
1.4800000000000006,26,0,1.3309,0.9202,120.0,1.0,follower,RL-PPO
1.4800000000000006,27,0,1.4976,0.9209,120.0,1.0,follower,DL-Transformer (coord)
1.4800000000000006,28,0,1.6666,0.919,120.0,1.0,follower,IL-BC (behavior cloning)
1.4800000000000006,29,0,1.8331,0.9208,120.0,1.0,follower,Classical-MPC
1.4800000000000006,30,0,2.0029,0.9191,120.0,1.0,follower,RL-SAC
1.4800000000000006,31,0,2.1691000000000003,0.9204,120.0,1.0,follower,RL-PPO
1.4800000000000006,32,0,2.1709,0.5888,120.0,1.0,follower,Classical-MPC
1.4800000000000006,33,0,2.1711,0.7114,120.0,1.0,follower,Classical-MPC
1.4800000000000006,34,0,2.1691000000000003,0.8608,120.0,1.0,follower,RL-SAC
1.4800000000000006,35,0,2.1692,0.1118,120.0,1.0,follower,DL-CNN (vision)
1.4800000000000006,36,0,2.1708,0.2419,120.0,1.0,edge-relay,IL-BC (behavior cloning)
1.4800000000000006,37,0,2.1711,0.3698,120.0,1.0,follower,Classical-MPC
1.4800000000000006,38,0,2.1687,0.4997,120.0,1.0,follower,RL-PPO
1.4800000000000006,39,0,1.4569,0.0788,120.0,1.0,follower,DL-Transformer (coord)
1.4800000000000006,40,0,1.6251,0.0814,120.0,1.0,follower,Classical-MPC
1.4800000000000006,41,0,1.7917,0.0788,120.0,1.0,follower,DL-Transformer (coord)
1.4800000000000006,42,0,2.0029,0.0791,120.0,1.0,follower,RL-PPO
1.4800000000000006,43,0,2.1691000000000003,0.0804,120.0,1.0,follower,RL-PPO
1.4800000000000006,44,0,1.3309,0.1757,120.0,1.0,follower,RL-SAC
1.4800000000000006,45,0,1.3311,0.3076,120.0,1.0,follower,Classical-MPC
1.4800000000000006,46,0,1.3296999999999999,0.4342,120.0,1.0,follower,RL-PPO
1.4800000000000006,47,0,1.3292,0.5295,120.0,1.0,follower,RL-PPO
1.4800000000000006,48,0,1.3308,0.6503,120.0,1.0,safety-sentry,DL-CNN (vision)
1.4800000000000006,49,0,1.3311,0.769,120.0,1.0,follower,RL-PPO
1.4800000000000006,50,0,1.3285,0.9199,120.0,1.0,follower,RL-PPO
1.4800000000000006,51,2,2.5813,0.9187,120.0,1.0,follower,RL-PPO
1.4800000000000006,52,2,2.7315,0.9204,120.0,1.0,follower,DL-Transformer (coord)
1.4800000000000006,53,2,2.8866,0.921,120.0,1.0,follower,IL-BC (behavior cloning)
1.4800000000000006,54,2,3.0369,0.92,120.0,1.0,follower,DL-CNN (vision)
1.4800000000000006,55,2,3.1921,0.9208,120.0,1.0,follower,RL-PPO
1.4800000000000006,56,2,3.3447,0.9201,120.0,1.0,leader,DL-CNN (vision)
1.4800000000000006,57,2,3.4213,0.5266,120.0,1.0,follower,DL-Transformer (coord)
1.4800000000000006,58,2,3.42,0.6404,120.0,1.0,follower,Classical-MPC
1.4800000000000006,59,2,3.4208,0.7786,120.0,1.0,follower,Classical-MPC
1.4800000000000006,60,2,3.4189,0.8922,120.0,1.0,follower,RL-SAC
1.4800000000000006,61,2,2.6551,0.4989,120.0,1.0,safety-sentry,RL-PPO
1.4800000000000006,62,2,2.8079,0.4986,120.0,1.0,follower,Classical-MPC
1.4800000000000006,63,2,2.9626,0.4986,120.0,1.0,leader,Classical-MPC
1.4800000000000006,64,2,3.1135,0.5002,120.0,1.0,follower,DL-CNN (vision)
1.4800000000000006,65,2,3.2664,0.5005,120.0,1.0,follower,IL-BC (behavior cloning)
1.4800000000000006,66,2,3.4187,0.4996,120.0,1.0,follower,Classical-MPC
1.4800000000000006,67,2,2.5788,0.2004,120.0,1.0,safety-sentry,DL-Transformer (coord)
1.4800000000000006,68,2,2.5811,0.321,120.0,1.0,safety-sentry,Classical-MPC
1.4800000000000006,69,2,2.5787,0.44,120.0,1.0,edge-relay,RL-PPO
1.4800000000000006,70,2,2.6195,0.0786,120.0,1.0,follower,RL-SAC
1.4800000000000006,71,2,2.7709,0.0804,120.0,1.0,edge-relay,RL-SAC
1.4800000000000006,72,2,2.923,0.0813,120.0,1.0,follower,RL-PPO
1.4800000000000006,73,2,3.0778,0.0807,120.0,1.0,follower,Classical-MPC
1.4800000000000006,74,2,3.2304,0.0802,120.0,1.0,follower,RL-PPO
1.4800000000000006,75,2,3.4187,0.0796,120.0,1.0,follower,DL-Transformer (coord)
1.4800000000000006,76,5,3.8315,0.9211,120.0,1.0,follower,RL-PPO
1.4800000000000006,77,5,3.9841,0.9189,120.0,1.0,follower,DL-CNN (vision)
1.4800000000000006,78,5,4.1362,0.9189,120.0,1.0,follower,DL-CNN (vision)
1.4800000000000006,79,5,4.2891,0.9195,120.0,1.0,follower,RL-SAC
1.4800000000000006,80,5,4.4395,0.9193,120.0,1.0,follower,DL-Transformer (coord)
1.4800000000000006,81,5,4.5938,0.9207,120.0,1.0,follower,DL-Transformer (coord)
1.4800000000000006,82,5,3.8292,0.5294,120.0,1.0,follower,DL-CNN (vision)
1.4800000000000006,83,5,3.8301,0.6396,120.0,1.0,follower,IL-BC (behavior cloning)
1.4800000000000006,84,5,3.8307,0.7799,120.0,1.0,follower,RL-PPO
1.4800000000000006,85,5,3.8297,0.8923,120.0,1.0,edge-relay,RL-SAC
1.4800000000000006,86,5,3.9061,0.5013,120.0,1.0,follower,DL-CNN (vision)
1.4800000000000006,87,5,4.0602,0.4987,120.0,1.0,follower,DL-CNN (vision)
1.4800000000000006,88,5,4.2125,0.4999,120.0,1.0,follower,RL-SAC
1.4800000000000006,89,5,4.3643,0.5003,120.0,1.0,edge-relay,Classical-MPC
1.4800000000000006,90,5,4.5163,0.5008,120.0,1.0,follower,Classical-MPC
1.4800000000000006,91,5,4.6686,0.4999,120.0,1.0,edge-relay,RL-PPO
1.4800000000000006,92,5,4.6714,0.1989,120.0,1.0,safety-sentry,DL-CNN (vision)
1.4800000000000006,93,5,4.6708,0.3189,120.0,1.0,leader,RL-SAC
1.4800000000000006,94,5,4.6709,0.4395,120.0,1.0,edge-relay,DL-CNN (vision)
1.4800000000000006,95,5,3.8673,0.0814,120.0,1.0,follower,RL-SAC
1.4800000000000006,96,5,4.021,0.0796,120.0,1.0,follower,DL-Transformer (coord)
1.4800000000000006,97,5,4.1739,0.0797,120.0,1.0,edge-relay,Classical-MPC
1.4800000000000006,98,5,4.327,0.0805,120.0,1.0,follower,DL-CNN (vision)
1.4800000000000006,99,5,4.4793,0.079,120.0,1.0,follower,DL-Transformer (coord)
1.4800000000000006,100,5,4.6686,0.0799,120.0,1.0,follower,DL-Transformer (coord)
1.5200000000000007,1,2,0.0813,0.9187,120.0,1.0,leader,RL-PPO
1.5200000000000007,2,2,0.2315,0.9204,120.0,1.0,follower,DL-CNN (vision)
1.5200000000000007,3,2,0.3866,0.921,120.0,1.0,follower,Classical-MPC
1.5200000000000007,4,2,0.5369,0.92,120.0,1.0,follower,DL-CNN (vision)
1.5200000000000007,5,2,0.6921,0.9208,120.0,1.0,safety-sentry,DL-Transformer (coord)
1.5200000000000007,6,2,0.8447,0.9201,120.0,1.0,follower,IL-BC (behavior cloning)
1.5200000000000007,7,2,0.9213,0.5266,120.0,1.0,follower,Classical-MPC
1.5200000000000007,8,2,0.92,0.6404,120.0,1.0,leader,IL-BC (behavior cloning)
1.5200000000000007,9,2,0.9208,0.7786,120.0,1.0,follower,RL-PPO
1.5200000000000007,10,2,0.9189,0.8922,120.0,1.0,follower,DL-CNN (vision)
1.5200000000000007,11,2,0.1551,0.4989,120.0,1.0,follower,DL-CNN (vision)
1.5200000000000007,12,2,0.3079,0.4986,120.0,1.0,edge-relay,RL-PPO
1.5200000000000007,13,2,0.4626,0.4986,120.0,1.0,follower,DL-Transformer (coord)
1.5200000000000007,14,2,0.6135,0.5002,120.0,1.0,leader,DL-Transformer (coord)
1.5200000000000007,15,2,0.7664,0.5005,120.0,1.0,follower,Classical-MPC
1.5200000000000007,16,2,0.9187,0.4996,120.0,1.0,safety-sentry,Classical-MPC
1.5200000000000007,17,2,0.0788,0.2004,120.0,1.0,follower,RL-PPO
1.5200000000000007,18,2,0.0811,0.321,120.0,1.0,follower,RL-SAC
1.5200000000000007,19,2,0.0787,0.44,120.0,1.0,safety-sentry,DL-Transformer (coord)
1.5200000000000007,20,2,0.1195,0.0786,120.0,1.0,leader,RL-PPO
1.5200000000000007,21,2,0.2709,0.0804,120.0,1.0,follower,RL-SAC
1.5200000000000007,22,2,0.423,0.0813,120.0,1.0,safety-sentry,DL-Transformer (coord)
1.5200000000000007,23,2,0.5778,0.0807,120.0,1.0,follower,RL-PPO
1.5200000000000007,24,2,0.7304,0.0802,120.0,1.0,follower,IL-BC (behavior cloning)
1.5200000000000007,25,2,0.9187,0.0796,120.0,1.0,safety-sentry,Classical-MPC
1.5200000000000007,26,0,1.3309,0.9202,120.0,1.0,follower,RL-PPO
1.5200000000000007,27,0,1.4976,0.9209,120.0,1.0,follower,DL-Transformer (coord)
1.5200000000000007,28,0,1.6666,0.919,120.0,1.0,follower,IL-BC (behavior cloning)
1.5200000000000007,29,0,1.8331,0.9208,120.0,1.0,follower,Classical-MPC
1.5200000000000007,30,0,2.0029,0.9191,120.0,1.0,follower,RL-SAC
1.5200000000000007,31,0,2.1691000000000003,0.9204,120.0,1.0,follower,RL-PPO
1.5200000000000007,32,0,2.1709,0.5888,120.0,1.0,follower,Classical-MPC
1.5200000000000007,33,0,2.1711,0.7114,120.0,1.0,follower,Classical-MPC
1.5200000000000007,34,0,2.1691000000000003,0.8608,120.0,1.0,follower,RL-SAC
1.5200000000000007,35,0,2.1692,0.1118,120.0,1.0,follower,DL-CNN (vision)
1.5200000000000007,36,0,2.1708,0.2419,120.0,1.0,edge-relay,IL-BC (behavior cloning)
1.5200000000000007,37,0,2.1711,0.3698,120.0,1.0,follower,Classical-MPC
1.5200000000000007,38,0,2.1687,0.4997,120.0,1.0,follower,RL-PPO
1.5200000000000007,39,0,1.4569,0.0788,120.0,1.0,follower,DL-Transformer (coord)
1.5200000000000007,40,0,1.6251,0.0814,120.0,1.0,follower,Classical-MPC
1.5200000000000007,41,0,1.7917,0.0788,120.0,1.0,follower,DL-Transformer (coord)
1.5200000000000007,42,0,2.0029,0.0791,120.0,1.0,follower,RL-PPO
1.5200000000000007,43,0,2.1691000000000003,0.0804,120.0,1.0,follower,RL-PPO
1.5200000000000007,44,0,1.3309,0.1757,120.0,1.0,follower,RL-SAC
1.5200000000000007,45,0,1.3311,0.3076,120.0,1.0,follower,Classical-MPC
1.5200000000000007,46,0,1.3296999999999999,0.4342,120.0,1.0,follower,RL-PPO
1.5200000000000007,47,0,1.3292,0.5295,120.0,1.0,follower,RL-PPO
1.5200000000000007,48,0,1.3308,0.6503,120.0,1.0,safety-sentry,DL-CNN (vision)
1.5200000000000007,49,0,1.3311,0.769,120.0,1.0,follower,RL-PPO
1.5200000000000007,50,0,1.3285,0.9199,120.0,1.0,follower,RL-PPO
1.5200000000000007,51,2,2.5813,0.9187,120.0,1.0,follower,RL-PPO
1.5200000000000007,52,2,2.7315,0.9204,120.0,1.0,follower,DL-Transformer (coord)
1.5200000000000007,53,2,2.8866,0.921,120.0,1.0,follower,IL-BC (behavior cloning)
1.5200000000000007,54,2,3.0369,0.92,120.0,1.0,follower,DL-CNN (vision)
1.5200000000000007,55,2,3.1921,0.9208,120.0,1.0,follower,RL-PPO
1.5200000000000007,56,2,3.3447,0.9201,120.0,1.0,leader,DL-CNN (vision)
1.5200000000000007,57,2,3.4213,0.5266,120.0,1.0,follower,DL-Transformer (coord)
1.5200000000000007,58,2,3.42,0.6404,120.0,1.0,follower,Classical-MPC
1.5200000000000007,59,2,3.4208,0.7786,120.0,1.0,follower,Classical-MPC
1.5200000000000007,60,2,3.4189,0.8922,120.0,1.0,follower,RL-SAC
1.5200000000000007,61,2,2.6551,0.4989,120.0,1.0,safety-sentry,RL-PPO
1.5200000000000007,62,2,2.8079,0.4986,120.0,1.0,follower,Classical-MPC
1.5200000000000007,63,2,2.9626,0.4986,120.0,1.0,leader,Classical-MPC
1.5200000000000007,64,2,3.1135,0.5002,120.0,1.0,follower,DL-CNN (vision)
1.5200000000000007,65,2,3.2664,0.5005,120.0,1.0,follower,IL-BC (behavior cloning)
1.5200000000000007,66,2,3.4187,0.4996,120.0,1.0,follower,Classical-MPC
1.5200000000000007,67,2,2.5788,0.2004,120.0,1.0,safety-sentry,DL-Transformer (coord)
1.5200000000000007,68,2,2.5811,0.321,120.0,1.0,safety-sentry,Classical-MPC
1.5200000000000007,69,2,2.5787,0.44,120.0,1.0,edge-relay,RL-PPO
1.5200000000000007,70,2,2.6195,0.0786,120.0,1.0,follower,RL-SAC
1.5200000000000007,71,2,2.7709,0.0804,120.0,1.0,edge-relay,RL-SAC
1.5200000000000007,72,2,2.923,0.0813,120.0,1.0,follower,RL-PPO
1.5200000000000007,73,2,3.0778,0.0807,120.0,1.0,follower,Classical-MPC
1.5200000000000007,74,2,3.2304,0.0802,120.0,1.0,follower,RL-PPO
1.5200000000000007,75,2,3.4187,0.0796,120.0,1.0,follower,DL-Transformer (coord)
1.5200000000000007,76,5,3.8315,0.9211,120.0,1.0,follower,RL-PPO
1.5200000000000007,77,5,3.9841,0.9189,120.0,1.0,follower,DL-CNN (vision)
1.5200000000000007,78,5,4.1362,0.9189,120.0,1.0,follower,DL-CNN (vision)
1.5200000000000007,79,5,4.2891,0.9195,120.0,1.0,follower,RL-SAC
1.5200000000000007,80,5,4.4395,0.9193,120.0,1.0,follower,DL-Transformer (coord)
1.5200000000000007,81,5,4.5938,0.9207,120.0,1.0,follower,DL-Transformer (coord)
1.5200000000000007,82,5,3.8292,0.5294,120.0,1.0,follower,DL-CNN (vision)
1.5200000000000007,83,5,3.8301,0.6396,120.0,1.0,follower,IL-BC (behavior cloning)
1.5200000000000007,84,5,3.8307,0.7799,120.0,1.0,follower,RL-PPO
1.5200000000000007,85,5,3.8297,0.8923,120.0,1.0,edge-relay,RL-SAC
1.5200000000000007,86,5,3.9061,0.5013,120.0,1.0,follower,DL-CNN (vision)
1.5200000000000007,87,5,4.0602,0.4987,120.0,1.0,follower,DL-CNN (vision)
1.5200000000000007,88,5,4.2125,0.4999,120.0,1.0,follower,RL-SAC
1.5200000000000007,89,5,4.3643,0.5003,120.0,1.0,edge-relay,Classical-MPC
1.5200000000000007,90,5,4.5163,0.5008,120.0,1.0,follower,Classical-MPC
1.5200000000000007,91,5,4.6686,0.4999,120.0,1.0,edge-relay,RL-PPO
1.5200000000000007,92,5,4.6714,0.1989,120.0,1.0,safety-sentry,DL-CNN (vision)
1.5200000000000007,93,5,4.6708,0.3189,120.0,1.0,leader,RL-SAC
1.5200000000000007,94,5,4.6709,0.4395,120.0,1.0,edge-relay,DL-CNN (vision)
1.5200000000000007,95,5,3.8673,0.0814,120.0,1.0,follower,RL-SAC
1.5200000000000007,96,5,4.021,0.0796,120.0,1.0,follower,DL-Transformer (coord)
1.5200000000000007,97,5,4.1739,0.0797,120.0,1.0,edge-relay,Classical-MPC
1.5200000000000007,98,5,4.327,0.0805,120.0,1.0,follower,DL-CNN (vision)
1.5200000000000007,99,5,4.4793,0.079,120.0,1.0,follower,DL-Transformer (coord)
1.5200000000000007,100,5,4.6686,0.0799,120.0,1.0,follower,DL-Transformer (coord)
1.5600000000000007,1,2,0.0813,0.9187,120.0,1.0,leader,RL-PPO
1.5600000000000007,2,2,0.2315,0.9204,120.0,1.0,follower,DL-CNN (vision)
1.5600000000000007,3,2,0.3866,0.921,120.0,1.0,follower,Classical-MPC
1.5600000000000007,4,2,0.5369,0.92,120.0,1.0,follower,DL-CNN (vision)
1.5600000000000007,5,2,0.6921,0.9208,120.0,1.0,safety-sentry,DL-Transformer (coord)
1.5600000000000007,6,2,0.8447,0.9201,120.0,1.0,follower,IL-BC (behavior cloning)
1.5600000000000007,7,2,0.9213,0.5266,120.0,1.0,follower,Classical-MPC
1.5600000000000007,8,2,0.92,0.6404,120.0,1.0,leader,IL-BC (behavior cloning)
1.5600000000000007,9,2,0.9208,0.7786,120.0,1.0,follower,RL-PPO
1.5600000000000007,10,2,0.9189,0.8922,120.0,1.0,follower,DL-CNN (vision)
1.5600000000000007,11,2,0.1551,0.4989,120.0,1.0,follower,DL-CNN (vision)
1.5600000000000007,12,2,0.3079,0.4986,120.0,1.0,edge-relay,RL-PPO
1.5600000000000007,13,2,0.4626,0.4986,120.0,1.0,follower,DL-Transformer (coord)
1.5600000000000007,14,2,0.6135,0.5002,120.0,1.0,leader,DL-Transformer (coord)
1.5600000000000007,15,2,0.7664,0.5005,120.0,1.0,follower,Classical-MPC
1.5600000000000007,16,2,0.9187,0.4996,120.0,1.0,safety-sentry,Classical-MPC
1.5600000000000007,17,2,0.0788,0.2004,120.0,1.0,follower,RL-PPO
1.5600000000000007,18,2,0.0811,0.321,120.0,1.0,follower,RL-SAC
1.5600000000000007,19,2,0.0787,0.44,120.0,1.0,safety-sentry,DL-Transformer (coord)
1.5600000000000007,20,2,0.1195,0.0786,120.0,1.0,leader,RL-PPO
1.5600000000000007,21,2,0.2709,0.0804,120.0,1.0,follower,RL-SAC
1.5600000000000007,22,2,0.423,0.0813,120.0,1.0,safety-sentry,DL-Transformer (coord)
1.5600000000000007,23,2,0.5778,0.0807,120.0,1.0,follower,RL-PPO
1.5600000000000007,24,2,0.7304,0.0802,120.0,1.0,follower,IL-BC (behavior cloning)
1.5600000000000007,25,2,0.9187,0.0796,120.0,1.0,safety-sentry,Classical-MPC
1.5600000000000007,26,0,1.3309,0.9202,120.0,1.0,follower,RL-PPO
1.5600000000000007,27,0,1.4976,0.9209,120.0,1.0,follower,DL-Transformer (coord)
1.5600000000000007,28,0,1.6666,0.919,120.0,1.0,follower,IL-BC (behavior cloning)
1.5600000000000007,29,0,1.8331,0.9208,120.0,1.0,follower,Classical-MPC
1.5600000000000007,30,0,2.0029,0.9191,120.0,1.0,follower,RL-SAC
1.5600000000000007,31,0,2.1691000000000003,0.9204,120.0,1.0,follower,RL-PPO
1.5600000000000007,32,0,2.1709,0.5888,120.0,1.0,follower,Classical-MPC
1.5600000000000007,33,0,2.1711,0.7114,120.0,1.0,follower,Classical-MPC
1.5600000000000007,34,0,2.1691000000000003,0.8608,120.0,1.0,follower,RL-SAC
1.5600000000000007,35,0,2.1692,0.1118,120.0,1.0,follower,DL-CNN (vision)
1.5600000000000007,36,0,2.1708,0.2419,120.0,1.0,edge-relay,IL-BC (behavior cloning)
1.5600000000000007,37,0,2.1711,0.3698,120.0,1.0,follower,Classical-MPC
1.5600000000000007,38,0,2.1687,0.4997,120.0,1.0,follower,RL-PPO
1.5600000000000007,39,0,1.4569,0.0788,120.0,1.0,follower,DL-Transformer (coord)
1.5600000000000007,40,0,1.6251,0.0814,120.0,1.0,follower,Classical-MPC
1.5600000000000007,41,0,1.7917,0.0788,120.0,1.0,follower,DL-Transformer (coord)
1.5600000000000007,42,0,2.0029,0.0791,120.0,1.0,follower,RL-PPO
1.5600000000000007,43,0,2.1691000000000003,0.0804,120.0,1.0,follower,RL-PPO
1.5600000000000007,44,0,1.3309,0.1757,120.0,1.0,follower,RL-SAC
1.5600000000000007,45,0,1.3311,0.3076,120.0,1.0,follower,Classical-MPC
1.5600000000000007,46,0,1.3296999999999999,0.4342,120.0,1.0,follower,RL-PPO
1.5600000000000007,47,0,1.3292,0.5295,120.0,1.0,follower,RL-PPO
1.5600000000000007,48,0,1.3308,0.6503,120.0,1.0,safety-sentry,DL-CNN (vision)
1.5600000000000007,49,0,1.3311,0.769,120.0,1.0,follower,RL-PPO
1.5600000000000007,50,0,1.3285,0.9199,120.0,1.0,follower,RL-PPO
1.5600000000000007,51,2,2.5813,0.9187,120.0,1.0,follower,RL-PPO
1.5600000000000007,52,2,2.7315,0.9204,120.0,1.0,follower,DL-Transformer (coord)
1.5600000000000007,53,2,2.8866,0.921,120.0,1.0,follower,IL-BC (behavior cloning)
1.5600000000000007,54,2,3.0369,0.92,120.0,1.0,follower,DL-CNN (vision)
1.5600000000000007,55,2,3.1921,0.9208,120.0,1.0,follower,RL-PPO
1.5600000000000007,56,2,3.3447,0.9201,120.0,1.0,leader,DL-CNN (vision)
1.5600000000000007,57,2,3.4213,0.5266,120.0,1.0,follower,DL-Transformer (coord)
1.5600000000000007,58,2,3.42,0.6404,120.0,1.0,follower,Classical-MPC
1.5600000000000007,59,2,3.4208,0.7786,120.0,1.0,follower,Classical-MPC
1.5600000000000007,60,2,3.4189,0.8922,120.0,1.0,follower,RL-SAC
1.5600000000000007,61,2,2.6551,0.4989,120.0,1.0,safety-sentry,RL-PPO
1.5600000000000007,62,2,2.8079,0.4986,120.0,1.0,follower,Classical-MPC
1.5600000000000007,63,2,2.9626,0.4986,120.0,1.0,leader,Classical-MPC
1.5600000000000007,64,2,3.1135,0.5002,120.0,1.0,follower,DL-CNN (vision)
1.5600000000000007,65,2,3.2664,0.5005,120.0,1.0,follower,IL-BC (behavior cloning)
1.5600000000000007,66,2,3.4187,0.4996,120.0,1.0,follower,Classical-MPC
1.5600000000000007,67,2,2.5788,0.2004,120.0,1.0,safety-sentry,DL-Transformer (coord)
1.5600000000000007,68,2,2.5811,0.321,120.0,1.0,safety-sentry,Classical-MPC
1.5600000000000007,69,2,2.5787,0.44,120.0,1.0,edge-relay,RL-PPO
1.5600000000000007,70,2,2.6195,0.0786,120.0,1.0,follower,RL-SAC
1.5600000000000007,71,2,2.7709,0.0804,120.0,1.0,edge-relay,RL-SAC
1.5600000000000007,72,2,2.923,0.0813,120.0,1.0,follower,RL-PPO
1.5600000000000007,73,2,3.0778,0.0807,120.0,1.0,follower,Classical-MPC
1.5600000000000007,74,2,3.2304,0.0802,120.0,1.0,follower,RL-PPO
1.5600000000000007,75,2,3.4187,0.0796,120.0,1.0,follower,DL-Transformer (coord)
1.5600000000000007,76,5,3.8315,0.9211,120.0,1.0,follower,RL-PPO
1.5600000000000007,77,5,3.9841,0.9189,120.0,1.0,follower,DL-CNN (vision)
1.5600000000000007,78,5,4.1362,0.9189,120.0,1.0,follower,DL-CNN (vision)
1.5600000000000007,79,5,4.2891,0.9195,120.0,1.0,follower,RL-SAC
1.5600000000000007,80,5,4.4395,0.9193,120.0,1.0,follower,DL-Transformer (coord)
1.5600000000000007,81,5,4.5938,0.9207,120.0,1.0,follower,DL-Transformer (coord)
1.5600000000000007,82,5,3.8292,0.5294,120.0,1.0,follower,DL-CNN (vision)
1.5600000000000007,83,5,3.8301,0.6396,120.0,1.0,follower,IL-BC (behavior cloning)
1.5600000000000007,84,5,3.8307,0.7799,120.0,1.0,follower,RL-PPO
1.5600000000000007,85,5,3.8297,0.8923,120.0,1.0,edge-relay,RL-SAC
1.5600000000000007,86,5,3.9061,0.5013,120.0,1.0,follower,DL-CNN (vision)
1.5600000000000007,87,5,4.0602,0.4987,120.0,1.0,follower,DL-CNN (vision)
1.5600000000000007,88,5,4.2125,0.4999,120.0,1.0,follower,RL-SAC
1.5600000000000007,89,5,4.3643,0.5003,120.0,1.0,edge-relay,Classical-MPC
1.5600000000000007,90,5,4.5163,0.5008,120.0,1.0,follower,Classical-MPC
1.5600000000000007,91,5,4.6686,0.4999,120.0,1.0,edge-relay,RL-PPO
1.5600000000000007,92,5,4.6714,0.1989,120.0,1.0,safety-sentry,DL-CNN (vision)
1.5600000000000007,93,5,4.6708,0.3189,120.0,1.0,leader,RL-SAC
1.5600000000000007,94,5,4.6709,0.4395,120.0,1.0,edge-relay,DL-CNN (vision)
1.5600000000000007,95,5,3.8673,0.0814,120.0,1.0,follower,RL-SAC
1.5600000000000007,96,5,4.021,0.0796,120.0,1.0,follower,DL-Transformer (coord)
1.5600000000000007,97,5,4.1739,0.0797,120.0,1.0,edge-relay,Classical-MPC
1.5600000000000007,98,5,4.327,0.0805,120.0,1.0,follower,DL-CNN (vision)
1.5600000000000007,99,5,4.4793,0.079,120.0,1.0,follower,DL-Transformer (coord)
1.5600000000000007,100,5,4.6686,0.0799,120.0,1.0,follower,DL-Transformer (coord)
1.6000000000000008,1,2,0.0813,0.9187,120.0,1.0,leader,RL-PPO
1.6000000000000008,2,2,0.2315,0.9204,120.0,1.0,follower,DL-CNN (vision)
1.6000000000000008,3,2,0.3866,0.921,120.0,1.0,follower,Classical-MPC
1.6000000000000008,4,2,0.5369,0.92,120.0,1.0,follower,DL-CNN (vision)
1.6000000000000008,5,2,0.6921,0.9208,120.0,1.0,safety-sentry,DL-Transformer (coord)
1.6000000000000008,6,2,0.8447,0.9201,120.0,1.0,follower,IL-BC (behavior cloning)
1.6000000000000008,7,2,0.9213,0.5266,120.0,1.0,follower,Classical-MPC
1.6000000000000008,8,2,0.92,0.6404,120.0,1.0,leader,IL-BC (behavior cloning)
1.6000000000000008,9,2,0.9208,0.7786,120.0,1.0,follower,RL-PPO
1.6000000000000008,10,2,0.9189,0.8922,120.0,1.0,follower,DL-CNN (vision)
1.6000000000000008,11,2,0.1551,0.4989,120.0,1.0,follower,DL-CNN (vision)
1.6000000000000008,12,2,0.3079,0.4986,120.0,1.0,edge-relay,RL-PPO
1.6000000000000008,13,2,0.4626,0.4986,120.0,1.0,follower,DL-Transformer (coord)
1.6000000000000008,14,2,0.6135,0.5002,120.0,1.0,leader,DL-Transformer (coord)
1.6000000000000008,15,2,0.7664,0.5005,120.0,1.0,follower,Classical-MPC
1.6000000000000008,16,2,0.9187,0.4996,120.0,1.0,safety-sentry,Classical-MPC
1.6000000000000008,17,2,0.0788,0.2004,120.0,1.0,follower,RL-PPO
1.6000000000000008,18,2,0.0811,0.321,120.0,1.0,follower,RL-SAC
1.6000000000000008,19,2,0.0787,0.44,120.0,1.0,safety-sentry,DL-Transformer (coord)
1.6000000000000008,20,2,0.1195,0.0786,120.0,1.0,leader,RL-PPO
1.6000000000000008,21,2,0.2709,0.0804,120.0,1.0,follower,RL-SAC
1.6000000000000008,22,2,0.423,0.0813,120.0,1.0,safety-sentry,DL-Transformer (coord)
1.6000000000000008,23,2,0.5778,0.0807,120.0,1.0,follower,RL-PPO
1.6000000000000008,24,2,0.7304,0.0802,120.0,1.0,follower,IL-BC (behavior cloning)
1.6000000000000008,25,2,0.9187,0.0796,120.0,1.0,safety-sentry,Classical-MPC
1.6000000000000008,26,0,1.3309,0.9202,120.0,1.0,follower,RL-PPO
1.6000000000000008,27,0,1.4976,0.9209,120.0,1.0,follower,DL-Transformer (coord)
1.6000000000000008,28,0,1.6666,0.919,120.0,1.0,follower,IL-BC (behavior cloning)
1.6000000000000008,29,0,1.8331,0.9208,120.0,1.0,follower,Classical-MPC
1.6000000000000008,30,0,2.0029,0.9191,120.0,1.0,follower,RL-SAC
1.6000000000000008,31,0,2.1691000000000003,0.9204,120.0,1.0,follower,RL-PPO
1.6000000000000008,32,0,2.1709,0.5888,120.0,1.0,follower,Classical-MPC
1.6000000000000008,33,0,2.1711,0.7114,120.0,1.0,follower,Classical-MPC
1.6000000000000008,34,0,2.1691000000000003,0.8608,120.0,1.0,follower,RL-SAC
1.6000000000000008,35,0,2.1692,0.1118,120.0,1.0,follower,DL-CNN (vision)
1.6000000000000008,36,0,2.1708,0.2419,120.0,1.0,edge-relay,IL-BC (behavior cloning)
1.6000000000000008,37,0,2.1711,0.3698,120.0,1.0,follower,Classical-MPC
1.6000000000000008,38,0,2.1687,0.4997,120.0,1.0,follower,RL-PPO
1.6000000000000008,39,0,1.4569,0.0788,120.0,1.0,follower,DL-Transformer (coord)
1.6000000000000008,40,0,1.6251,0.0814,120.0,1.0,follower,Classical-MPC
1.6000000000000008,41,0,1.7917,0.0788,120.0,1.0,follower,DL-Transformer (coord)
1.6000000000000008,42,0,2.0029,0.0791,120.0,1.0,follower,RL-PPO
1.6000000000000008,43,0,2.1691000000000003,0.0804,120.0,1.0,follower,RL-PPO
1.6000000000000008,44,0,1.3309,0.1757,120.0,1.0,follower,RL-SAC
1.6000000000000008,45,0,1.3311,0.3076,120.0,1.0,follower,Classical-MPC
1.6000000000000008,46,0,1.3296999999999999,0.4342,120.0,1.0,follower,RL-PPO
1.6000000000000008,47,0,1.3292,0.5295,120.0,1.0,follower,RL-PPO
1.6000000000000008,48,0,1.3308,0.6503,120.0,1.0,safety-sentry,DL-CNN (vision)
1.6000000000000008,49,0,1.3311,0.769,120.0,1.0,follower,RL-PPO
1.6000000000000008,50,0,1.3285,0.9199,120.0,1.0,follower,RL-PPO
1.6000000000000008,51,2,2.5813,0.9187,120.0,1.0,follower,RL-PPO
1.6000000000000008,52,2,2.7315,0.9204,120.0,1.0,follower,DL-Transformer (coord)
1.6000000000000008,53,2,2.8866,0.921,120.0,1.0,follower,IL-BC (behavior cloning)
1.6000000000000008,54,2,3.0369,0.92,120.0,1.0,follower,DL-CNN (vision)
1.6000000000000008,55,2,3.1921,0.9208,120.0,1.0,follower,RL-PPO
1.6000000000000008,56,2,3.3447,0.9201,120.0,1.0,leader,DL-CNN (vision)
1.6000000000000008,57,2,3.4213,0.5266,120.0,1.0,follower,DL-Transformer (coord)
1.6000000000000008,58,2,3.42,0.6404,120.0,1.0,follower,Classical-MPC
1.6000000000000008,59,2,3.4208,0.7786,120.0,1.0,follower,Classical-MPC
1.6000000000000008,60,2,3.4189,0.8922,120.0,1.0,follower,RL-SAC
1.6000000000000008,61,2,2.6551,0.4989,120.0,1.0,safety-sentry,RL-PPO
1.6000000000000008,62,2,2.8079,0.4986,120.0,1.0,follower,Classical-MPC
1.6000000000000008,63,2,2.9626,0.4986,120.0,1.0,leader,Classical-MPC
1.6000000000000008,64,2,3.1135,0.5002,120.0,1.0,follower,DL-CNN (vision)
1.6000000000000008,65,2,3.2664,0.5005,120.0,1.0,follower,IL-BC (behavior cloning)
1.6000000000000008,66,2,3.4187,0.4996,120.0,1.0,follower,Classical-MPC
1.6000000000000008,67,2,2.5788,0.2004,120.0,1.0,safety-sentry,DL-Transformer (coord)
1.6000000000000008,68,2,2.5811,0.321,120.0,1.0,safety-sentry,Classical-MPC
1.6000000000000008,69,2,2.5787,0.44,120.0,1.0,edge-relay,RL-PPO
1.6000000000000008,70,2,2.6195,0.0786,120.0,1.0,follower,RL-SAC
1.6000000000000008,71,2,2.7709,0.0804,120.0,1.0,edge-relay,RL-SAC
1.6000000000000008,72,2,2.923,0.0813,120.0,1.0,follower,RL-PPO
1.6000000000000008,73,2,3.0778,0.0807,120.0,1.0,follower,Classical-MPC
1.6000000000000008,74,2,3.2304,0.0802,120.0,1.0,follower,RL-PPO
1.6000000000000008,75,2,3.4187,0.0796,120.0,1.0,follower,DL-Transformer (coord)
1.6000000000000008,76,5,3.8315,0.9211,120.0,1.0,follower,RL-PPO
1.6000000000000008,77,5,3.9841,0.9189,120.0,1.0,follower,DL-CNN (vision)
1.6000000000000008,78,5,4.1362,0.9189,120.0,1.0,follower,DL-CNN (vision)
1.6000000000000008,79,5,4.2891,0.9195,120.0,1.0,follower,RL-SAC
1.6000000000000008,80,5,4.4395,0.9193,120.0,1.0,follower,DL-Transformer (coord)
1.6000000000000008,81,5,4.5938,0.9207,120.0,1.0,follower,DL-Transformer (coord)
1.6000000000000008,82,5,3.8292,0.5294,120.0,1.0,follower,DL-CNN (vision)
1.6000000000000008,83,5,3.8301,0.6396,120.0,1.0,follower,IL-BC (behavior cloning)
1.6000000000000008,84,5,3.8307,0.7799,120.0,1.0,follower,RL-PPO
1.6000000000000008,85,5,3.8297,0.8923,120.0,1.0,edge-relay,RL-SAC
1.6000000000000008,86,5,3.9061,0.5013,120.0,1.0,follower,DL-CNN (vision)
1.6000000000000008,87,5,4.0602,0.4987,120.0,1.0,follower,DL-CNN (vision)
1.6000000000000008,88,5,4.2125,0.4999,120.0,1.0,follower,RL-SAC
1.6000000000000008,89,5,4.3643,0.5003,120.0,1.0,edge-relay,Classical-MPC
1.6000000000000008,90,5,4.5163,0.5008,120.0,1.0,follower,Classical-MPC
1.6000000000000008,91,5,4.6686,0.4999,120.0,1.0,edge-relay,RL-PPO
1.6000000000000008,92,5,4.6714,0.1989,120.0,1.0,safety-sentry,DL-CNN (vision)
1.6000000000000008,93,5,4.6708,0.3189,120.0,1.0,leader,RL-SAC
1.6000000000000008,94,5,4.6709,0.4395,120.0,1.0,edge-relay,DL-CNN (vision)
1.6000000000000008,95,5,3.8673,0.0814,120.0,1.0,follower,RL-SAC
1.6000000000000008,96,5,4.021,0.0796,120.0,1.0,follower,DL-Transformer (coord)
1.6000000000000008,97,5,4.1739,0.0797,120.0,1.0,edge-relay,Classical-MPC
1.6000000000000008,98,5,4.327,0.0805,120.0,1.0,follower,DL-CNN (vision)
1.6000000000000008,99,5,4.4793,0.079,120.0,1.0,follower,DL-Transformer (coord)
1.6000000000000008,100,5,4.6686,0.0799,120.0,1.0,follower,DL-Transformer (coord)
1.6400000000000008,1,2,0.0813,0.9187,120.0,1.0,leader,RL-PPO
1.6400000000000008,2,2,0.2315,0.9204,120.0,1.0,follower,DL-CNN (vision)
1.6400000000000008,3,2,0.3866,0.921,120.0,1.0,follower,Classical-MPC
1.6400000000000008,4,2,0.5369,0.92,120.0,1.0,follower,DL-CNN (vision)
1.6400000000000008,5,2,0.6921,0.9208,120.0,1.0,safety-sentry,DL-Transformer (coord)
1.6400000000000008,6,2,0.8447,0.9201,120.0,1.0,follower,IL-BC (behavior cloning)
1.6400000000000008,7,2,0.9213,0.5266,120.0,1.0,follower,Classical-MPC
1.6400000000000008,8,2,0.92,0.6404,120.0,1.0,leader,IL-BC (behavior cloning)
1.6400000000000008,9,2,0.9208,0.7786,120.0,1.0,follower,RL-PPO
1.6400000000000008,10,2,0.9189,0.8922,120.0,1.0,follower,DL-CNN (vision)
1.6400000000000008,11,2,0.1551,0.4989,120.0,1.0,follower,DL-CNN (vision)
1.6400000000000008,12,2,0.3079,0.4986,120.0,1.0,edge-relay,RL-PPO
1.6400000000000008,13,2,0.4626,0.4986,120.0,1.0,follower,DL-Transformer (coord)
1.6400000000000008,14,2,0.6135,0.5002,120.0,1.0,leader,DL-Transformer (coord)
1.6400000000000008,15,2,0.7664,0.5005,120.0,1.0,follower,Classical-MPC
1.6400000000000008,16,2,0.9187,0.4996,120.0,1.0,safety-sentry,Classical-MPC
1.6400000000000008,17,2,0.0788,0.2004,120.0,1.0,follower,RL-PPO
1.6400000000000008,18,2,0.0811,0.321,120.0,1.0,follower,RL-SAC
1.6400000000000008,19,2,0.0787,0.44,120.0,1.0,safety-sentry,DL-Transformer (coord)
1.6400000000000008,20,2,0.1195,0.0786,120.0,1.0,leader,RL-PPO
1.6400000000000008,21,2,0.2709,0.0804,120.0,1.0,follower,RL-SAC
1.6400000000000008,22,2,0.423,0.0813,120.0,1.0,safety-sentry,DL-Transformer (coord)
1.6400000000000008,23,2,0.5778,0.0807,120.0,1.0,follower,RL-PPO
1.6400000000000008,24,2,0.7304,0.0802,120.0,1.0,follower,IL-BC (behavior cloning)
1.6400000000000008,25,2,0.9187,0.0796,120.0,1.0,safety-sentry,Classical-MPC
1.6400000000000008,26,0,1.3309,0.9202,120.0,1.0,follower,RL-PPO
1.6400000000000008,27,0,1.4976,0.9209,120.0,1.0,follower,DL-Transformer (coord)
1.6400000000000008,28,0,1.6666,0.919,120.0,1.0,follower,IL-BC (behavior cloning)
1.6400000000000008,29,0,1.8331,0.9208,120.0,1.0,follower,Classical-MPC
1.6400000000000008,30,0,2.0029,0.9191,120.0,1.0,follower,RL-SAC
1.6400000000000008,31,0,2.1691000000000003,0.9204,120.0,1.0,follower,RL-PPO
1.6400000000000008,32,0,2.1709,0.5888,120.0,1.0,follower,Classical-MPC
1.6400000000000008,33,0,2.1711,0.7114,120.0,1.0,follower,Classical-MPC
1.6400000000000008,34,0,2.1691000000000003,0.8608,120.0,1.0,follower,RL-SAC
1.6400000000000008,35,0,2.1692,0.1118,120.0,1.0,follower,DL-CNN (vision)
1.6400000000000008,36,0,2.1708,0.2419,120.0,1.0,edge-relay,IL-BC (behavior cloning)
1.6400000000000008,37,0,2.1711,0.3698,120.0,1.0,follower,Classical-MPC
1.6400000000000008,38,0,2.1687,0.4997,120.0,1.0,follower,RL-PPO
1.6400000000000008,39,0,1.4569,0.0788,120.0,1.0,follower,DL-Transformer (coord)
1.6400000000000008,40,0,1.6251,0.0814,120.0,1.0,follower,Classical-MPC
1.6400000000000008,41,0,1.7917,0.0788,120.0,1.0,follower,DL-Transformer (coord)
1.6400000000000008,42,0,2.0029,0.0791,120.0,1.0,follower,RL-PPO
1.6400000000000008,43,0,2.1691000000000003,0.0804,120.0,1.0,follower,RL-PPO
1.6400000000000008,44,0,1.3309,0.1757,120.0,1.0,follower,RL-SAC
1.6400000000000008,45,0,1.3311,0.3076,120.0,1.0,follower,Classical-MPC
1.6400000000000008,46,0,1.3296999999999999,0.4342,120.0,1.0,follower,RL-PPO
1.6400000000000008,47,0,1.3292,0.5295,120.0,1.0,follower,RL-PPO
1.6400000000000008,48,0,1.3308,0.6503,120.0,1.0,safety-sentry,DL-CNN (vision)
1.6400000000000008,49,0,1.3311,0.769,120.0,1.0,follower,RL-PPO
1.6400000000000008,50,0,1.3285,0.9199,120.0,1.0,follower,RL-PPO
1.6400000000000008,51,2,2.5813,0.9187,120.0,1.0,follower,RL-PPO
1.6400000000000008,52,2,2.7315,0.9204,120.0,1.0,follower,DL-Transformer (coord)
1.6400000000000008,53,2,2.8866,0.921,120.0,1.0,follower,IL-BC (behavior cloning)
1.6400000000000008,54,2,3.0369,0.92,120.0,1.0,follower,DL-CNN (vision)
1.6400000000000008,55,2,3.1921,0.9208,120.0,1.0,follower,RL-PPO
1.6400000000000008,56,2,3.3447,0.9201,120.0,1.0,leader,DL-CNN (vision)
1.6400000000000008,57,2,3.4213,0.5266,120.0,1.0,follower,DL-Transformer (coord)
1.6400000000000008,58,2,3.42,0.6404,120.0,1.0,follower,Classical-MPC
1.6400000000000008,59,2,3.4208,0.7786,120.0,1.0,follower,Classical-MPC
1.6400000000000008,60,2,3.4189,0.8922,120.0,1.0,follower,RL-SAC
1.6400000000000008,61,2,2.6551,0.4989,120.0,1.0,safety-sentry,RL-PPO
1.6400000000000008,62,2,2.8079,0.4986,120.0,1.0,follower,Classical-MPC
1.6400000000000008,63,2,2.9626,0.4986,120.0,1.0,leader,Classical-MPC
1.6400000000000008,64,2,3.1135,0.5002,120.0,1.0,follower,DL-CNN (vision)
1.6400000000000008,65,2,3.2664,0.5005,120.0,1.0,follower,IL-BC (behavior cloning)
1.6400000000000008,66,2,3.4187,0.4996,120.0,1.0,follower,Classical-MPC
1.6400000000000008,67,2,2.5788,0.2004,120.0,1.0,safety-sentry,DL-Transformer (coord)
1.6400000000000008,68,2,2.5811,0.321,120.0,1.0,safety-sentry,Classical-MPC
1.6400000000000008,69,2,2.5787,0.44,120.0,1.0,edge-relay,RL-PPO
1.6400000000000008,70,2,2.6195,0.0786,120.0,1.0,follower,RL-SAC
1.6400000000000008,71,2,2.7709,0.0804,120.0,1.0,edge-relay,RL-SAC
1.6400000000000008,72,2,2.923,0.0813,120.0,1.0,follower,RL-PPO
1.6400000000000008,73,2,3.0778,0.0807,120.0,1.0,follower,Classical-MPC
1.6400000000000008,74,2,3.2304,0.0802,120.0,1.0,follower,RL-PPO
1.6400000000000008,75,2,3.4187,0.0796,120.0,1.0,follower,DL-Transformer (coord)
1.6400000000000008,76,5,3.8315,0.9211,120.0,1.0,follower,RL-PPO
1.6400000000000008,77,5,3.9841,0.9189,120.0,1.0,follower,DL-CNN (vision)
1.6400000000000008,78,5,4.1362,0.9189,120.0,1.0,follower,DL-CNN (vision)
1.6400000000000008,79,5,4.2891,0.9195,120.0,1.0,follower,RL-SAC
1.6400000000000008,80,5,4.4395,0.9193,120.0,1.0,follower,DL-Transformer (coord)
1.6400000000000008,81,5,4.5938,0.9207,120.0,1.0,follower,DL-Transformer (coord)
1.6400000000000008,82,5,3.8292,0.5294,120.0,1.0,follower,DL-CNN (vision)
1.6400000000000008,83,5,3.8301,0.6396,120.0,1.0,follower,IL-BC (behavior cloning)
1.6400000000000008,84,5,3.8307,0.7799,120.0,1.0,follower,RL-PPO
1.6400000000000008,85,5,3.8297,0.8923,120.0,1.0,edge-relay,RL-SAC
1.6400000000000008,86,5,3.9061,0.5013,120.0,1.0,follower,DL-CNN (vision)
1.6400000000000008,87,5,4.0602,0.4987,120.0,1.0,follower,DL-CNN (vision)
1.6400000000000008,88,5,4.2125,0.4999,120.0,1.0,follower,RL-SAC
1.6400000000000008,89,5,4.3643,0.5003,120.0,1.0,edge-relay,Classical-MPC
1.6400000000000008,90,5,4.5163,0.5008,120.0,1.0,follower,Classical-MPC
1.6400000000000008,91,5,4.6686,0.4999,120.0,1.0,edge-relay,RL-PPO
1.6400000000000008,92,5,4.6714,0.1989,120.0,1.0,safety-sentry,DL-CNN (vision)
1.6400000000000008,93,5,4.6708,0.3189,120.0,1.0,leader,RL-SAC
1.6400000000000008,94,5,4.6709,0.4395,120.0,1.0,edge-relay,DL-CNN (vision)
1.6400000000000008,95,5,3.8673,0.0814,120.0,1.0,follower,RL-SAC
1.6400000000000008,96,5,4.021,0.0796,120.0,1.0,follower,DL-Transformer (coord)
1.6400000000000008,97,5,4.1739,0.0797,120.0,1.0,edge-relay,Classical-MPC
1.6400000000000008,98,5,4.327,0.0805,120.0,1.0,follower,DL-CNN (vision)
1.6400000000000008,99,5,4.4793,0.079,120.0,1.0,follower,DL-Transformer (coord)
1.6400000000000008,100,5,4.6686,0.0799,120.0,1.0,follower,DL-Transformer (coord)
1.6800000000000008,1,2,0.0813,0.9187,120.0,1.0,leader,RL-PPO
1.6800000000000008,2,2,0.2315,0.9204,120.0,1.0,follower,DL-CNN (vision)
1.6800000000000008,3,2,0.3866,0.921,120.0,1.0,follower,Classical-MPC
1.6800000000000008,4,2,0.5369,0.92,120.0,1.0,follower,DL-CNN (vision)
1.6800000000000008,5,2,0.6921,0.9208,120.0,1.0,safety-sentry,DL-Transformer (coord)
1.6800000000000008,6,2,0.8447,0.9201,120.0,1.0,follower,IL-BC (behavior cloning)
1.6800000000000008,7,2,0.9213,0.5266,120.0,1.0,follower,Classical-MPC
1.6800000000000008,8,2,0.92,0.6404,120.0,1.0,leader,IL-BC (behavior cloning)
1.6800000000000008,9,2,0.9208,0.7786,120.0,1.0,follower,RL-PPO
1.6800000000000008,10,2,0.9189,0.8922,120.0,1.0,follower,DL-CNN (vision)
1.6800000000000008,11,2,0.1551,0.4989,120.0,1.0,follower,DL-CNN (vision)
1.6800000000000008,12,2,0.3079,0.4986,120.0,1.0,edge-relay,RL-PPO
1.6800000000000008,13,2,0.4626,0.4986,120.0,1.0,follower,DL-Transformer (coord)
1.6800000000000008,14,2,0.6135,0.5002,120.0,1.0,leader,DL-Transformer (coord)
1.6800000000000008,15,2,0.7664,0.5005,120.0,1.0,follower,Classical-MPC
1.6800000000000008,16,2,0.9187,0.4996,120.0,1.0,safety-sentry,Classical-MPC
1.6800000000000008,17,2,0.0788,0.2004,120.0,1.0,follower,RL-PPO
1.6800000000000008,18,2,0.0811,0.321,120.0,1.0,follower,RL-SAC
1.6800000000000008,19,2,0.0787,0.44,120.0,1.0,safety-sentry,DL-Transformer (coord)
1.6800000000000008,20,2,0.1195,0.0786,120.0,1.0,leader,RL-PPO
1.6800000000000008,21,2,0.2709,0.0804,120.0,1.0,follower,RL-SAC
1.6800000000000008,22,2,0.423,0.0813,120.0,1.0,safety-sentry,DL-Transformer (coord)
1.6800000000000008,23,2,0.5778,0.0807,120.0,1.0,follower,RL-PPO
1.6800000000000008,24,2,0.7304,0.0802,120.0,1.0,follower,IL-BC (behavior cloning)
1.6800000000000008,25,2,0.9187,0.0796,120.0,1.0,safety-sentry,Classical-MPC
1.6800000000000008,26,0,1.3309,0.9202,120.0,1.0,follower,RL-PPO
1.6800000000000008,27,0,1.4976,0.9209,120.0,1.0,follower,DL-Transformer (coord)
1.6800000000000008,28,0,1.6666,0.919,120.0,1.0,follower,IL-BC (behavior cloning)
1.6800000000000008,29,0,1.8331,0.9208,120.0,1.0,follower,Classical-MPC
1.6800000000000008,30,0,2.0029,0.9191,120.0,1.0,follower,RL-SAC
1.6800000000000008,31,0,2.1691000000000003,0.9204,120.0,1.0,follower,RL-PPO
1.6800000000000008,32,0,2.1709,0.5888,120.0,1.0,follower,Classical-MPC
1.6800000000000008,33,0,2.1711,0.7114,120.0,1.0,follower,Classical-MPC
1.6800000000000008,34,0,2.1691000000000003,0.8608,120.0,1.0,follower,RL-SAC
1.6800000000000008,35,0,2.1692,0.1118,120.0,1.0,follower,DL-CNN (vision)
1.6800000000000008,36,0,2.1708,0.2419,120.0,1.0,edge-relay,IL-BC (behavior cloning)
1.6800000000000008,37,0,2.1711,0.3698,120.0,1.0,follower,Classical-MPC
1.6800000000000008,38,0,2.1687,0.4997,120.0,1.0,follower,RL-PPO
1.6800000000000008,39,0,1.4569,0.0788,120.0,1.0,follower,DL-Transformer (coord)
1.6800000000000008,40,0,1.6251,0.0814,120.0,1.0,follower,Classical-MPC
1.6800000000000008,41,0,1.7917,0.0788,120.0,1.0,follower,DL-Transformer (coord)
1.6800000000000008,42,0,2.0029,0.0791,120.0,1.0,follower,RL-PPO
1.6800000000000008,43,0,2.1691000000000003,0.0804,120.0,1.0,follower,RL-PPO
1.6800000000000008,44,0,1.3309,0.1757,120.0,1.0,follower,RL-SAC
1.6800000000000008,45,0,1.3311,0.3076,120.0,1.0,follower,Classical-MPC
1.6800000000000008,46,0,1.3296999999999999,0.4342,120.0,1.0,follower,RL-PPO
1.6800000000000008,47,0,1.3292,0.5295,120.0,1.0,follower,RL-PPO
1.6800000000000008,48,0,1.3308,0.6503,120.0,1.0,safety-sentry,DL-CNN (vision)
1.6800000000000008,49,0,1.3311,0.769,120.0,1.0,follower,RL-PPO
1.6800000000000008,50,0,1.3285,0.9199,120.0,1.0,follower,RL-PPO
1.6800000000000008,51,2,2.5813,0.9187,120.0,1.0,follower,RL-PPO
1.6800000000000008,52,2,2.7315,0.9204,120.0,1.0,follower,DL-Transformer (coord)
1.6800000000000008,53,2,2.8866,0.921,120.0,1.0,follower,IL-BC (behavior cloning)
1.6800000000000008,54,2,3.0369,0.92,120.0,1.0,follower,DL-CNN (vision)
1.6800000000000008,55,2,3.1921,0.9208,120.0,1.0,follower,RL-PPO
1.6800000000000008,56,2,3.3447,0.9201,120.0,1.0,leader,DL-CNN (vision)
1.6800000000000008,57,2,3.4213,0.5266,120.0,1.0,follower,DL-Transformer (coord)
1.6800000000000008,58,2,3.42,0.6404,120.0,1.0,follower,Classical-MPC
1.6800000000000008,59,2,3.4208,0.7786,120.0,1.0,follower,Classical-MPC
1.6800000000000008,60,2,3.4189,0.8922,120.0,1.0,follower,RL-SAC
1.6800000000000008,61,2,2.6551,0.4989,120.0,1.0,safety-sentry,RL-PPO
1.6800000000000008,62,2,2.8079,0.4986,120.0,1.0,follower,Classical-MPC
1.6800000000000008,63,2,2.9626,0.4986,120.0,1.0,leader,Classical-MPC
1.6800000000000008,64,2,3.1135,0.5002,120.0,1.0,follower,DL-CNN (vision)
1.6800000000000008,65,2,3.2664,0.5005,120.0,1.0,follower,IL-BC (behavior cloning)
1.6800000000000008,66,2,3.4187,0.4996,120.0,1.0,follower,Classical-MPC
1.6800000000000008,67,2,2.5788,0.2004,120.0,1.0,safety-sentry,DL-Transformer (coord)
1.6800000000000008,68,2,2.5811,0.321,120.0,1.0,safety-sentry,Classical-MPC
1.6800000000000008,69,2,2.5787,0.44,120.0,1.0,edge-relay,RL-PPO
1.6800000000000008,70,2,2.6195,0.0786,120.0,1.0,follower,RL-SAC
1.6800000000000008,71,2,2.7709,0.0804,120.0,1.0,edge-relay,RL-SAC
1.6800000000000008,72,2,2.923,0.0813,120.0,1.0,follower,RL-PPO
1.6800000000000008,73,2,3.0778,0.0807,120.0,1.0,follower,Classical-MPC
1.6800000000000008,74,2,3.2304,0.0802,120.0,1.0,follower,RL-PPO
1.6800000000000008,75,2,3.4187,0.0796,120.0,1.0,follower,DL-Transformer (coord)
1.6800000000000008,76,5,3.8315,0.9211,120.0,1.0,follower,RL-PPO
1.6800000000000008,77,5,3.9841,0.9189,120.0,1.0,follower,DL-CNN (vision)
1.6800000000000008,78,5,4.1362,0.9189,120.0,1.0,follower,DL-CNN (vision)
1.6800000000000008,79,5,4.2891,0.9195,120.0,1.0,follower,RL-SAC
1.6800000000000008,80,5,4.4395,0.9193,120.0,1.0,follower,DL-Transformer (coord)
1.6800000000000008,81,5,4.5938,0.9207,120.0,1.0,follower,DL-Transformer (coord)
1.6800000000000008,82,5,3.8292,0.5294,120.0,1.0,follower,DL-CNN (vision)
1.6800000000000008,83,5,3.8301,0.6396,120.0,1.0,follower,IL-BC (behavior cloning)
1.6800000000000008,84,5,3.8307,0.7799,120.0,1.0,follower,RL-PPO
1.6800000000000008,85,5,3.8297,0.8923,120.0,1.0,edge-relay,RL-SAC
1.6800000000000008,86,5,3.9061,0.5013,120.0,1.0,follower,DL-CNN (vision)
1.6800000000000008,87,5,4.0602,0.4987,120.0,1.0,follower,DL-CNN (vision)
1.6800000000000008,88,5,4.2125,0.4999,120.0,1.0,follower,RL-SAC
1.6800000000000008,89,5,4.3643,0.5003,120.0,1.0,edge-relay,Classical-MPC
1.6800000000000008,90,5,4.5163,0.5008,120.0,1.0,follower,Classical-MPC
1.6800000000000008,91,5,4.6686,0.4999,120.0,1.0,edge-relay,RL-PPO
1.6800000000000008,92,5,4.6714,0.1989,120.0,1.0,safety-sentry,DL-CNN (vision)
1.6800000000000008,93,5,4.6708,0.3189,120.0,1.0,leader,RL-SAC
1.6800000000000008,94,5,4.6709,0.4395,120.0,1.0,edge-relay,DL-CNN (vision)
1.6800000000000008,95,5,3.8673,0.0814,120.0,1.0,follower,RL-SAC
1.6800000000000008,96,5,4.021,0.0796,120.0,1.0,follower,DL-Transformer (coord)
1.6800000000000008,97,5,4.1739,0.0797,120.0,1.0,edge-relay,Classical-MPC
1.6800000000000008,98,5,4.327,0.0805,120.0,1.0,follower,DL-CNN (vision)
1.6800000000000008,99,5,4.4793,0.079,120.0,1.0,follower,DL-Transformer (coord)
1.6800000000000008,100,5,4.6686,0.0799,120.0,1.0,follower,DL-Transformer (coord)
1.7200000000000009,1,2,0.0813,0.9187,120.0,1.0,leader,RL-PPO
1.7200000000000009,2,2,0.2315,0.9204,120.0,1.0,follower,DL-CNN (vision)
1.7200000000000009,3,2,0.3866,0.921,120.0,1.0,follower,Classical-MPC
1.7200000000000009,4,2,0.5369,0.92,120.0,1.0,follower,DL-CNN (vision)
1.7200000000000009,5,2,0.6921,0.9208,120.0,1.0,safety-sentry,DL-Transformer (coord)
1.7200000000000009,6,2,0.8447,0.9201,120.0,1.0,follower,IL-BC (behavior cloning)
1.7200000000000009,7,2,0.9213,0.5266,120.0,1.0,follower,Classical-MPC
1.7200000000000009,8,2,0.92,0.6404,120.0,1.0,leader,IL-BC (behavior cloning)
1.7200000000000009,9,2,0.9208,0.7786,120.0,1.0,follower,RL-PPO
1.7200000000000009,10,2,0.9189,0.8922,120.0,1.0,follower,DL-CNN (vision)
1.7200000000000009,11,2,0.1551,0.4989,120.0,1.0,follower,DL-CNN (vision)
1.7200000000000009,12,2,0.3079,0.4986,120.0,1.0,edge-relay,RL-PPO
1.7200000000000009,13,2,0.4626,0.4986,120.0,1.0,follower,DL-Transformer (coord)
1.7200000000000009,14,2,0.6135,0.5002,120.0,1.0,leader,DL-Transformer (coord)
1.7200000000000009,15,2,0.7664,0.5005,120.0,1.0,follower,Classical-MPC
1.7200000000000009,16,2,0.9187,0.4996,120.0,1.0,safety-sentry,Classical-MPC
1.7200000000000009,17,2,0.0788,0.2004,120.0,1.0,follower,RL-PPO
1.7200000000000009,18,2,0.0811,0.321,120.0,1.0,follower,RL-SAC
1.7200000000000009,19,2,0.0787,0.44,120.0,1.0,safety-sentry,DL-Transformer (coord)
1.7200000000000009,20,2,0.1195,0.0786,120.0,1.0,leader,RL-PPO
1.7200000000000009,21,2,0.2709,0.0804,120.0,1.0,follower,RL-SAC
1.7200000000000009,22,2,0.423,0.0813,120.0,1.0,safety-sentry,DL-Transformer (coord)
1.7200000000000009,23,2,0.5778,0.0807,120.0,1.0,follower,RL-PPO
1.7200000000000009,24,2,0.7304,0.0802,120.0,1.0,follower,IL-BC (behavior cloning)
1.7200000000000009,25,2,0.9187,0.0796,120.0,1.0,safety-sentry,Classical-MPC
1.7200000000000009,26,0,1.3309,0.9202,120.0,1.0,follower,RL-PPO
1.7200000000000009,27,0,1.4976,0.9209,120.0,1.0,follower,DL-Transformer (coord)
1.7200000000000009,28,0,1.6666,0.919,120.0,1.0,follower,IL-BC (behavior cloning)
1.7200000000000009,29,0,1.8331,0.9208,120.0,1.0,follower,Classical-MPC
1.7200000000000009,30,0,2.0029,0.9191,120.0,1.0,follower,RL-SAC
1.7200000000000009,31,0,2.1691000000000003,0.9204,120.0,1.0,follower,RL-PPO
1.7200000000000009,32,0,2.1709,0.5888,120.0,1.0,follower,Classical-MPC
1.7200000000000009,33,0,2.1711,0.7114,120.0,1.0,follower,Classical-MPC
1.7200000000000009,34,0,2.1691000000000003,0.8608,120.0,1.0,follower,RL-SAC
1.7200000000000009,35,0,2.1692,0.1118,120.0,1.0,follower,DL-CNN (vision)
1.7200000000000009,36,0,2.1708,0.2419,120.0,1.0,edge-relay,IL-BC (behavior cloning)
1.7200000000000009,37,0,2.1711,0.3698,120.0,1.0,follower,Classical-MPC
1.7200000000000009,38,0,2.1687,0.4997,120.0,1.0,follower,RL-PPO
1.7200000000000009,39,0,1.4569,0.0788,120.0,1.0,follower,DL-Transformer (coord)
1.7200000000000009,40,0,1.6251,0.0814,120.0,1.0,follower,Classical-MPC
1.7200000000000009,41,0,1.7917,0.0788,120.0,1.0,follower,DL-Transformer (coord)
1.7200000000000009,42,0,2.0029,0.0791,120.0,1.0,follower,RL-PPO
1.7200000000000009,43,0,2.1691000000000003,0.0804,120.0,1.0,follower,RL-PPO
1.7200000000000009,44,0,1.3309,0.1757,120.0,1.0,follower,RL-SAC
1.7200000000000009,45,0,1.3311,0.3076,120.0,1.0,follower,Classical-MPC
1.7200000000000009,46,0,1.3296999999999999,0.4342,120.0,1.0,follower,RL-PPO
1.7200000000000009,47,0,1.3292,0.5295,120.0,1.0,follower,RL-PPO
1.7200000000000009,48,0,1.3308,0.6503,120.0,1.0,safety-sentry,DL-CNN (vision)
1.7200000000000009,49,0,1.3311,0.769,120.0,1.0,follower,RL-PPO
1.7200000000000009,50,0,1.3285,0.9199,120.0,1.0,follower,RL-PPO
1.7200000000000009,51,2,2.5813,0.9187,120.0,1.0,follower,RL-PPO
1.7200000000000009,52,2,2.7315,0.9204,120.0,1.0,follower,DL-Transformer (coord)
1.7200000000000009,53,2,2.8866,0.921,120.0,1.0,follower,IL-BC (behavior cloning)
1.7200000000000009,54,2,3.0369,0.92,120.0,1.0,follower,DL-CNN (vision)
1.7200000000000009,55,2,3.1921,0.9208,120.0,1.0,follower,RL-PPO
1.7200000000000009,56,2,3.3447,0.9201,120.0,1.0,leader,DL-CNN (vision)
1.7200000000000009,57,2,3.4213,0.5266,120.0,1.0,follower,DL-Transformer (coord)
1.7200000000000009,58,2,3.42,0.6404,120.0,1.0,follower,Classical-MPC
1.7200000000000009,59,2,3.4208,0.7786,120.0,1.0,follower,Classical-MPC
1.7200000000000009,60,2,3.4189,0.8922,120.0,1.0,follower,RL-SAC
1.7200000000000009,61,2,2.6551,0.4989,120.0,1.0,safety-sentry,RL-PPO
1.7200000000000009,62,2,2.8079,0.4986,120.0,1.0,follower,Classical-MPC
1.7200000000000009,63,2,2.9626,0.4986,120.0,1.0,leader,Classical-MPC
1.7200000000000009,64,2,3.1135,0.5002,120.0,1.0,follower,DL-CNN (vision)
1.7200000000000009,65,2,3.2664,0.5005,120.0,1.0,follower,IL-BC (behavior cloning)
1.7200000000000009,66,2,3.4187,0.4996,120.0,1.0,follower,Classical-MPC
1.7200000000000009,67,2,2.5788,0.2004,120.0,1.0,safety-sentry,DL-Transformer (coord)
1.7200000000000009,68,2,2.5811,0.321,120.0,1.0,safety-sentry,Classical-MPC
1.7200000000000009,69,2,2.5787,0.44,120.0,1.0,edge-relay,RL-PPO
1.7200000000000009,70,2,2.6195,0.0786,120.0,1.0,follower,RL-SAC
1.7200000000000009,71,2,2.7709,0.0804,120.0,1.0,edge-relay,RL-SAC
1.7200000000000009,72,2,2.923,0.0813,120.0,1.0,follower,RL-PPO
1.7200000000000009,73,2,3.0778,0.0807,120.0,1.0,follower,Classical-MPC
1.7200000000000009,74,2,3.2304,0.0802,120.0,1.0,follower,RL-PPO
1.7200000000000009,75,2,3.4187,0.0796,120.0,1.0,follower,DL-Transformer (coord)
1.7200000000000009,76,5,3.8315,0.9211,120.0,1.0,follower,RL-PPO
1.7200000000000009,77,5,3.9841,0.9189,120.0,1.0,follower,DL-CNN (vision)
1.7200000000000009,78,5,4.1362,0.9189,120.0,1.0,follower,DL-CNN (vision)
1.7200000000000009,79,5,4.2891,0.9195,120.0,1.0,follower,RL-SAC
1.7200000000000009,80,5,4.4395,0.9193,120.0,1.0,follower,DL-Transformer (coord)
1.7200000000000009,81,5,4.5938,0.9207,120.0,1.0,follower,DL-Transformer (coord)
1.7200000000000009,82,5,3.8292,0.5294,120.0,1.0,follower,DL-CNN (vision)
1.7200000000000009,83,5,3.8301,0.6396,120.0,1.0,follower,IL-BC (behavior cloning)
1.7200000000000009,84,5,3.8307,0.7799,120.0,1.0,follower,RL-PPO
1.7200000000000009,85,5,3.8297,0.8923,120.0,1.0,edge-relay,RL-SAC
1.7200000000000009,86,5,3.9061,0.5013,120.0,1.0,follower,DL-CNN (vision)
1.7200000000000009,87,5,4.0602,0.4987,120.0,1.0,follower,DL-CNN (vision)
1.7200000000000009,88,5,4.2125,0.4999,120.0,1.0,follower,RL-SAC
1.7200000000000009,89,5,4.3643,0.5003,120.0,1.0,edge-relay,Classical-MPC
1.7200000000000009,90,5,4.5163,0.5008,120.0,1.0,follower,Classical-MPC
1.7200000000000009,91,5,4.6686,0.4999,120.0,1.0,edge-relay,RL-PPO
1.7200000000000009,92,5,4.6714,0.1989,120.0,1.0,safety-sentry,DL-CNN (vision)
1.7200000000000009,93,5,4.6708,0.3189,120.0,1.0,leader,RL-SAC
1.7200000000000009,94,5,4.6709,0.4395,120.0,1.0,edge-relay,DL-CNN (vision)
1.7200000000000009,95,5,3.8673,0.0814,120.0,1.0,follower,RL-SAC
1.7200000000000009,96,5,4.021,0.0796,120.0,1.0,follower,DL-Transformer (coord)
1.7200000000000009,97,5,4.1739,0.0797,120.0,1.0,edge-relay,Classical-MPC
1.7200000000000009,98,5,4.327,0.0805,120.0,1.0,follower,DL-CNN (vision)
1.7200000000000009,99,5,4.4793,0.079,120.0,1.0,follower,DL-Transformer (coord)
1.7200000000000009,100,5,4.6686,0.0799,120.0,1.0,follower,DL-Transformer (coord)
1.760000000000001,1,2,0.0813,0.9187,120.0,1.0,leader,RL-PPO
1.760000000000001,2,2,0.2315,0.9204,120.0,1.0,follower,DL-CNN (vision)
1.760000000000001,3,2,0.3866,0.921,120.0,1.0,follower,Classical-MPC
1.760000000000001,4,2,0.5369,0.92,120.0,1.0,follower,DL-CNN (vision)
1.760000000000001,5,2,0.6921,0.9208,120.0,1.0,safety-sentry,DL-Transformer (coord)
1.760000000000001,6,2,0.8447,0.9201,120.0,1.0,follower,IL-BC (behavior cloning)
1.760000000000001,7,2,0.9213,0.5266,120.0,1.0,follower,Classical-MPC
1.760000000000001,8,2,0.92,0.6404,120.0,1.0,leader,IL-BC (behavior cloning)
1.760000000000001,9,2,0.9208,0.7786,120.0,1.0,follower,RL-PPO
1.760000000000001,10,2,0.9189,0.8922,120.0,1.0,follower,DL-CNN (vision)
1.760000000000001,11,2,0.1551,0.4989,120.0,1.0,follower,DL-CNN (vision)
1.760000000000001,12,2,0.3079,0.4986,120.0,1.0,edge-relay,RL-PPO
1.760000000000001,13,2,0.4626,0.4986,120.0,1.0,follower,DL-Transformer (coord)
1.760000000000001,14,2,0.6135,0.5002,120.0,1.0,leader,DL-Transformer (coord)
1.760000000000001,15,2,0.7664,0.5005,120.0,1.0,follower,Classical-MPC
1.760000000000001,16,2,0.9187,0.4996,120.0,1.0,safety-sentry,Classical-MPC
1.760000000000001,17,2,0.0788,0.2004,120.0,1.0,follower,RL-PPO
1.760000000000001,18,2,0.0811,0.321,120.0,1.0,follower,RL-SAC
1.760000000000001,19,2,0.0787,0.44,120.0,1.0,safety-sentry,DL-Transformer (coord)
1.760000000000001,20,2,0.1195,0.0786,120.0,1.0,leader,RL-PPO
1.760000000000001,21,2,0.2709,0.0804,120.0,1.0,follower,RL-SAC
1.760000000000001,22,2,0.423,0.0813,120.0,1.0,safety-sentry,DL-Transformer (coord)
1.760000000000001,23,2,0.5778,0.0807,120.0,1.0,follower,RL-PPO
1.760000000000001,24,2,0.7304,0.0802,120.0,1.0,follower,IL-BC (behavior cloning)
1.760000000000001,25,2,0.9187,0.0796,120.0,1.0,safety-sentry,Classical-MPC
1.760000000000001,26,0,1.3309,0.9202,120.0,1.0,follower,RL-PPO
1.760000000000001,27,0,1.4976,0.9209,120.0,1.0,follower,DL-Transformer (coord)
1.760000000000001,28,0,1.6666,0.919,120.0,1.0,follower,IL-BC (behavior cloning)
1.760000000000001,29,0,1.8331,0.9208,120.0,1.0,follower,Classical-MPC
1.760000000000001,30,0,2.0029,0.9191,120.0,1.0,follower,RL-SAC
1.760000000000001,31,0,2.1691000000000003,0.9204,120.0,1.0,follower,RL-PPO
1.760000000000001,32,0,2.1709,0.5888,120.0,1.0,follower,Classical-MPC
1.760000000000001,33,0,2.1711,0.7114,120.0,1.0,follower,Classical-MPC
1.760000000000001,34,0,2.1691000000000003,0.8608,120.0,1.0,follower,RL-SAC
1.760000000000001,35,0,2.1692,0.1118,120.0,1.0,follower,DL-CNN (vision)
1.760000000000001,36,0,2.1708,0.2419,120.0,1.0,edge-relay,IL-BC (behavior cloning)
1.760000000000001,37,0,2.1711,0.3698,120.0,1.0,follower,Classical-MPC
1.760000000000001,38,0,2.1687,0.4997,120.0,1.0,follower,RL-PPO
1.760000000000001,39,0,1.4569,0.0788,120.0,1.0,follower,DL-Transformer (coord)
1.760000000000001,40,0,1.6251,0.0814,120.0,1.0,follower,Classical-MPC
1.760000000000001,41,0,1.7917,0.0788,120.0,1.0,follower,DL-Transformer (coord)
1.760000000000001,42,0,2.0029,0.0791,120.0,1.0,follower,RL-PPO
1.760000000000001,43,0,2.1691000000000003,0.0804,120.0,1.0,follower,RL-PPO
1.760000000000001,44,0,1.3309,0.1757,120.0,1.0,follower,RL-SAC
1.760000000000001,45,0,1.3311,0.3076,120.0,1.0,follower,Classical-MPC
1.760000000000001,46,0,1.3296999999999999,0.4342,120.0,1.0,follower,RL-PPO
1.760000000000001,47,0,1.3292,0.5295,120.0,1.0,follower,RL-PPO
1.760000000000001,48,0,1.3308,0.6503,120.0,1.0,safety-sentry,DL-CNN (vision)
1.760000000000001,49,0,1.3311,0.769,120.0,1.0,follower,RL-PPO
1.760000000000001,50,0,1.3285,0.9199,120.0,1.0,follower,RL-PPO
1.760000000000001,51,2,2.5813,0.9187,120.0,1.0,follower,RL-PPO
1.760000000000001,52,2,2.7315,0.9204,120.0,1.0,follower,DL-Transformer (coord)
1.760000000000001,53,2,2.8866,0.921,120.0,1.0,follower,IL-BC (behavior cloning)
1.760000000000001,54,2,3.0369,0.92,120.0,1.0,follower,DL-CNN (vision)
1.760000000000001,55,2,3.1921,0.9208,120.0,1.0,follower,RL-PPO
1.760000000000001,56,2,3.3447,0.9201,120.0,1.0,leader,DL-CNN (vision)
1.760000000000001,57,2,3.4213,0.5266,120.0,1.0,follower,DL-Transformer (coord)
1.760000000000001,58,2,3.42,0.6404,120.0,1.0,follower,Classical-MPC
1.760000000000001,59,2,3.4208,0.7786,120.0,1.0,follower,Classical-MPC
1.760000000000001,60,2,3.4189,0.8922,120.0,1.0,follower,RL-SAC
1.760000000000001,61,2,2.6551,0.4989,120.0,1.0,safety-sentry,RL-PPO
1.760000000000001,62,2,2.8079,0.4986,120.0,1.0,follower,Classical-MPC
1.760000000000001,63,2,2.9626,0.4986,120.0,1.0,leader,Classical-MPC
1.760000000000001,64,2,3.1135,0.5002,120.0,1.0,follower,DL-CNN (vision)
1.760000000000001,65,2,3.2664,0.5005,120.0,1.0,follower,IL-BC (behavior cloning)
1.760000000000001,66,2,3.4187,0.4996,120.0,1.0,follower,Classical-MPC
1.760000000000001,67,2,2.5788,0.2004,120.0,1.0,safety-sentry,DL-Transformer (coord)
1.760000000000001,68,2,2.5811,0.321,120.0,1.0,safety-sentry,Classical-MPC
1.760000000000001,69,2,2.5787,0.44,120.0,1.0,edge-relay,RL-PPO
1.760000000000001,70,2,2.6195,0.0786,120.0,1.0,follower,RL-SAC
1.760000000000001,71,2,2.7709,0.0804,120.0,1.0,edge-relay,RL-SAC
1.760000000000001,72,2,2.923,0.0813,120.0,1.0,follower,RL-PPO
1.760000000000001,73,2,3.0778,0.0807,120.0,1.0,follower,Classical-MPC
1.760000000000001,74,2,3.2304,0.0802,120.0,1.0,follower,RL-PPO
1.760000000000001,75,2,3.4187,0.0796,120.0,1.0,follower,DL-Transformer (coord)
1.760000000000001,76,5,3.8315,0.9211,120.0,1.0,follower,RL-PPO
1.760000000000001,77,5,3.9841,0.9189,120.0,1.0,follower,DL-CNN (vision)
1.760000000000001,78,5,4.1362,0.9189,120.0,1.0,follower,DL-CNN (vision)
1.760000000000001,79,5,4.2891,0.9195,120.0,1.0,follower,RL-SAC
1.760000000000001,80,5,4.4395,0.9193,120.0,1.0,follower,DL-Transformer (coord)
1.760000000000001,81,5,4.5938,0.9207,120.0,1.0,follower,DL-Transformer (coord)
1.760000000000001,82,5,3.8292,0.5294,120.0,1.0,follower,DL-CNN (vision)
1.760000000000001,83,5,3.8301,0.6396,120.0,1.0,follower,IL-BC (behavior cloning)
1.760000000000001,84,5,3.8307,0.7799,120.0,1.0,follower,RL-PPO
1.760000000000001,85,5,3.8297,0.8923,120.0,1.0,edge-relay,RL-SAC
1.760000000000001,86,5,3.9061,0.5013,120.0,1.0,follower,DL-CNN (vision)
1.760000000000001,87,5,4.0602,0.4987,120.0,1.0,follower,DL-CNN (vision)
1.760000000000001,88,5,4.2125,0.4999,120.0,1.0,follower,RL-SAC
1.760000000000001,89,5,4.3643,0.5003,120.0,1.0,edge-relay,Classical-MPC
1.760000000000001,90,5,4.5163,0.5008,120.0,1.0,follower,Classical-MPC
1.760000000000001,91,5,4.6686,0.4999,120.0,1.0,edge-relay,RL-PPO
1.760000000000001,92,5,4.6714,0.1989,120.0,1.0,safety-sentry,DL-CNN (vision)
1.760000000000001,93,5,4.6708,0.3189,120.0,1.0,leader,RL-SAC
1.760000000000001,94,5,4.6709,0.4395,120.0,1.0,edge-relay,DL-CNN (vision)
1.760000000000001,95,5,3.8673,0.0814,120.0,1.0,follower,RL-SAC
1.760000000000001,96,5,4.021,0.0796,120.0,1.0,follower,DL-Transformer (coord)
1.760000000000001,97,5,4.1739,0.0797,120.0,1.0,edge-relay,Classical-MPC
1.760000000000001,98,5,4.327,0.0805,120.0,1.0,follower,DL-CNN (vision)
1.760000000000001,99,5,4.4793,0.079,120.0,1.0,follower,DL-Transformer (coord)
1.760000000000001,100,5,4.6686,0.0799,120.0,1.0,follower,DL-Transformer (coord)
1.800000000000001,1,2,0.0813,0.9187,120.0,1.0,leader,RL-PPO
1.800000000000001,2,2,0.2315,0.9204,120.0,1.0,follower,DL-CNN (vision)
1.800000000000001,3,2,0.3866,0.921,120.0,1.0,follower,Classical-MPC
1.800000000000001,4,2,0.5369,0.92,120.0,1.0,follower,DL-CNN (vision)
1.800000000000001,5,2,0.6921,0.9208,120.0,1.0,safety-sentry,DL-Transformer (coord)
1.800000000000001,6,2,0.8447,0.9201,120.0,1.0,follower,IL-BC (behavior cloning)
1.800000000000001,7,2,0.9213,0.5266,120.0,1.0,follower,Classical-MPC
1.800000000000001,8,2,0.92,0.6404,120.0,1.0,leader,IL-BC (behavior cloning)
1.800000000000001,9,2,0.9208,0.7786,120.0,1.0,follower,RL-PPO
1.800000000000001,10,2,0.9189,0.8922,120.0,1.0,follower,DL-CNN (vision)
1.800000000000001,11,2,0.1551,0.4989,120.0,1.0,follower,DL-CNN (vision)
1.800000000000001,12,2,0.3079,0.4986,120.0,1.0,edge-relay,RL-PPO
1.800000000000001,13,2,0.4626,0.4986,120.0,1.0,follower,DL-Transformer (coord)
1.800000000000001,14,2,0.6135,0.5002,120.0,1.0,leader,DL-Transformer (coord)
1.800000000000001,15,2,0.7664,0.5005,120.0,1.0,follower,Classical-MPC
1.800000000000001,16,2,0.9187,0.4996,120.0,1.0,safety-sentry,Classical-MPC
1.800000000000001,17,2,0.0788,0.2004,120.0,1.0,follower,RL-PPO
1.800000000000001,18,2,0.0811,0.321,120.0,1.0,follower,RL-SAC
1.800000000000001,19,2,0.0787,0.44,120.0,1.0,safety-sentry,DL-Transformer (coord)
1.800000000000001,20,2,0.1195,0.0786,120.0,1.0,leader,RL-PPO
1.800000000000001,21,2,0.2709,0.0804,120.0,1.0,follower,RL-SAC
1.800000000000001,22,2,0.423,0.0813,120.0,1.0,safety-sentry,DL-Transformer (coord)
1.800000000000001,23,2,0.5778,0.0807,120.0,1.0,follower,RL-PPO
1.800000000000001,24,2,0.7304,0.0802,120.0,1.0,follower,IL-BC (behavior cloning)
1.800000000000001,25,2,0.9187,0.0796,120.0,1.0,safety-sentry,Classical-MPC
1.800000000000001,26,0,1.3309,0.9202,120.0,1.0,follower,RL-PPO
1.800000000000001,27,0,1.4976,0.9209,120.0,1.0,follower,DL-Transformer (coord)
1.800000000000001,28,0,1.6666,0.919,120.0,1.0,follower,IL-BC (behavior cloning)
1.800000000000001,29,0,1.8331,0.9208,120.0,1.0,follower,Classical-MPC
1.800000000000001,30,0,2.0029,0.9191,120.0,1.0,follower,RL-SAC
1.800000000000001,31,0,2.1691000000000003,0.9204,120.0,1.0,follower,RL-PPO
1.800000000000001,32,0,2.1709,0.5888,120.0,1.0,follower,Classical-MPC
1.800000000000001,33,0,2.1711,0.7114,120.0,1.0,follower,Classical-MPC
1.800000000000001,34,0,2.1691000000000003,0.8608,120.0,1.0,follower,RL-SAC
1.800000000000001,35,0,2.1692,0.1118,120.0,1.0,follower,DL-CNN (vision)
1.800000000000001,36,0,2.1708,0.2419,120.0,1.0,edge-relay,IL-BC (behavior cloning)
1.800000000000001,37,0,2.1711,0.3698,120.0,1.0,follower,Classical-MPC
1.800000000000001,38,0,2.1687,0.4997,120.0,1.0,follower,RL-PPO
1.800000000000001,39,0,1.4569,0.0788,120.0,1.0,follower,DL-Transformer (coord)
1.800000000000001,40,0,1.6251,0.0814,120.0,1.0,follower,Classical-MPC
1.800000000000001,41,0,1.7917,0.0788,120.0,1.0,follower,DL-Transformer (coord)
1.800000000000001,42,0,2.0029,0.0791,120.0,1.0,follower,RL-PPO
1.800000000000001,43,0,2.1691000000000003,0.0804,120.0,1.0,follower,RL-PPO
1.800000000000001,44,0,1.3309,0.1757,120.0,1.0,follower,RL-SAC
1.800000000000001,45,0,1.3311,0.3076,120.0,1.0,follower,Classical-MPC
1.800000000000001,46,0,1.3296999999999999,0.4342,120.0,1.0,follower,RL-PPO
1.800000000000001,47,0,1.3292,0.5295,120.0,1.0,follower,RL-PPO
1.800000000000001,48,0,1.3308,0.6503,120.0,1.0,safety-sentry,DL-CNN (vision)
1.800000000000001,49,0,1.3311,0.769,120.0,1.0,follower,RL-PPO
1.800000000000001,50,0,1.3285,0.9199,120.0,1.0,follower,RL-PPO
1.800000000000001,51,2,2.5813,0.9187,120.0,1.0,follower,RL-PPO
1.800000000000001,52,2,2.7315,0.9204,120.0,1.0,follower,DL-Transformer (coord)
1.800000000000001,53,2,2.8866,0.921,120.0,1.0,follower,IL-BC (behavior cloning)
1.800000000000001,54,2,3.0369,0.92,120.0,1.0,follower,DL-CNN (vision)
1.800000000000001,55,2,3.1921,0.9208,120.0,1.0,follower,RL-PPO
1.800000000000001,56,2,3.3447,0.9201,120.0,1.0,leader,DL-CNN (vision)
1.800000000000001,57,2,3.4213,0.5266,120.0,1.0,follower,DL-Transformer (coord)
1.800000000000001,58,2,3.42,0.6404,120.0,1.0,follower,Classical-MPC
1.800000000000001,59,2,3.4208,0.7786,120.0,1.0,follower,Classical-MPC
1.800000000000001,60,2,3.4189,0.8922,120.0,1.0,follower,RL-SAC
1.800000000000001,61,2,2.6551,0.4989,120.0,1.0,safety-sentry,RL-PPO
1.800000000000001,62,2,2.8079,0.4986,120.0,1.0,follower,Classical-MPC
1.800000000000001,63,2,2.9626,0.4986,120.0,1.0,leader,Classical-MPC
1.800000000000001,64,2,3.1135,0.5002,120.0,1.0,follower,DL-CNN (vision)
1.800000000000001,65,2,3.2664,0.5005,120.0,1.0,follower,IL-BC (behavior cloning)
1.800000000000001,66,2,3.4187,0.4996,120.0,1.0,follower,Classical-MPC
1.800000000000001,67,2,2.5788,0.2004,120.0,1.0,safety-sentry,DL-Transformer (coord)
1.800000000000001,68,2,2.5811,0.321,120.0,1.0,safety-sentry,Classical-MPC
1.800000000000001,69,2,2.5787,0.44,120.0,1.0,edge-relay,RL-PPO
1.800000000000001,70,2,2.6195,0.0786,120.0,1.0,follower,RL-SAC
1.800000000000001,71,2,2.7709,0.0804,120.0,1.0,edge-relay,RL-SAC
1.800000000000001,72,2,2.923,0.0813,120.0,1.0,follower,RL-PPO
1.800000000000001,73,2,3.0778,0.0807,120.0,1.0,follower,Classical-MPC
1.800000000000001,74,2,3.2304,0.0802,120.0,1.0,follower,RL-PPO
1.800000000000001,75,2,3.4187,0.0796,120.0,1.0,follower,DL-Transformer (coord)
1.800000000000001,76,5,3.8315,0.9211,120.0,1.0,follower,RL-PPO
1.800000000000001,77,5,3.9841,0.9189,120.0,1.0,follower,DL-CNN (vision)
1.800000000000001,78,5,4.1362,0.9189,120.0,1.0,follower,DL-CNN (vision)
1.800000000000001,79,5,4.2891,0.9195,120.0,1.0,follower,RL-SAC
1.800000000000001,80,5,4.4395,0.9193,120.0,1.0,follower,DL-Transformer (coord)
1.800000000000001,81,5,4.5938,0.9207,120.0,1.0,follower,DL-Transformer (coord)
1.800000000000001,82,5,3.8292,0.5294,120.0,1.0,follower,DL-CNN (vision)
1.800000000000001,83,5,3.8301,0.6396,120.0,1.0,follower,IL-BC (behavior cloning)
1.800000000000001,84,5,3.8307,0.7799,120.0,1.0,follower,RL-PPO
1.800000000000001,85,5,3.8297,0.8923,120.0,1.0,edge-relay,RL-SAC
1.800000000000001,86,5,3.9061,0.5013,120.0,1.0,follower,DL-CNN (vision)
1.800000000000001,87,5,4.0602,0.4987,120.0,1.0,follower,DL-CNN (vision)
1.800000000000001,88,5,4.2125,0.4999,120.0,1.0,follower,RL-SAC
1.800000000000001,89,5,4.3643,0.5003,120.0,1.0,edge-relay,Classical-MPC
1.800000000000001,90,5,4.5163,0.5008,120.0,1.0,follower,Classical-MPC
1.800000000000001,91,5,4.6686,0.4999,120.0,1.0,edge-relay,RL-PPO
1.800000000000001,92,5,4.6714,0.1989,120.0,1.0,safety-sentry,DL-CNN (vision)
1.800000000000001,93,5,4.6708,0.3189,120.0,1.0,leader,RL-SAC
1.800000000000001,94,5,4.6709,0.4395,120.0,1.0,edge-relay,DL-CNN (vision)
1.800000000000001,95,5,3.8673,0.0814,120.0,1.0,follower,RL-SAC
1.800000000000001,96,5,4.021,0.0796,120.0,1.0,follower,DL-Transformer (coord)
1.800000000000001,97,5,4.1739,0.0797,120.0,1.0,edge-relay,Classical-MPC
1.800000000000001,98,5,4.327,0.0805,120.0,1.0,follower,DL-CNN (vision)
1.800000000000001,99,5,4.4793,0.079,120.0,1.0,follower,DL-Transformer (coord)
1.800000000000001,100,5,4.6686,0.0799,120.0,1.0,follower,DL-Transformer (coord)
1.840000000000001,1,2,0.0813,0.9187,120.0,1.0,leader,RL-PPO
1.840000000000001,2,2,0.2315,0.9204,120.0,1.0,follower,DL-CNN (vision)
1.840000000000001,3,2,0.3866,0.921,120.0,1.0,follower,Classical-MPC
1.840000000000001,4,2,0.5369,0.92,120.0,1.0,follower,DL-CNN (vision)
1.840000000000001,5,2,0.6921,0.9208,120.0,1.0,safety-sentry,DL-Transformer (coord)
1.840000000000001,6,2,0.8447,0.9201,120.0,1.0,follower,IL-BC (behavior cloning)
1.840000000000001,7,2,0.9213,0.5266,120.0,1.0,follower,Classical-MPC
1.840000000000001,8,2,0.92,0.6404,120.0,1.0,leader,IL-BC (behavior cloning)
1.840000000000001,9,2,0.9208,0.7786,120.0,1.0,follower,RL-PPO
1.840000000000001,10,2,0.9189,0.8922,120.0,1.0,follower,DL-CNN (vision)
1.840000000000001,11,2,0.1551,0.4989,120.0,1.0,follower,DL-CNN (vision)
1.840000000000001,12,2,0.3079,0.4986,120.0,1.0,edge-relay,RL-PPO
1.840000000000001,13,2,0.4626,0.4986,120.0,1.0,follower,DL-Transformer (coord)
1.840000000000001,14,2,0.6135,0.5002,120.0,1.0,leader,DL-Transformer (coord)
1.840000000000001,15,2,0.7664,0.5005,120.0,1.0,follower,Classical-MPC
1.840000000000001,16,2,0.9187,0.4996,120.0,1.0,safety-sentry,Classical-MPC
1.840000000000001,17,2,0.0788,0.2004,120.0,1.0,follower,RL-PPO
1.840000000000001,18,2,0.0811,0.321,120.0,1.0,follower,RL-SAC
1.840000000000001,19,2,0.0787,0.44,120.0,1.0,safety-sentry,DL-Transformer (coord)
1.840000000000001,20,2,0.1195,0.0786,120.0,1.0,leader,RL-PPO
1.840000000000001,21,2,0.2709,0.0804,120.0,1.0,follower,RL-SAC
1.840000000000001,22,2,0.423,0.0813,120.0,1.0,safety-sentry,DL-Transformer (coord)
1.840000000000001,23,2,0.5778,0.0807,120.0,1.0,follower,RL-PPO
1.840000000000001,24,2,0.7304,0.0802,120.0,1.0,follower,IL-BC (behavior cloning)
1.840000000000001,25,2,0.9187,0.0796,120.0,1.0,safety-sentry,Classical-MPC
1.840000000000001,26,0,1.3309,0.9202,120.0,1.0,follower,RL-PPO
1.840000000000001,27,0,1.4976,0.9209,120.0,1.0,follower,DL-Transformer (coord)
1.840000000000001,28,0,1.6666,0.919,120.0,1.0,follower,IL-BC (behavior cloning)
1.840000000000001,29,0,1.8331,0.9208,120.0,1.0,follower,Classical-MPC
1.840000000000001,30,0,2.0029,0.9191,120.0,1.0,follower,RL-SAC
1.840000000000001,31,0,2.1691000000000003,0.9204,120.0,1.0,follower,RL-PPO
1.840000000000001,32,0,2.1709,0.5888,120.0,1.0,follower,Classical-MPC
1.840000000000001,33,0,2.1711,0.7114,120.0,1.0,follower,Classical-MPC
1.840000000000001,34,0,2.1691000000000003,0.8608,120.0,1.0,follower,RL-SAC
1.840000000000001,35,0,2.1692,0.1118,120.0,1.0,follower,DL-CNN (vision)
1.840000000000001,36,0,2.1708,0.2419,120.0,1.0,edge-relay,IL-BC (behavior cloning)
1.840000000000001,37,0,2.1711,0.3698,120.0,1.0,follower,Classical-MPC
1.840000000000001,38,0,2.1687,0.4997,120.0,1.0,follower,RL-PPO
1.840000000000001,39,0,1.4569,0.0788,120.0,1.0,follower,DL-Transformer (coord)
1.840000000000001,40,0,1.6251,0.0814,120.0,1.0,follower,Classical-MPC
1.840000000000001,41,0,1.7917,0.0788,120.0,1.0,follower,DL-Transformer (coord)
1.840000000000001,42,0,2.0029,0.0791,120.0,1.0,follower,RL-PPO
1.840000000000001,43,0,2.1691000000000003,0.0804,120.0,1.0,follower,RL-PPO
1.840000000000001,44,0,1.3309,0.1757,120.0,1.0,follower,RL-SAC
1.840000000000001,45,0,1.3311,0.3076,120.0,1.0,follower,Classical-MPC
1.840000000000001,46,0,1.3296999999999999,0.4342,120.0,1.0,follower,RL-PPO
1.840000000000001,47,0,1.3292,0.5295,120.0,1.0,follower,RL-PPO
1.840000000000001,48,0,1.3308,0.6503,120.0,1.0,safety-sentry,DL-CNN (vision)
1.840000000000001,49,0,1.3311,0.769,120.0,1.0,follower,RL-PPO
1.840000000000001,50,0,1.3285,0.9199,120.0,1.0,follower,RL-PPO
1.840000000000001,51,2,2.5813,0.9187,120.0,1.0,follower,RL-PPO
1.840000000000001,52,2,2.7315,0.9204,120.0,1.0,follower,DL-Transformer (coord)
1.840000000000001,53,2,2.8866,0.921,120.0,1.0,follower,IL-BC (behavior cloning)
1.840000000000001,54,2,3.0369,0.92,120.0,1.0,follower,DL-CNN (vision)
1.840000000000001,55,2,3.1921,0.9208,120.0,1.0,follower,RL-PPO
1.840000000000001,56,2,3.3447,0.9201,120.0,1.0,leader,DL-CNN (vision)
1.840000000000001,57,2,3.4213,0.5266,120.0,1.0,follower,DL-Transformer (coord)
1.840000000000001,58,2,3.42,0.6404,120.0,1.0,follower,Classical-MPC
1.840000000000001,59,2,3.4208,0.7786,120.0,1.0,follower,Classical-MPC
1.840000000000001,60,2,3.4189,0.8922,120.0,1.0,follower,RL-SAC
1.840000000000001,61,2,2.6551,0.4989,120.0,1.0,safety-sentry,RL-PPO
1.840000000000001,62,2,2.8079,0.4986,120.0,1.0,follower,Classical-MPC
1.840000000000001,63,2,2.9626,0.4986,120.0,1.0,leader,Classical-MPC
1.840000000000001,64,2,3.1135,0.5002,120.0,1.0,follower,DL-CNN (vision)
1.840000000000001,65,2,3.2664,0.5005,120.0,1.0,follower,IL-BC (behavior cloning)
1.840000000000001,66,2,3.4187,0.4996,120.0,1.0,follower,Classical-MPC
1.840000000000001,67,2,2.5788,0.2004,120.0,1.0,safety-sentry,DL-Transformer (coord)
1.840000000000001,68,2,2.5811,0.321,120.0,1.0,safety-sentry,Classical-MPC
1.840000000000001,69,2,2.5787,0.44,120.0,1.0,edge-relay,RL-PPO
1.840000000000001,70,2,2.6195,0.0786,120.0,1.0,follower,RL-SAC
1.840000000000001,71,2,2.7709,0.0804,120.0,1.0,edge-relay,RL-SAC
1.840000000000001,72,2,2.923,0.0813,120.0,1.0,follower,RL-PPO
1.840000000000001,73,2,3.0778,0.0807,120.0,1.0,follower,Classical-MPC
1.840000000000001,74,2,3.2304,0.0802,120.0,1.0,follower,RL-PPO
1.840000000000001,75,2,3.4187,0.0796,120.0,1.0,follower,DL-Transformer (coord)
1.840000000000001,76,5,3.8315,0.9211,120.0,1.0,follower,RL-PPO
1.840000000000001,77,5,3.9841,0.9189,120.0,1.0,follower,DL-CNN (vision)
1.840000000000001,78,5,4.1362,0.9189,120.0,1.0,follower,DL-CNN (vision)
1.840000000000001,79,5,4.2891,0.9195,120.0,1.0,follower,RL-SAC
1.840000000000001,80,5,4.4395,0.9193,120.0,1.0,follower,DL-Transformer (coord)
1.840000000000001,81,5,4.5938,0.9207,120.0,1.0,follower,DL-Transformer (coord)
1.840000000000001,82,5,3.8292,0.5294,120.0,1.0,follower,DL-CNN (vision)
1.840000000000001,83,5,3.8301,0.6396,120.0,1.0,follower,IL-BC (behavior cloning)
1.840000000000001,84,5,3.8307,0.7799,120.0,1.0,follower,RL-PPO
1.840000000000001,85,5,3.8297,0.8923,120.0,1.0,edge-relay,RL-SAC
1.840000000000001,86,5,3.9061,0.5013,120.0,1.0,follower,DL-CNN (vision)
1.840000000000001,87,5,4.0602,0.4987,120.0,1.0,follower,DL-CNN (vision)
1.840000000000001,88,5,4.2125,0.4999,120.0,1.0,follower,RL-SAC
1.840000000000001,89,5,4.3643,0.5003,120.0,1.0,edge-relay,Classical-MPC
1.840000000000001,90,5,4.5163,0.5008,120.0,1.0,follower,Classical-MPC
1.840000000000001,91,5,4.6686,0.4999,120.0,1.0,edge-relay,RL-PPO
1.840000000000001,92,5,4.6714,0.1989,120.0,1.0,safety-sentry,DL-CNN (vision)
1.840000000000001,93,5,4.6708,0.3189,120.0,1.0,leader,RL-SAC
1.840000000000001,94,5,4.6709,0.4395,120.0,1.0,edge-relay,DL-CNN (vision)
1.840000000000001,95,5,3.8673,0.0814,120.0,1.0,follower,RL-SAC
1.840000000000001,96,5,4.021,0.0796,120.0,1.0,follower,DL-Transformer (coord)
1.840000000000001,97,5,4.1739,0.0797,120.0,1.0,edge-relay,Classical-MPC
1.840000000000001,98,5,4.327,0.0805,120.0,1.0,follower,DL-CNN (vision)
1.840000000000001,99,5,4.4793,0.079,120.0,1.0,follower,DL-Transformer (coord)
1.840000000000001,100,5,4.6686,0.0799,120.0,1.0,follower,DL-Transformer (coord)
1.880000000000001,1,2,0.0813,0.9187,120.0,1.0,leader,RL-PPO
1.880000000000001,2,2,0.2315,0.9204,120.0,1.0,follower,DL-CNN (vision)
1.880000000000001,3,2,0.3866,0.921,120.0,1.0,follower,Classical-MPC
1.880000000000001,4,2,0.5369,0.92,120.0,1.0,follower,DL-CNN (vision)
1.880000000000001,5,2,0.6921,0.9208,120.0,1.0,safety-sentry,DL-Transformer (coord)
1.880000000000001,6,2,0.8447,0.9201,120.0,1.0,follower,IL-BC (behavior cloning)
1.880000000000001,7,2,0.9213,0.5266,120.0,1.0,follower,Classical-MPC
1.880000000000001,8,2,0.92,0.6404,120.0,1.0,leader,IL-BC (behavior cloning)
1.880000000000001,9,2,0.9208,0.7786,120.0,1.0,follower,RL-PPO
1.880000000000001,10,2,0.9189,0.8922,120.0,1.0,follower,DL-CNN (vision)
1.880000000000001,11,2,0.1551,0.4989,120.0,1.0,follower,DL-CNN (vision)
1.880000000000001,12,2,0.3079,0.4986,120.0,1.0,edge-relay,RL-PPO
1.880000000000001,13,2,0.4626,0.4986,120.0,1.0,follower,DL-Transformer (coord)
1.880000000000001,14,2,0.6135,0.5002,120.0,1.0,leader,DL-Transformer (coord)
1.880000000000001,15,2,0.7664,0.5005,120.0,1.0,follower,Classical-MPC
1.880000000000001,16,2,0.9187,0.4996,120.0,1.0,safety-sentry,Classical-MPC
1.880000000000001,17,2,0.0788,0.2004,120.0,1.0,follower,RL-PPO
1.880000000000001,18,2,0.0811,0.321,120.0,1.0,follower,RL-SAC
1.880000000000001,19,2,0.0787,0.44,120.0,1.0,safety-sentry,DL-Transformer (coord)
1.880000000000001,20,2,0.1195,0.0786,120.0,1.0,leader,RL-PPO
1.880000000000001,21,2,0.2709,0.0804,120.0,1.0,follower,RL-SAC
1.880000000000001,22,2,0.423,0.0813,120.0,1.0,safety-sentry,DL-Transformer (coord)
1.880000000000001,23,2,0.5778,0.0807,120.0,1.0,follower,RL-PPO
1.880000000000001,24,2,0.7304,0.0802,120.0,1.0,follower,IL-BC (behavior cloning)
1.880000000000001,25,2,0.9187,0.0796,120.0,1.0,safety-sentry,Classical-MPC
1.880000000000001,26,0,1.3309,0.9202,120.0,1.0,follower,RL-PPO
1.880000000000001,27,0,1.4976,0.9209,120.0,1.0,follower,DL-Transformer (coord)
1.880000000000001,28,0,1.6666,0.919,120.0,1.0,follower,IL-BC (behavior cloning)
1.880000000000001,29,0,1.8331,0.9208,120.0,1.0,follower,Classical-MPC
1.880000000000001,30,0,2.0029,0.9191,120.0,1.0,follower,RL-SAC
1.880000000000001,31,0,2.1691000000000003,0.9204,120.0,1.0,follower,RL-PPO
1.880000000000001,32,0,2.1709,0.5888,120.0,1.0,follower,Classical-MPC
1.880000000000001,33,0,2.1711,0.7114,120.0,1.0,follower,Classical-MPC
1.880000000000001,34,0,2.1691000000000003,0.8608,120.0,1.0,follower,RL-SAC
1.880000000000001,35,0,2.1692,0.1118,120.0,1.0,follower,DL-CNN (vision)
1.880000000000001,36,0,2.1708,0.2419,120.0,1.0,edge-relay,IL-BC (behavior cloning)
1.880000000000001,37,0,2.1711,0.3698,120.0,1.0,follower,Classical-MPC
1.880000000000001,38,0,2.1687,0.4997,120.0,1.0,follower,RL-PPO
1.880000000000001,39,0,1.4569,0.0788,120.0,1.0,follower,DL-Transformer (coord)
1.880000000000001,40,0,1.6251,0.0814,120.0,1.0,follower,Classical-MPC
1.880000000000001,41,0,1.7917,0.0788,120.0,1.0,follower,DL-Transformer (coord)
1.880000000000001,42,0,2.0029,0.0791,120.0,1.0,follower,RL-PPO
1.880000000000001,43,0,2.1691000000000003,0.0804,120.0,1.0,follower,RL-PPO
1.880000000000001,44,0,1.3309,0.1757,120.0,1.0,follower,RL-SAC
1.880000000000001,45,0,1.3311,0.3076,120.0,1.0,follower,Classical-MPC
1.880000000000001,46,0,1.3296999999999999,0.4342,120.0,1.0,follower,RL-PPO
1.880000000000001,47,0,1.3292,0.5295,120.0,1.0,follower,RL-PPO
1.880000000000001,48,0,1.3308,0.6503,120.0,1.0,safety-sentry,DL-CNN (vision)
1.880000000000001,49,0,1.3311,0.769,120.0,1.0,follower,RL-PPO
1.880000000000001,50,0,1.3285,0.9199,120.0,1.0,follower,RL-PPO
1.880000000000001,51,2,2.5813,0.9187,120.0,1.0,follower,RL-PPO
1.880000000000001,52,2,2.7315,0.9204,120.0,1.0,follower,DL-Transformer (coord)
1.880000000000001,53,2,2.8866,0.921,120.0,1.0,follower,IL-BC (behavior cloning)
1.880000000000001,54,2,3.0369,0.92,120.0,1.0,follower,DL-CNN (vision)
1.880000000000001,55,2,3.1921,0.9208,120.0,1.0,follower,RL-PPO
1.880000000000001,56,2,3.3447,0.9201,120.0,1.0,leader,DL-CNN (vision)
1.880000000000001,57,2,3.4213,0.5266,120.0,1.0,follower,DL-Transformer (coord)
1.880000000000001,58,2,3.42,0.6404,120.0,1.0,follower,Classical-MPC
1.880000000000001,59,2,3.4208,0.7786,120.0,1.0,follower,Classical-MPC
1.880000000000001,60,2,3.4189,0.8922,120.0,1.0,follower,RL-SAC
1.880000000000001,61,2,2.6551,0.4989,120.0,1.0,safety-sentry,RL-PPO
1.880000000000001,62,2,2.8079,0.4986,120.0,1.0,follower,Classical-MPC
1.880000000000001,63,2,2.9626,0.4986,120.0,1.0,leader,Classical-MPC
1.880000000000001,64,2,3.1135,0.5002,120.0,1.0,follower,DL-CNN (vision)
1.880000000000001,65,2,3.2664,0.5005,120.0,1.0,follower,IL-BC (behavior cloning)
1.880000000000001,66,2,3.4187,0.4996,120.0,1.0,follower,Classical-MPC
1.880000000000001,67,2,2.5788,0.2004,120.0,1.0,safety-sentry,DL-Transformer (coord)
1.880000000000001,68,2,2.5811,0.321,120.0,1.0,safety-sentry,Classical-MPC
1.880000000000001,69,2,2.5787,0.44,120.0,1.0,edge-relay,RL-PPO
1.880000000000001,70,2,2.6195,0.0786,120.0,1.0,follower,RL-SAC
1.880000000000001,71,2,2.7709,0.0804,120.0,1.0,edge-relay,RL-SAC
1.880000000000001,72,2,2.923,0.0813,120.0,1.0,follower,RL-PPO
1.880000000000001,73,2,3.0778,0.0807,120.0,1.0,follower,Classical-MPC
1.880000000000001,74,2,3.2304,0.0802,120.0,1.0,follower,RL-PPO
1.880000000000001,75,2,3.4187,0.0796,120.0,1.0,follower,DL-Transformer (coord)
1.880000000000001,76,5,3.8315,0.9211,120.0,1.0,follower,RL-PPO
1.880000000000001,77,5,3.9841,0.9189,120.0,1.0,follower,DL-CNN (vision)
1.880000000000001,78,5,4.1362,0.9189,120.0,1.0,follower,DL-CNN (vision)
1.880000000000001,79,5,4.2891,0.9195,120.0,1.0,follower,RL-SAC
1.880000000000001,80,5,4.4395,0.9193,120.0,1.0,follower,DL-Transformer (coord)
1.880000000000001,81,5,4.5938,0.9207,120.0,1.0,follower,DL-Transformer (coord)
1.880000000000001,82,5,3.8292,0.5294,120.0,1.0,follower,DL-CNN (vision)
1.880000000000001,83,5,3.8301,0.6396,120.0,1.0,follower,IL-BC (behavior cloning)
1.880000000000001,84,5,3.8307,0.7799,120.0,1.0,follower,RL-PPO
1.880000000000001,85,5,3.8297,0.8923,120.0,1.0,edge-relay,RL-SAC
1.880000000000001,86,5,3.9061,0.5013,120.0,1.0,follower,DL-CNN (vision)
1.880000000000001,87,5,4.0602,0.4987,120.0,1.0,follower,DL-CNN (vision)
1.880000000000001,88,5,4.2125,0.4999,120.0,1.0,follower,RL-SAC
1.880000000000001,89,5,4.3643,0.5003,120.0,1.0,edge-relay,Classical-MPC
1.880000000000001,90,5,4.5163,0.5008,120.0,1.0,follower,Classical-MPC
1.880000000000001,91,5,4.6686,0.4999,120.0,1.0,edge-relay,RL-PPO
1.880000000000001,92,5,4.6714,0.1989,120.0,1.0,safety-sentry,DL-CNN (vision)
1.880000000000001,93,5,4.6708,0.3189,120.0,1.0,leader,RL-SAC
1.880000000000001,94,5,4.6709,0.4395,120.0,1.0,edge-relay,DL-CNN (vision)
1.880000000000001,95,5,3.8673,0.0814,120.0,1.0,follower,RL-SAC
1.880000000000001,96,5,4.021,0.0796,120.0,1.0,follower,DL-Transformer (coord)
1.880000000000001,97,5,4.1739,0.0797,120.0,1.0,edge-relay,Classical-MPC
1.880000000000001,98,5,4.327,0.0805,120.0,1.0,follower,DL-CNN (vision)
1.880000000000001,99,5,4.4793,0.079,120.0,1.0,follower,DL-Transformer (coord)
1.880000000000001,100,5,4.6686,0.0799,120.0,1.0,follower,DL-Transformer (coord)
1.920000000000001,1,2,0.0813,0.9187,120.0,1.0,leader,RL-PPO
1.920000000000001,2,2,0.2315,0.9204,120.0,1.0,follower,DL-CNN (vision)
1.920000000000001,3,2,0.3866,0.921,120.0,1.0,follower,Classical-MPC
1.920000000000001,4,2,0.5369,0.92,120.0,1.0,follower,DL-CNN (vision)
1.920000000000001,5,2,0.6921,0.9208,120.0,1.0,safety-sentry,DL-Transformer (coord)
1.920000000000001,6,2,0.8447,0.9201,120.0,1.0,follower,IL-BC (behavior cloning)
1.920000000000001,7,2,0.9213,0.5266,120.0,1.0,follower,Classical-MPC
1.920000000000001,8,2,0.92,0.6404,120.0,1.0,leader,IL-BC (behavior cloning)
1.920000000000001,9,2,0.9208,0.7786,120.0,1.0,follower,RL-PPO
1.920000000000001,10,2,0.9189,0.8922,120.0,1.0,follower,DL-CNN (vision)
1.920000000000001,11,2,0.1551,0.4989,120.0,1.0,follower,DL-CNN (vision)
1.920000000000001,12,2,0.3079,0.4986,120.0,1.0,edge-relay,RL-PPO
1.920000000000001,13,2,0.4626,0.4986,120.0,1.0,follower,DL-Transformer (coord)
1.920000000000001,14,2,0.6135,0.5002,120.0,1.0,leader,DL-Transformer (coord)
1.920000000000001,15,2,0.7664,0.5005,120.0,1.0,follower,Classical-MPC
1.920000000000001,16,2,0.9187,0.4996,120.0,1.0,safety-sentry,Classical-MPC
1.920000000000001,17,2,0.0788,0.2004,120.0,1.0,follower,RL-PPO
1.920000000000001,18,2,0.0811,0.321,120.0,1.0,follower,RL-SAC
1.920000000000001,19,2,0.0787,0.44,120.0,1.0,safety-sentry,DL-Transformer (coord)
1.920000000000001,20,2,0.1195,0.0786,120.0,1.0,leader,RL-PPO
1.920000000000001,21,2,0.2709,0.0804,120.0,1.0,follower,RL-SAC
1.920000000000001,22,2,0.423,0.0813,120.0,1.0,safety-sentry,DL-Transformer (coord)
1.920000000000001,23,2,0.5778,0.0807,120.0,1.0,follower,RL-PPO
1.920000000000001,24,2,0.7304,0.0802,120.0,1.0,follower,IL-BC (behavior cloning)
1.920000000000001,25,2,0.9187,0.0796,120.0,1.0,safety-sentry,Classical-MPC
1.920000000000001,26,0,1.3309,0.9202,120.0,1.0,follower,RL-PPO
1.920000000000001,27,0,1.4976,0.9209,120.0,1.0,follower,DL-Transformer (coord)
1.920000000000001,28,0,1.6666,0.919,120.0,1.0,follower,IL-BC (behavior cloning)
1.920000000000001,29,0,1.8331,0.9208,120.0,1.0,follower,Classical-MPC
1.920000000000001,30,0,2.0029,0.9191,120.0,1.0,follower,RL-SAC
1.920000000000001,31,0,2.1691000000000003,0.9204,120.0,1.0,follower,RL-PPO
1.920000000000001,32,0,2.1709,0.5888,120.0,1.0,follower,Classical-MPC
1.920000000000001,33,0,2.1711,0.7114,120.0,1.0,follower,Classical-MPC
1.920000000000001,34,0,2.1691000000000003,0.8608,120.0,1.0,follower,RL-SAC
1.920000000000001,35,0,2.1692,0.1118,120.0,1.0,follower,DL-CNN (vision)
1.920000000000001,36,0,2.1708,0.2419,120.0,1.0,edge-relay,IL-BC (behavior cloning)
1.920000000000001,37,0,2.1711,0.3698,120.0,1.0,follower,Classical-MPC
1.920000000000001,38,0,2.1687,0.4997,120.0,1.0,follower,RL-PPO
1.920000000000001,39,0,1.4569,0.0788,120.0,1.0,follower,DL-Transformer (coord)
1.920000000000001,40,0,1.6251,0.0814,120.0,1.0,follower,Classical-MPC
1.920000000000001,41,0,1.7917,0.0788,120.0,1.0,follower,DL-Transformer (coord)
1.920000000000001,42,0,2.0029,0.0791,120.0,1.0,follower,RL-PPO
1.920000000000001,43,0,2.1691000000000003,0.0804,120.0,1.0,follower,RL-PPO
1.920000000000001,44,0,1.3309,0.1757,120.0,1.0,follower,RL-SAC
1.920000000000001,45,0,1.3311,0.3076,120.0,1.0,follower,Classical-MPC
1.920000000000001,46,0,1.3296999999999999,0.4342,120.0,1.0,follower,RL-PPO
1.920000000000001,47,0,1.3292,0.5295,120.0,1.0,follower,RL-PPO
1.920000000000001,48,0,1.3308,0.6503,120.0,1.0,safety-sentry,DL-CNN (vision)
1.920000000000001,49,0,1.3311,0.769,120.0,1.0,follower,RL-PPO
1.920000000000001,50,0,1.3285,0.9199,120.0,1.0,follower,RL-PPO
1.920000000000001,51,2,2.5813,0.9187,120.0,1.0,follower,RL-PPO
1.920000000000001,52,2,2.7315,0.9204,120.0,1.0,follower,DL-Transformer (coord)
1.920000000000001,53,2,2.8866,0.921,120.0,1.0,follower,IL-BC (behavior cloning)
1.920000000000001,54,2,3.0369,0.92,120.0,1.0,follower,DL-CNN (vision)
1.920000000000001,55,2,3.1921,0.9208,120.0,1.0,follower,RL-PPO
1.920000000000001,56,2,3.3447,0.9201,120.0,1.0,leader,DL-CNN (vision)
1.920000000000001,57,2,3.4213,0.5266,120.0,1.0,follower,DL-Transformer (coord)
1.920000000000001,58,2,3.42,0.6404,120.0,1.0,follower,Classical-MPC
1.920000000000001,59,2,3.4208,0.7786,120.0,1.0,follower,Classical-MPC
1.920000000000001,60,2,3.4189,0.8922,120.0,1.0,follower,RL-SAC
1.920000000000001,61,2,2.6551,0.4989,120.0,1.0,safety-sentry,RL-PPO
1.920000000000001,62,2,2.8079,0.4986,120.0,1.0,follower,Classical-MPC
1.920000000000001,63,2,2.9626,0.4986,120.0,1.0,leader,Classical-MPC
1.920000000000001,64,2,3.1135,0.5002,120.0,1.0,follower,DL-CNN (vision)
1.920000000000001,65,2,3.2664,0.5005,120.0,1.0,follower,IL-BC (behavior cloning)
1.920000000000001,66,2,3.4187,0.4996,120.0,1.0,follower,Classical-MPC
1.920000000000001,67,2,2.5788,0.2004,120.0,1.0,safety-sentry,DL-Transformer (coord)
1.920000000000001,68,2,2.5811,0.321,120.0,1.0,safety-sentry,Classical-MPC
1.920000000000001,69,2,2.5787,0.44,120.0,1.0,edge-relay,RL-PPO
1.920000000000001,70,2,2.6195,0.0786,120.0,1.0,follower,RL-SAC
1.920000000000001,71,2,2.7709,0.0804,120.0,1.0,edge-relay,RL-SAC
1.920000000000001,72,2,2.923,0.0813,120.0,1.0,follower,RL-PPO
1.920000000000001,73,2,3.0778,0.0807,120.0,1.0,follower,Classical-MPC
1.920000000000001,74,2,3.2304,0.0802,120.0,1.0,follower,RL-PPO
1.920000000000001,75,2,3.4187,0.0796,120.0,1.0,follower,DL-Transformer (coord)
1.920000000000001,76,5,3.8315,0.9211,120.0,1.0,follower,RL-PPO
1.920000000000001,77,5,3.9841,0.9189,120.0,1.0,follower,DL-CNN (vision)
1.920000000000001,78,5,4.1362,0.9189,120.0,1.0,follower,DL-CNN (vision)
1.920000000000001,79,5,4.2891,0.9195,120.0,1.0,follower,RL-SAC
1.920000000000001,80,5,4.4395,0.9193,120.0,1.0,follower,DL-Transformer (coord)
1.920000000000001,81,5,4.5938,0.9207,120.0,1.0,follower,DL-Transformer (coord)
1.920000000000001,82,5,3.8292,0.5294,120.0,1.0,follower,DL-CNN (vision)
1.920000000000001,83,5,3.8301,0.6396,120.0,1.0,follower,IL-BC (behavior cloning)
1.920000000000001,84,5,3.8307,0.7799,120.0,1.0,follower,RL-PPO
1.920000000000001,85,5,3.8297,0.8923,120.0,1.0,edge-relay,RL-SAC
1.920000000000001,86,5,3.9061,0.5013,120.0,1.0,follower,DL-CNN (vision)
1.920000000000001,87,5,4.0602,0.4987,120.0,1.0,follower,DL-CNN (vision)
1.920000000000001,88,5,4.2125,0.4999,120.0,1.0,follower,RL-SAC
1.920000000000001,89,5,4.3643,0.5003,120.0,1.0,edge-relay,Classical-MPC
1.920000000000001,90,5,4.5163,0.5008,120.0,1.0,follower,Classical-MPC
1.920000000000001,91,5,4.6686,0.4999,120.0,1.0,edge-relay,RL-PPO
1.920000000000001,92,5,4.6714,0.1989,120.0,1.0,safety-sentry,DL-CNN (vision)
1.920000000000001,93,5,4.6708,0.3189,120.0,1.0,leader,RL-SAC
1.920000000000001,94,5,4.6709,0.4395,120.0,1.0,edge-relay,DL-CNN (vision)
1.920000000000001,95,5,3.8673,0.0814,120.0,1.0,follower,RL-SAC
1.920000000000001,96,5,4.021,0.0796,120.0,1.0,follower,DL-Transformer (coord)
1.920000000000001,97,5,4.1739,0.0797,120.0,1.0,edge-relay,Classical-MPC
1.920000000000001,98,5,4.327,0.0805,120.0,1.0,follower,DL-CNN (vision)
1.920000000000001,99,5,4.4793,0.079,120.0,1.0,follower,DL-Transformer (coord)
1.920000000000001,100,5,4.6686,0.0799,120.0,1.0,follower,DL-Transformer (coord)
1.960000000000001,1,2,0.0813,0.9187,120.0,1.0,leader,RL-PPO
1.960000000000001,2,2,0.2315,0.9204,120.0,1.0,follower,DL-CNN (vision)
1.960000000000001,3,2,0.3866,0.921,120.0,1.0,follower,Classical-MPC
1.960000000000001,4,2,0.5369,0.92,120.0,1.0,follower,DL-CNN (vision)
1.960000000000001,5,2,0.6921,0.9208,120.0,1.0,safety-sentry,DL-Transformer (coord)
1.960000000000001,6,2,0.8447,0.9201,120.0,1.0,follower,IL-BC (behavior cloning)
1.960000000000001,7,2,0.9213,0.5266,120.0,1.0,follower,Classical-MPC
1.960000000000001,8,2,0.92,0.6404,120.0,1.0,leader,IL-BC (behavior cloning)
1.960000000000001,9,2,0.9208,0.7786,120.0,1.0,follower,RL-PPO
1.960000000000001,10,2,0.9189,0.8922,120.0,1.0,follower,DL-CNN (vision)
1.960000000000001,11,2,0.1551,0.4989,120.0,1.0,follower,DL-CNN (vision)
1.960000000000001,12,2,0.3079,0.4986,120.0,1.0,edge-relay,RL-PPO
1.960000000000001,13,2,0.4626,0.4986,120.0,1.0,follower,DL-Transformer (coord)
1.960000000000001,14,2,0.6135,0.5002,120.0,1.0,leader,DL-Transformer (coord)
1.960000000000001,15,2,0.7664,0.5005,120.0,1.0,follower,Classical-MPC
1.960000000000001,16,2,0.9187,0.4996,120.0,1.0,safety-sentry,Classical-MPC
1.960000000000001,17,2,0.0788,0.2004,120.0,1.0,follower,RL-PPO
1.960000000000001,18,2,0.0811,0.321,120.0,1.0,follower,RL-SAC
1.960000000000001,19,2,0.0787,0.44,120.0,1.0,safety-sentry,DL-Transformer (coord)
1.960000000000001,20,2,0.1195,0.0786,120.0,1.0,leader,RL-PPO
1.960000000000001,21,2,0.2709,0.0804,120.0,1.0,follower,RL-SAC
1.960000000000001,22,2,0.423,0.0813,120.0,1.0,safety-sentry,DL-Transformer (coord)
1.960000000000001,23,2,0.5778,0.0807,120.0,1.0,follower,RL-PPO
1.960000000000001,24,2,0.7304,0.0802,120.0,1.0,follower,IL-BC (behavior cloning)
1.960000000000001,25,2,0.9187,0.0796,120.0,1.0,safety-sentry,Classical-MPC
1.960000000000001,26,0,1.3309,0.9202,120.0,1.0,follower,RL-PPO
1.960000000000001,27,0,1.4976,0.9209,120.0,1.0,follower,DL-Transformer (coord)
1.960000000000001,28,0,1.6666,0.919,120.0,1.0,follower,IL-BC (behavior cloning)
1.960000000000001,29,0,1.8331,0.9208,120.0,1.0,follower,Classical-MPC
1.960000000000001,30,0,2.0029,0.9191,120.0,1.0,follower,RL-SAC
1.960000000000001,31,0,2.1691000000000003,0.9204,120.0,1.0,follower,RL-PPO
1.960000000000001,32,0,2.1709,0.5888,120.0,1.0,follower,Classical-MPC
1.960000000000001,33,0,2.1711,0.7114,120.0,1.0,follower,Classical-MPC
1.960000000000001,34,0,2.1691000000000003,0.8608,120.0,1.0,follower,RL-SAC
1.960000000000001,35,0,2.1692,0.1118,120.0,1.0,follower,DL-CNN (vision)
1.960000000000001,36,0,2.1708,0.2419,120.0,1.0,edge-relay,IL-BC (behavior cloning)
1.960000000000001,37,0,2.1711,0.3698,120.0,1.0,follower,Classical-MPC
1.960000000000001,38,0,2.1687,0.4997,120.0,1.0,follower,RL-PPO
1.960000000000001,39,0,1.4569,0.0788,120.0,1.0,follower,DL-Transformer (coord)
1.960000000000001,40,0,1.6251,0.0814,120.0,1.0,follower,Classical-MPC
1.960000000000001,41,0,1.7917,0.0788,120.0,1.0,follower,DL-Transformer (coord)
1.960000000000001,42,0,2.0029,0.0791,120.0,1.0,follower,RL-PPO
1.960000000000001,43,0,2.1691000000000003,0.0804,120.0,1.0,follower,RL-PPO
1.960000000000001,44,0,1.3309,0.1757,120.0,1.0,follower,RL-SAC
1.960000000000001,45,0,1.3311,0.3076,120.0,1.0,follower,Classical-MPC
1.960000000000001,46,0,1.3296999999999999,0.4342,120.0,1.0,follower,RL-PPO
1.960000000000001,47,0,1.3292,0.5295,120.0,1.0,follower,RL-PPO
1.960000000000001,48,0,1.3308,0.6503,120.0,1.0,safety-sentry,DL-CNN (vision)
1.960000000000001,49,0,1.3311,0.769,120.0,1.0,follower,RL-PPO
1.960000000000001,50,0,1.3285,0.9199,120.0,1.0,follower,RL-PPO
1.960000000000001,51,2,2.5813,0.9187,120.0,1.0,follower,RL-PPO
1.960000000000001,52,2,2.7315,0.9204,120.0,1.0,follower,DL-Transformer (coord)
1.960000000000001,53,2,2.8866,0.921,120.0,1.0,follower,IL-BC (behavior cloning)
1.960000000000001,54,2,3.0369,0.92,120.0,1.0,follower,DL-CNN (vision)
1.960000000000001,55,2,3.1921,0.9208,120.0,1.0,follower,RL-PPO
1.960000000000001,56,2,3.3447,0.9201,120.0,1.0,leader,DL-CNN (vision)
1.960000000000001,57,2,3.4213,0.5266,120.0,1.0,follower,DL-Transformer (coord)
1.960000000000001,58,2,3.42,0.6404,120.0,1.0,follower,Classical-MPC
1.960000000000001,59,2,3.4208,0.7786,120.0,1.0,follower,Classical-MPC
1.960000000000001,60,2,3.4189,0.8922,120.0,1.0,follower,RL-SAC
1.960000000000001,61,2,2.6551,0.4989,120.0,1.0,safety-sentry,RL-PPO
1.960000000000001,62,2,2.8079,0.4986,120.0,1.0,follower,Classical-MPC
1.960000000000001,63,2,2.9626,0.4986,120.0,1.0,leader,Classical-MPC
1.960000000000001,64,2,3.1135,0.5002,120.0,1.0,follower,DL-CNN (vision)
1.960000000000001,65,2,3.2664,0.5005,120.0,1.0,follower,IL-BC (behavior cloning)
1.960000000000001,66,2,3.4187,0.4996,120.0,1.0,follower,Classical-MPC
1.960000000000001,67,2,2.5788,0.2004,120.0,1.0,safety-sentry,DL-Transformer (coord)
1.960000000000001,68,2,2.5811,0.321,120.0,1.0,safety-sentry,Classical-MPC
1.960000000000001,69,2,2.5787,0.44,120.0,1.0,edge-relay,RL-PPO
1.960000000000001,70,2,2.6195,0.0786,120.0,1.0,follower,RL-SAC
1.960000000000001,71,2,2.7709,0.0804,120.0,1.0,edge-relay,RL-SAC
1.960000000000001,72,2,2.923,0.0813,120.0,1.0,follower,RL-PPO
1.960000000000001,73,2,3.0778,0.0807,120.0,1.0,follower,Classical-MPC
1.960000000000001,74,2,3.2304,0.0802,120.0,1.0,follower,RL-PPO
1.960000000000001,75,2,3.4187,0.0796,120.0,1.0,follower,DL-Transformer (coord)
1.960000000000001,76,5,3.8315,0.9211,120.0,1.0,follower,RL-PPO
1.960000000000001,77,5,3.9841,0.9189,120.0,1.0,follower,DL-CNN (vision)
1.960000000000001,78,5,4.1362,0.9189,120.0,1.0,follower,DL-CNN (vision)
1.960000000000001,79,5,4.2891,0.9195,120.0,1.0,follower,RL-SAC
1.960000000000001,80,5,4.4395,0.9193,120.0,1.0,follower,DL-Transformer (coord)
1.960000000000001,81,5,4.5938,0.9207,120.0,1.0,follower,DL-Transformer (coord)
1.960000000000001,82,5,3.8292,0.5294,120.0,1.0,follower,DL-CNN (vision)
1.960000000000001,83,5,3.8301,0.6396,120.0,1.0,follower,IL-BC (behavior cloning)
1.960000000000001,84,5,3.8307,0.7799,120.0,1.0,follower,RL-PPO
1.960000000000001,85,5,3.8297,0.8923,120.0,1.0,edge-relay,RL-SAC
1.960000000000001,86,5,3.9061,0.5013,120.0,1.0,follower,DL-CNN (vision)
1.960000000000001,87,5,4.0602,0.4987,120.0,1.0,follower,DL-CNN (vision)
1.960000000000001,88,5,4.2125,0.4999,120.0,1.0,follower,RL-SAC
1.960000000000001,89,5,4.3643,0.5003,120.0,1.0,edge-relay,Classical-MPC
1.960000000000001,90,5,4.5163,0.5008,120.0,1.0,follower,Classical-MPC
1.960000000000001,91,5,4.6686,0.4999,120.0,1.0,edge-relay,RL-PPO
1.960000000000001,92,5,4.6714,0.1989,120.0,1.0,safety-sentry,DL-CNN (vision)
1.960000000000001,93,5,4.6708,0.3189,120.0,1.0,leader,RL-SAC
1.960000000000001,94,5,4.6709,0.4395,120.0,1.0,edge-relay,DL-CNN (vision)
1.960000000000001,95,5,3.8673,0.0814,120.0,1.0,follower,RL-SAC
1.960000000000001,96,5,4.021,0.0796,120.0,1.0,follower,DL-Transformer (coord)
1.960000000000001,97,5,4.1739,0.0797,120.0,1.0,edge-relay,Classical-MPC
1.960000000000001,98,5,4.327,0.0805,120.0,1.0,follower,DL-CNN (vision)
1.960000000000001,99,5,4.4793,0.079,120.0,1.0,follower,DL-Transformer (coord)
1.960000000000001,100,5,4.6686,0.0799,120.0,1.0,follower,DL-Transformer (coord)
2.000000000000001,1,2,0.0813,0.9187,120.0,1.0,leader,RL-PPO
2.000000000000001,2,2,0.2315,0.9204,120.0,1.0,follower,DL-CNN (vision)
2.000000000000001,3,2,0.3866,0.921,120.0,1.0,follower,Classical-MPC
2.000000000000001,4,2,0.5369,0.92,120.0,1.0,follower,DL-CNN (vision)
2.000000000000001,5,2,0.6921,0.9208,120.0,1.0,safety-sentry,DL-Transformer (coord)
2.000000000000001,6,2,0.8447,0.9201,120.0,1.0,follower,IL-BC (behavior cloning)
2.000000000000001,7,2,0.9213,0.5266,120.0,1.0,follower,Classical-MPC
2.000000000000001,8,2,0.92,0.6404,120.0,1.0,leader,IL-BC (behavior cloning)
2.000000000000001,9,2,0.9208,0.7786,120.0,1.0,follower,RL-PPO
2.000000000000001,10,2,0.9189,0.8922,120.0,1.0,follower,DL-CNN (vision)
2.000000000000001,11,2,0.1551,0.4989,120.0,1.0,follower,DL-CNN (vision)
2.000000000000001,12,2,0.3079,0.4986,120.0,1.0,edge-relay,RL-PPO
2.000000000000001,13,2,0.4626,0.4986,120.0,1.0,follower,DL-Transformer (coord)
2.000000000000001,14,2,0.6135,0.5002,120.0,1.0,leader,DL-Transformer (coord)
2.000000000000001,15,2,0.7664,0.5005,120.0,1.0,follower,Classical-MPC
2.000000000000001,16,2,0.9187,0.4996,120.0,1.0,safety-sentry,Classical-MPC
2.000000000000001,17,2,0.0788,0.2004,120.0,1.0,follower,RL-PPO
2.000000000000001,18,2,0.0811,0.321,120.0,1.0,follower,RL-SAC
2.000000000000001,19,2,0.0787,0.44,120.0,1.0,safety-sentry,DL-Transformer (coord)
2.000000000000001,20,2,0.1195,0.0786,120.0,1.0,leader,RL-PPO
2.000000000000001,21,2,0.2709,0.0804,120.0,1.0,follower,RL-SAC
2.000000000000001,22,2,0.423,0.0813,120.0,1.0,safety-sentry,DL-Transformer (coord)
2.000000000000001,23,2,0.5778,0.0807,120.0,1.0,follower,RL-PPO
2.000000000000001,24,2,0.7304,0.0802,120.0,1.0,follower,IL-BC (behavior cloning)
2.000000000000001,25,2,0.9187,0.0796,120.0,1.0,safety-sentry,Classical-MPC
2.000000000000001,26,0,1.3309,0.9202,120.0,1.0,follower,RL-PPO
2.000000000000001,27,0,1.4976,0.9209,120.0,1.0,follower,DL-Transformer (coord)
2.000000000000001,28,0,1.6666,0.919,120.0,1.0,follower,IL-BC (behavior cloning)
2.000000000000001,29,0,1.8331,0.9208,120.0,1.0,follower,Classical-MPC
2.000000000000001,30,0,2.0029,0.9191,120.0,1.0,follower,RL-SAC
2.000000000000001,31,0,2.1691000000000003,0.9204,120.0,1.0,follower,RL-PPO
2.000000000000001,32,0,2.1709,0.5888,120.0,1.0,follower,Classical-MPC
2.000000000000001,33,0,2.1711,0.7114,120.0,1.0,follower,Classical-MPC
2.000000000000001,34,0,2.1691000000000003,0.8608,120.0,1.0,follower,RL-SAC
2.000000000000001,35,0,2.1692,0.1118,120.0,1.0,follower,DL-CNN (vision)
2.000000000000001,36,0,2.1708,0.2419,120.0,1.0,edge-relay,IL-BC (behavior cloning)
2.000000000000001,37,0,2.1711,0.3698,120.0,1.0,follower,Classical-MPC
2.000000000000001,38,0,2.1687,0.4997,120.0,1.0,follower,RL-PPO
2.000000000000001,39,0,1.4569,0.0788,120.0,1.0,follower,DL-Transformer (coord)
2.000000000000001,40,0,1.6251,0.0814,120.0,1.0,follower,Classical-MPC
2.000000000000001,41,0,1.7917,0.0788,120.0,1.0,follower,DL-Transformer (coord)
2.000000000000001,42,0,2.0029,0.0791,120.0,1.0,follower,RL-PPO
2.000000000000001,43,0,2.1691000000000003,0.0804,120.0,1.0,follower,RL-PPO
2.000000000000001,44,0,1.3309,0.1757,120.0,1.0,follower,RL-SAC
2.000000000000001,45,0,1.3311,0.3076,120.0,1.0,follower,Classical-MPC
2.000000000000001,46,0,1.3296999999999999,0.4342,120.0,1.0,follower,RL-PPO
2.000000000000001,47,0,1.3292,0.5295,120.0,1.0,follower,RL-PPO
2.000000000000001,48,0,1.3308,0.6503,120.0,1.0,safety-sentry,DL-CNN (vision)
2.000000000000001,49,0,1.3311,0.769,120.0,1.0,follower,RL-PPO
2.000000000000001,50,0,1.3285,0.9199,120.0,1.0,follower,RL-PPO
2.000000000000001,51,2,2.5813,0.9187,120.0,1.0,follower,RL-PPO
2.000000000000001,52,2,2.7315,0.9204,120.0,1.0,follower,DL-Transformer (coord)
2.000000000000001,53,2,2.8866,0.921,120.0,1.0,follower,IL-BC (behavior cloning)
2.000000000000001,54,2,3.0369,0.92,120.0,1.0,follower,DL-CNN (vision)
2.000000000000001,55,2,3.1921,0.9208,120.0,1.0,follower,RL-PPO
2.000000000000001,56,2,3.3447,0.9201,120.0,1.0,leader,DL-CNN (vision)
2.000000000000001,57,2,3.4213,0.5266,120.0,1.0,follower,DL-Transformer (coord)
2.000000000000001,58,2,3.42,0.6404,120.0,1.0,follower,Classical-MPC
2.000000000000001,59,2,3.4208,0.7786,120.0,1.0,follower,Classical-MPC
2.000000000000001,60,2,3.4189,0.8922,120.0,1.0,follower,RL-SAC
2.000000000000001,61,2,2.6551,0.4989,120.0,1.0,safety-sentry,RL-PPO
2.000000000000001,62,2,2.8079,0.4986,120.0,1.0,follower,Classical-MPC
2.000000000000001,63,2,2.9626,0.4986,120.0,1.0,leader,Classical-MPC
2.000000000000001,64,2,3.1135,0.5002,120.0,1.0,follower,DL-CNN (vision)
2.000000000000001,65,2,3.2664,0.5005,120.0,1.0,follower,IL-BC (behavior cloning)
2.000000000000001,66,2,3.4187,0.4996,120.0,1.0,follower,Classical-MPC
2.000000000000001,67,2,2.5788,0.2004,120.0,1.0,safety-sentry,DL-Transformer (coord)
2.000000000000001,68,2,2.5811,0.321,120.0,1.0,safety-sentry,Classical-MPC
2.000000000000001,69,2,2.5787,0.44,120.0,1.0,edge-relay,RL-PPO
2.000000000000001,70,2,2.6195,0.0786,120.0,1.0,follower,RL-SAC
2.000000000000001,71,2,2.7709,0.0804,120.0,1.0,edge-relay,RL-SAC
2.000000000000001,72,2,2.923,0.0813,120.0,1.0,follower,RL-PPO
2.000000000000001,73,2,3.0778,0.0807,120.0,1.0,follower,Classical-MPC
2.000000000000001,74,2,3.2304,0.0802,120.0,1.0,follower,RL-PPO
2.000000000000001,75,2,3.4187,0.0796,120.0,1.0,follower,DL-Transformer (coord)
2.000000000000001,76,5,3.8315,0.9211,120.0,1.0,follower,RL-PPO
2.000000000000001,77,5,3.9841,0.9189,120.0,1.0,follower,DL-CNN (vision)
2.000000000000001,78,5,4.1362,0.9189,120.0,1.0,follower,DL-CNN (vision)
2.000000000000001,79,5,4.2891,0.9195,120.0,1.0,follower,RL-SAC
2.000000000000001,80,5,4.4395,0.9193,120.0,1.0,follower,DL-Transformer (coord)
2.000000000000001,81,5,4.5938,0.9207,120.0,1.0,follower,DL-Transformer (coord)
2.000000000000001,82,5,3.8292,0.5294,120.0,1.0,follower,DL-CNN (vision)
2.000000000000001,83,5,3.8301,0.6396,120.0,1.0,follower,IL-BC (behavior cloning)
2.000000000000001,84,5,3.8307,0.7799,120.0,1.0,follower,RL-PPO
2.000000000000001,85,5,3.8297,0.8923,120.0,1.0,edge-relay,RL-SAC
2.000000000000001,86,5,3.9061,0.5013,120.0,1.0,follower,DL-CNN (vision)
2.000000000000001,87,5,4.0602,0.4987,120.0,1.0,follower,DL-CNN (vision)
2.000000000000001,88,5,4.2125,0.4999,120.0,1.0,follower,RL-SAC
2.000000000000001,89,5,4.3643,0.5003,120.0,1.0,edge-relay,Classical-MPC
2.000000000000001,90,5,4.5163,0.5008,120.0,1.0,follower,Classical-MPC
2.000000000000001,91,5,4.6686,0.4999,120.0,1.0,edge-relay,RL-PPO
2.000000000000001,92,5,4.6714,0.1989,120.0,1.0,safety-sentry,DL-CNN (vision)
2.000000000000001,93,5,4.6708,0.3189,120.0,1.0,leader,RL-SAC
2.000000000000001,94,5,4.6709,0.4395,120.0,1.0,edge-relay,DL-CNN (vision)
2.000000000000001,95,5,3.8673,0.0814,120.0,1.0,follower,RL-SAC
2.000000000000001,96,5,4.021,0.0796,120.0,1.0,follower,DL-Transformer (coord)
2.000000000000001,97,5,4.1739,0.0797,120.0,1.0,edge-relay,Classical-MPC
2.000000000000001,98,5,4.327,0.0805,120.0,1.0,follower,DL-CNN (vision)
2.000000000000001,99,5,4.4793,0.079,120.0,1.0,follower,DL-Transformer (coord)
2.000000000000001,100,5,4.6686,0.0799,120.0,1.0,follower,DL-Transformer (coord)
2.040000000000001,1,2,0.0813,0.9187,120.0,1.0,leader,RL-PPO
2.040000000000001,2,2,0.2315,0.9204,120.0,1.0,follower,DL-CNN (vision)
2.040000000000001,3,2,0.3866,0.921,120.0,1.0,follower,Classical-MPC
2.040000000000001,4,2,0.5369,0.92,120.0,1.0,follower,DL-CNN (vision)
2.040000000000001,5,2,0.6921,0.9208,120.0,1.0,safety-sentry,DL-Transformer (coord)
2.040000000000001,6,2,0.8447,0.9201,120.0,1.0,follower,IL-BC (behavior cloning)
2.040000000000001,7,2,0.9213,0.5266,120.0,1.0,follower,Classical-MPC
2.040000000000001,8,2,0.92,0.6404,120.0,1.0,leader,IL-BC (behavior cloning)
2.040000000000001,9,2,0.9208,0.7786,120.0,1.0,follower,RL-PPO
2.040000000000001,10,2,0.9189,0.8922,120.0,1.0,follower,DL-CNN (vision)
2.040000000000001,11,2,0.1551,0.4989,120.0,1.0,follower,DL-CNN (vision)
2.040000000000001,12,2,0.3079,0.4986,120.0,1.0,edge-relay,RL-PPO
2.040000000000001,13,2,0.4626,0.4986,120.0,1.0,follower,DL-Transformer (coord)
2.040000000000001,14,2,0.6135,0.5002,120.0,1.0,leader,DL-Transformer (coord)
2.040000000000001,15,2,0.7664,0.5005,120.0,1.0,follower,Classical-MPC
2.040000000000001,16,2,0.9187,0.4996,120.0,1.0,safety-sentry,Classical-MPC
2.040000000000001,17,2,0.0788,0.2004,120.0,1.0,follower,RL-PPO
2.040000000000001,18,2,0.0811,0.321,120.0,1.0,follower,RL-SAC
2.040000000000001,19,2,0.0787,0.44,120.0,1.0,safety-sentry,DL-Transformer (coord)
2.040000000000001,20,2,0.1195,0.0786,120.0,1.0,leader,RL-PPO
2.040000000000001,21,2,0.2709,0.0804,120.0,1.0,follower,RL-SAC
2.040000000000001,22,2,0.423,0.0813,120.0,1.0,safety-sentry,DL-Transformer (coord)
2.040000000000001,23,2,0.5778,0.0807,120.0,1.0,follower,RL-PPO
2.040000000000001,24,2,0.7304,0.0802,120.0,1.0,follower,IL-BC (behavior cloning)
2.040000000000001,25,2,0.9187,0.0796,120.0,1.0,safety-sentry,Classical-MPC
2.040000000000001,26,0,1.3309,0.9202,120.0,1.0,follower,RL-PPO
2.040000000000001,27,0,1.4976,0.9209,120.0,1.0,follower,DL-Transformer (coord)
2.040000000000001,28,0,1.6666,0.919,120.0,1.0,follower,IL-BC (behavior cloning)
2.040000000000001,29,0,1.8331,0.9208,120.0,1.0,follower,Classical-MPC
2.040000000000001,30,0,2.0029,0.9191,120.0,1.0,follower,RL-SAC
2.040000000000001,31,0,2.1691000000000003,0.9204,120.0,1.0,follower,RL-PPO
2.040000000000001,32,0,2.1709,0.5888,120.0,1.0,follower,Classical-MPC
2.040000000000001,33,0,2.1711,0.7114,120.0,1.0,follower,Classical-MPC
2.040000000000001,34,0,2.1691000000000003,0.8608,120.0,1.0,follower,RL-SAC
2.040000000000001,35,0,2.1692,0.1118,120.0,1.0,follower,DL-CNN (vision)
2.040000000000001,36,0,2.1708,0.2419,120.0,1.0,edge-relay,IL-BC (behavior cloning)
2.040000000000001,37,0,2.1711,0.3698,120.0,1.0,follower,Classical-MPC
2.040000000000001,38,0,2.1687,0.4997,120.0,1.0,follower,RL-PPO
2.040000000000001,39,0,1.4569,0.0788,120.0,1.0,follower,DL-Transformer (coord)
2.040000000000001,40,0,1.6251,0.0814,120.0,1.0,follower,Classical-MPC
2.040000000000001,41,0,1.7917,0.0788,120.0,1.0,follower,DL-Transformer (coord)
2.040000000000001,42,0,2.0029,0.0791,120.0,1.0,follower,RL-PPO
2.040000000000001,43,0,2.1691000000000003,0.0804,120.0,1.0,follower,RL-PPO
2.040000000000001,44,0,1.3309,0.1757,120.0,1.0,follower,RL-SAC
2.040000000000001,45,0,1.3311,0.3076,120.0,1.0,follower,Classical-MPC
2.040000000000001,46,0,1.3296999999999999,0.4342,120.0,1.0,follower,RL-PPO
2.040000000000001,47,0,1.3292,0.5295,120.0,1.0,follower,RL-PPO
2.040000000000001,48,0,1.3308,0.6503,120.0,1.0,safety-sentry,DL-CNN (vision)
2.040000000000001,49,0,1.3311,0.769,120.0,1.0,follower,RL-PPO
2.040000000000001,50,0,1.3285,0.9199,120.0,1.0,follower,RL-PPO
2.040000000000001,51,2,2.5813,0.9187,120.0,1.0,follower,RL-PPO
2.040000000000001,52,2,2.7315,0.9204,120.0,1.0,follower,DL-Transformer (coord)
2.040000000000001,53,2,2.8866,0.921,120.0,1.0,follower,IL-BC (behavior cloning)
2.040000000000001,54,2,3.0369,0.92,120.0,1.0,follower,DL-CNN (vision)
2.040000000000001,55,2,3.1921,0.9208,120.0,1.0,follower,RL-PPO
2.040000000000001,56,2,3.3447,0.9201,120.0,1.0,leader,DL-CNN (vision)
2.040000000000001,57,2,3.4213,0.5266,120.0,1.0,follower,DL-Transformer (coord)
2.040000000000001,58,2,3.42,0.6404,120.0,1.0,follower,Classical-MPC
2.040000000000001,59,2,3.4208,0.7786,120.0,1.0,follower,Classical-MPC
2.040000000000001,60,2,3.4189,0.8922,120.0,1.0,follower,RL-SAC
2.040000000000001,61,2,2.6551,0.4989,120.0,1.0,safety-sentry,RL-PPO
2.040000000000001,62,2,2.8079,0.4986,120.0,1.0,follower,Classical-MPC
2.040000000000001,63,2,2.9626,0.4986,120.0,1.0,leader,Classical-MPC
2.040000000000001,64,2,3.1135,0.5002,120.0,1.0,follower,DL-CNN (vision)
2.040000000000001,65,2,3.2664,0.5005,120.0,1.0,follower,IL-BC (behavior cloning)
2.040000000000001,66,2,3.4187,0.4996,120.0,1.0,follower,Classical-MPC
2.040000000000001,67,2,2.5788,0.2004,120.0,1.0,safety-sentry,DL-Transformer (coord)
2.040000000000001,68,2,2.5811,0.321,120.0,1.0,safety-sentry,Classical-MPC
2.040000000000001,69,2,2.5787,0.44,120.0,1.0,edge-relay,RL-PPO
2.040000000000001,70,2,2.6195,0.0786,120.0,1.0,follower,RL-SAC
2.040000000000001,71,2,2.7709,0.0804,120.0,1.0,edge-relay,RL-SAC
2.040000000000001,72,2,2.923,0.0813,120.0,1.0,follower,RL-PPO
2.040000000000001,73,2,3.0778,0.0807,120.0,1.0,follower,Classical-MPC
2.040000000000001,74,2,3.2304,0.0802,120.0,1.0,follower,RL-PPO
2.040000000000001,75,2,3.4187,0.0796,120.0,1.0,follower,DL-Transformer (coord)
2.040000000000001,76,5,3.8315,0.9211,120.0,1.0,follower,RL-PPO
2.040000000000001,77,5,3.9841,0.9189,120.0,1.0,follower,DL-CNN (vision)
2.040000000000001,78,5,4.1362,0.9189,120.0,1.0,follower,DL-CNN (vision)
2.040000000000001,79,5,4.2891,0.9195,120.0,1.0,follower,RL-SAC
2.040000000000001,80,5,4.4395,0.9193,120.0,1.0,follower,DL-Transformer (coord)
2.040000000000001,81,5,4.5938,0.9207,120.0,1.0,follower,DL-Transformer (coord)
2.040000000000001,82,5,3.8292,0.5294,120.0,1.0,follower,DL-CNN (vision)
2.040000000000001,83,5,3.8301,0.6396,120.0,1.0,follower,IL-BC (behavior cloning)
2.040000000000001,84,5,3.8307,0.7799,120.0,1.0,follower,RL-PPO
2.040000000000001,85,5,3.8297,0.8923,120.0,1.0,edge-relay,RL-SAC
2.040000000000001,86,5,3.9061,0.5013,120.0,1.0,follower,DL-CNN (vision)
2.040000000000001,87,5,4.0602,0.4987,120.0,1.0,follower,DL-CNN (vision)
2.040000000000001,88,5,4.2125,0.4999,120.0,1.0,follower,RL-SAC
2.040000000000001,89,5,4.3643,0.5003,120.0,1.0,edge-relay,Classical-MPC
2.040000000000001,90,5,4.5163,0.5008,120.0,1.0,follower,Classical-MPC
2.040000000000001,91,5,4.6686,0.4999,120.0,1.0,edge-relay,RL-PPO
2.040000000000001,92,5,4.6714,0.1989,120.0,1.0,safety-sentry,DL-CNN (vision)
2.040000000000001,93,5,4.6708,0.3189,120.0,1.0,leader,RL-SAC
2.040000000000001,94,5,4.6709,0.4395,120.0,1.0,edge-relay,DL-CNN (vision)
2.040000000000001,95,5,3.8673,0.0814,120.0,1.0,follower,RL-SAC
2.040000000000001,96,5,4.021,0.0796,120.0,1.0,follower,DL-Transformer (coord)
2.040000000000001,97,5,4.1739,0.0797,120.0,1.0,edge-relay,Classical-MPC
2.040000000000001,98,5,4.327,0.0805,120.0,1.0,follower,DL-CNN (vision)
2.040000000000001,99,5,4.4793,0.079,120.0,1.0,follower,DL-Transformer (coord)
2.040000000000001,100,5,4.6686,0.0799,120.0,1.0,follower,DL-Transformer (coord)
2.080000000000001,1,2,0.0813,0.9187,120.0,1.0,leader,RL-PPO
2.080000000000001,2,2,0.2315,0.9204,120.0,1.0,follower,DL-CNN (vision)
2.080000000000001,3,2,0.3866,0.921,120.0,1.0,follower,Classical-MPC
2.080000000000001,4,2,0.5369,0.92,120.0,1.0,follower,DL-CNN (vision)
2.080000000000001,5,2,0.6921,0.9208,120.0,1.0,safety-sentry,DL-Transformer (coord)
2.080000000000001,6,2,0.8447,0.9201,120.0,1.0,follower,IL-BC (behavior cloning)
2.080000000000001,7,2,0.9213,0.5266,120.0,1.0,follower,Classical-MPC
2.080000000000001,8,2,0.92,0.6404,120.0,1.0,leader,IL-BC (behavior cloning)
2.080000000000001,9,2,0.9208,0.7786,120.0,1.0,follower,RL-PPO
2.080000000000001,10,2,0.9189,0.8922,120.0,1.0,follower,DL-CNN (vision)
2.080000000000001,11,2,0.1551,0.4989,120.0,1.0,follower,DL-CNN (vision)
2.080000000000001,12,2,0.3079,0.4986,120.0,1.0,edge-relay,RL-PPO
2.080000000000001,13,2,0.4626,0.4986,120.0,1.0,follower,DL-Transformer (coord)
2.080000000000001,14,2,0.6135,0.5002,120.0,1.0,leader,DL-Transformer (coord)
2.080000000000001,15,2,0.7664,0.5005,120.0,1.0,follower,Classical-MPC
2.080000000000001,16,2,0.9187,0.4996,120.0,1.0,safety-sentry,Classical-MPC
2.080000000000001,17,2,0.0788,0.2004,120.0,1.0,follower,RL-PPO
2.080000000000001,18,2,0.0811,0.321,120.0,1.0,follower,RL-SAC
2.080000000000001,19,2,0.0787,0.44,120.0,1.0,safety-sentry,DL-Transformer (coord)
2.080000000000001,20,2,0.1195,0.0786,120.0,1.0,leader,RL-PPO
2.080000000000001,21,2,0.2709,0.0804,120.0,1.0,follower,RL-SAC
2.080000000000001,22,2,0.423,0.0813,120.0,1.0,safety-sentry,DL-Transformer (coord)
2.080000000000001,23,2,0.5778,0.0807,120.0,1.0,follower,RL-PPO
2.080000000000001,24,2,0.7304,0.0802,120.0,1.0,follower,IL-BC (behavior cloning)
2.080000000000001,25,2,0.9187,0.0796,120.0,1.0,safety-sentry,Classical-MPC
2.080000000000001,26,0,1.3309,0.9202,120.0,1.0,follower,RL-PPO
2.080000000000001,27,0,1.4976,0.9209,120.0,1.0,follower,DL-Transformer (coord)
2.080000000000001,28,0,1.6666,0.919,120.0,1.0,follower,IL-BC (behavior cloning)
2.080000000000001,29,0,1.8331,0.9208,120.0,1.0,follower,Classical-MPC
2.080000000000001,30,0,2.0029,0.9191,120.0,1.0,follower,RL-SAC
2.080000000000001,31,0,2.1691000000000003,0.9204,120.0,1.0,follower,RL-PPO
2.080000000000001,32,0,2.1709,0.5888,120.0,1.0,follower,Classical-MPC
2.080000000000001,33,0,2.1711,0.7114,120.0,1.0,follower,Classical-MPC
2.080000000000001,34,0,2.1691000000000003,0.8608,120.0,1.0,follower,RL-SAC
2.080000000000001,35,0,2.1692,0.1118,120.0,1.0,follower,DL-CNN (vision)
2.080000000000001,36,0,2.1708,0.2419,120.0,1.0,edge-relay,IL-BC (behavior cloning)
2.080000000000001,37,0,2.1711,0.3698,120.0,1.0,follower,Classical-MPC
2.080000000000001,38,0,2.1687,0.4997,120.0,1.0,follower,RL-PPO
2.080000000000001,39,0,1.4569,0.0788,120.0,1.0,follower,DL-Transformer (coord)
2.080000000000001,40,0,1.6251,0.0814,120.0,1.0,follower,Classical-MPC
2.080000000000001,41,0,1.7917,0.0788,120.0,1.0,follower,DL-Transformer (coord)
2.080000000000001,42,0,2.0029,0.0791,120.0,1.0,follower,RL-PPO
2.080000000000001,43,0,2.1691000000000003,0.0804,120.0,1.0,follower,RL-PPO
2.080000000000001,44,0,1.3309,0.1757,120.0,1.0,follower,RL-SAC
2.080000000000001,45,0,1.3311,0.3076,120.0,1.0,follower,Classical-MPC
2.080000000000001,46,0,1.3296999999999999,0.4342,120.0,1.0,follower,RL-PPO
2.080000000000001,47,0,1.3292,0.5295,120.0,1.0,follower,RL-PPO
2.080000000000001,48,0,1.3308,0.6503,120.0,1.0,safety-sentry,DL-CNN (vision)
2.080000000000001,49,0,1.3311,0.769,120.0,1.0,follower,RL-PPO
2.080000000000001,50,0,1.3285,0.9199,120.0,1.0,follower,RL-PPO
2.080000000000001,51,2,2.5813,0.9187,120.0,1.0,follower,RL-PPO
2.080000000000001,52,2,2.7315,0.9204,120.0,1.0,follower,DL-Transformer (coord)
2.080000000000001,53,2,2.8866,0.921,120.0,1.0,follower,IL-BC (behavior cloning)
2.080000000000001,54,2,3.0369,0.92,120.0,1.0,follower,DL-CNN (vision)
2.080000000000001,55,2,3.1921,0.9208,120.0,1.0,follower,RL-PPO
2.080000000000001,56,2,3.3447,0.9201,120.0,1.0,leader,DL-CNN (vision)
2.080000000000001,57,2,3.4213,0.5266,120.0,1.0,follower,DL-Transformer (coord)
2.080000000000001,58,2,3.42,0.6404,120.0,1.0,follower,Classical-MPC
2.080000000000001,59,2,3.4208,0.7786,120.0,1.0,follower,Classical-MPC
2.080000000000001,60,2,3.4189,0.8922,120.0,1.0,follower,RL-SAC
2.080000000000001,61,2,2.6551,0.4989,120.0,1.0,safety-sentry,RL-PPO
2.080000000000001,62,2,2.8079,0.4986,120.0,1.0,follower,Classical-MPC
2.080000000000001,63,2,2.9626,0.4986,120.0,1.0,leader,Classical-MPC
2.080000000000001,64,2,3.1135,0.5002,120.0,1.0,follower,DL-CNN (vision)
2.080000000000001,65,2,3.2664,0.5005,120.0,1.0,follower,IL-BC (behavior cloning)
2.080000000000001,66,2,3.4187,0.4996,120.0,1.0,follower,Classical-MPC
2.080000000000001,67,2,2.5788,0.2004,120.0,1.0,safety-sentry,DL-Transformer (coord)
2.080000000000001,68,2,2.5811,0.321,120.0,1.0,safety-sentry,Classical-MPC
2.080000000000001,69,2,2.5787,0.44,120.0,1.0,edge-relay,RL-PPO
2.080000000000001,70,2,2.6195,0.0786,120.0,1.0,follower,RL-SAC
2.080000000000001,71,2,2.7709,0.0804,120.0,1.0,edge-relay,RL-SAC
2.080000000000001,72,2,2.923,0.0813,120.0,1.0,follower,RL-PPO
2.080000000000001,73,2,3.0778,0.0807,120.0,1.0,follower,Classical-MPC
2.080000000000001,74,2,3.2304,0.0802,120.0,1.0,follower,RL-PPO
2.080000000000001,75,2,3.4187,0.0796,120.0,1.0,follower,DL-Transformer (coord)
2.080000000000001,76,5,3.8315,0.9211,120.0,1.0,follower,RL-PPO
2.080000000000001,77,5,3.9841,0.9189,120.0,1.0,follower,DL-CNN (vision)
2.080000000000001,78,5,4.1362,0.9189,120.0,1.0,follower,DL-CNN (vision)
2.080000000000001,79,5,4.2891,0.9195,120.0,1.0,follower,RL-SAC
2.080000000000001,80,5,4.4395,0.9193,120.0,1.0,follower,DL-Transformer (coord)
2.080000000000001,81,5,4.5938,0.9207,120.0,1.0,follower,DL-Transformer (coord)
2.080000000000001,82,5,3.8292,0.5294,120.0,1.0,follower,DL-CNN (vision)
2.080000000000001,83,5,3.8301,0.6396,120.0,1.0,follower,IL-BC (behavior cloning)
2.080000000000001,84,5,3.8307,0.7799,120.0,1.0,follower,RL-PPO
2.080000000000001,85,5,3.8297,0.8923,120.0,1.0,edge-relay,RL-SAC
2.080000000000001,86,5,3.9061,0.5013,120.0,1.0,follower,DL-CNN (vision)
2.080000000000001,87,5,4.0602,0.4987,120.0,1.0,follower,DL-CNN (vision)
2.080000000000001,88,5,4.2125,0.4999,120.0,1.0,follower,RL-SAC
2.080000000000001,89,5,4.3643,0.5003,120.0,1.0,edge-relay,Classical-MPC
2.080000000000001,90,5,4.5163,0.5008,120.0,1.0,follower,Classical-MPC
2.080000000000001,91,5,4.6686,0.4999,120.0,1.0,edge-relay,RL-PPO
2.080000000000001,92,5,4.6714,0.1989,120.0,1.0,safety-sentry,DL-CNN (vision)
2.080000000000001,93,5,4.6708,0.3189,120.0,1.0,leader,RL-SAC
2.080000000000001,94,5,4.6709,0.4395,120.0,1.0,edge-relay,DL-CNN (vision)
2.080000000000001,95,5,3.8673,0.0814,120.0,1.0,follower,RL-SAC
2.080000000000001,96,5,4.021,0.0796,120.0,1.0,follower,DL-Transformer (coord)
2.080000000000001,97,5,4.1739,0.0797,120.0,1.0,edge-relay,Classical-MPC
2.080000000000001,98,5,4.327,0.0805,120.0,1.0,follower,DL-CNN (vision)
2.080000000000001,99,5,4.4793,0.079,120.0,1.0,follower,DL-Transformer (coord)
2.080000000000001,100,5,4.6686,0.0799,120.0,1.0,follower,DL-Transformer (coord)
2.120000000000001,1,2,0.0813,0.9187,120.0,1.0,leader,RL-PPO
2.120000000000001,2,2,0.2315,0.9204,120.0,1.0,follower,DL-CNN (vision)
2.120000000000001,3,2,0.3866,0.921,120.0,1.0,follower,Classical-MPC
2.120000000000001,4,2,0.5369,0.92,120.0,1.0,follower,DL-CNN (vision)
2.120000000000001,5,2,0.6921,0.9208,120.0,1.0,safety-sentry,DL-Transformer (coord)
2.120000000000001,6,2,0.8447,0.9201,120.0,1.0,follower,IL-BC (behavior cloning)
2.120000000000001,7,2,0.9213,0.5266,120.0,1.0,follower,Classical-MPC
2.120000000000001,8,2,0.92,0.6404,120.0,1.0,leader,IL-BC (behavior cloning)
2.120000000000001,9,2,0.9208,0.7786,120.0,1.0,follower,RL-PPO
2.120000000000001,10,2,0.9189,0.8922,120.0,1.0,follower,DL-CNN (vision)
2.120000000000001,11,2,0.1551,0.4989,120.0,1.0,follower,DL-CNN (vision)
2.120000000000001,12,2,0.3079,0.4986,120.0,1.0,edge-relay,RL-PPO
2.120000000000001,13,2,0.4626,0.4986,120.0,1.0,follower,DL-Transformer (coord)
2.120000000000001,14,2,0.6135,0.5002,120.0,1.0,leader,DL-Transformer (coord)
2.120000000000001,15,2,0.7664,0.5005,120.0,1.0,follower,Classical-MPC
2.120000000000001,16,2,0.9187,0.4996,120.0,1.0,safety-sentry,Classical-MPC
2.120000000000001,17,2,0.0788,0.2004,120.0,1.0,follower,RL-PPO
2.120000000000001,18,2,0.0811,0.321,120.0,1.0,follower,RL-SAC
2.120000000000001,19,2,0.0787,0.44,120.0,1.0,safety-sentry,DL-Transformer (coord)
2.120000000000001,20,2,0.1195,0.0786,120.0,1.0,leader,RL-PPO
2.120000000000001,21,2,0.2709,0.0804,120.0,1.0,follower,RL-SAC
2.120000000000001,22,2,0.423,0.0813,120.0,1.0,safety-sentry,DL-Transformer (coord)
2.120000000000001,23,2,0.5778,0.0807,120.0,1.0,follower,RL-PPO
2.120000000000001,24,2,0.7304,0.0802,120.0,1.0,follower,IL-BC (behavior cloning)
2.120000000000001,25,2,0.9187,0.0796,120.0,1.0,safety-sentry,Classical-MPC
2.120000000000001,26,0,1.3309,0.9202,120.0,1.0,follower,RL-PPO
2.120000000000001,27,0,1.4976,0.9209,120.0,1.0,follower,DL-Transformer (coord)
2.120000000000001,28,0,1.6666,0.919,120.0,1.0,follower,IL-BC (behavior cloning)
2.120000000000001,29,0,1.8331,0.9208,120.0,1.0,follower,Classical-MPC
2.120000000000001,30,0,2.0029,0.9191,120.0,1.0,follower,RL-SAC
2.120000000000001,31,0,2.1691000000000003,0.9204,120.0,1.0,follower,RL-PPO
2.120000000000001,32,0,2.1709,0.5888,120.0,1.0,follower,Classical-MPC
2.120000000000001,33,0,2.1711,0.7114,120.0,1.0,follower,Classical-MPC
2.120000000000001,34,0,2.1691000000000003,0.8608,120.0,1.0,follower,RL-SAC
2.120000000000001,35,0,2.1692,0.1118,120.0,1.0,follower,DL-CNN (vision)
2.120000000000001,36,0,2.1708,0.2419,120.0,1.0,edge-relay,IL-BC (behavior cloning)
2.120000000000001,37,0,2.1711,0.3698,120.0,1.0,follower,Classical-MPC
2.120000000000001,38,0,2.1687,0.4997,120.0,1.0,follower,RL-PPO
2.120000000000001,39,0,1.4569,0.0788,120.0,1.0,follower,DL-Transformer (coord)
2.120000000000001,40,0,1.6251,0.0814,120.0,1.0,follower,Classical-MPC
2.120000000000001,41,0,1.7917,0.0788,120.0,1.0,follower,DL-Transformer (coord)
2.120000000000001,42,0,2.0029,0.0791,120.0,1.0,follower,RL-PPO
2.120000000000001,43,0,2.1691000000000003,0.0804,120.0,1.0,follower,RL-PPO
2.120000000000001,44,0,1.3309,0.1757,120.0,1.0,follower,RL-SAC
2.120000000000001,45,0,1.3311,0.3076,120.0,1.0,follower,Classical-MPC
2.120000000000001,46,0,1.3296999999999999,0.4342,120.0,1.0,follower,RL-PPO
2.120000000000001,47,0,1.3292,0.5295,120.0,1.0,follower,RL-PPO
2.120000000000001,48,0,1.3308,0.6503,120.0,1.0,safety-sentry,DL-CNN (vision)
2.120000000000001,49,0,1.3311,0.769,120.0,1.0,follower,RL-PPO
2.120000000000001,50,0,1.3285,0.9199,120.0,1.0,follower,RL-PPO
2.120000000000001,51,2,2.5813,0.9187,120.0,1.0,follower,RL-PPO
2.120000000000001,52,2,2.7315,0.9204,120.0,1.0,follower,DL-Transformer (coord)
2.120000000000001,53,2,2.8866,0.921,120.0,1.0,follower,IL-BC (behavior cloning)
2.120000000000001,54,2,3.0369,0.92,120.0,1.0,follower,DL-CNN (vision)
2.120000000000001,55,2,3.1921,0.9208,120.0,1.0,follower,RL-PPO
2.120000000000001,56,2,3.3447,0.9201,120.0,1.0,leader,DL-CNN (vision)
2.120000000000001,57,2,3.4213,0.5266,120.0,1.0,follower,DL-Transformer (coord)
2.120000000000001,58,2,3.42,0.6404,120.0,1.0,follower,Classical-MPC
2.120000000000001,59,2,3.4208,0.7786,120.0,1.0,follower,Classical-MPC
2.120000000000001,60,2,3.4189,0.8922,120.0,1.0,follower,RL-SAC
2.120000000000001,61,2,2.6551,0.4989,120.0,1.0,safety-sentry,RL-PPO
2.120000000000001,62,2,2.8079,0.4986,120.0,1.0,follower,Classical-MPC
2.120000000000001,63,2,2.9626,0.4986,120.0,1.0,leader,Classical-MPC
2.120000000000001,64,2,3.1135,0.5002,120.0,1.0,follower,DL-CNN (vision)
2.120000000000001,65,2,3.2664,0.5005,120.0,1.0,follower,IL-BC (behavior cloning)
2.120000000000001,66,2,3.4187,0.4996,120.0,1.0,follower,Classical-MPC
2.120000000000001,67,2,2.5788,0.2004,120.0,1.0,safety-sentry,DL-Transformer (coord)
2.120000000000001,68,2,2.5811,0.321,120.0,1.0,safety-sentry,Classical-MPC
2.120000000000001,69,2,2.5787,0.44,120.0,1.0,edge-relay,RL-PPO
2.120000000000001,70,2,2.6195,0.0786,120.0,1.0,follower,RL-SAC
2.120000000000001,71,2,2.7709,0.0804,120.0,1.0,edge-relay,RL-SAC
2.120000000000001,72,2,2.923,0.0813,120.0,1.0,follower,RL-PPO
2.120000000000001,73,2,3.0778,0.0807,120.0,1.0,follower,Classical-MPC
2.120000000000001,74,2,3.2304,0.0802,120.0,1.0,follower,RL-PPO
2.120000000000001,75,2,3.4187,0.0796,120.0,1.0,follower,DL-Transformer (coord)
2.120000000000001,76,5,3.8315,0.9211,120.0,1.0,follower,RL-PPO
2.120000000000001,77,5,3.9841,0.9189,120.0,1.0,follower,DL-CNN (vision)
2.120000000000001,78,5,4.1362,0.9189,120.0,1.0,follower,DL-CNN (vision)
2.120000000000001,79,5,4.2891,0.9195,120.0,1.0,follower,RL-SAC
2.120000000000001,80,5,4.4395,0.9193,120.0,1.0,follower,DL-Transformer (coord)
2.120000000000001,81,5,4.5938,0.9207,120.0,1.0,follower,DL-Transformer (coord)
2.120000000000001,82,5,3.8292,0.5294,120.0,1.0,follower,DL-CNN (vision)
2.120000000000001,83,5,3.8301,0.6396,120.0,1.0,follower,IL-BC (behavior cloning)
2.120000000000001,84,5,3.8307,0.7799,120.0,1.0,follower,RL-PPO
2.120000000000001,85,5,3.8297,0.8923,120.0,1.0,edge-relay,RL-SAC
2.120000000000001,86,5,3.9061,0.5013,120.0,1.0,follower,DL-CNN (vision)
2.120000000000001,87,5,4.0602,0.4987,120.0,1.0,follower,DL-CNN (vision)
2.120000000000001,88,5,4.2125,0.4999,120.0,1.0,follower,RL-SAC
2.120000000000001,89,5,4.3643,0.5003,120.0,1.0,edge-relay,Classical-MPC
2.120000000000001,90,5,4.5163,0.5008,120.0,1.0,follower,Classical-MPC
2.120000000000001,91,5,4.6686,0.4999,120.0,1.0,edge-relay,RL-PPO
2.120000000000001,92,5,4.6714,0.1989,120.0,1.0,safety-sentry,DL-CNN (vision)
2.120000000000001,93,5,4.6708,0.3189,120.0,1.0,leader,RL-SAC
2.120000000000001,94,5,4.6709,0.4395,120.0,1.0,edge-relay,DL-CNN (vision)
2.120000000000001,95,5,3.8673,0.0814,120.0,1.0,follower,RL-SAC
2.120000000000001,96,5,4.021,0.0796,120.0,1.0,follower,DL-Transformer (coord)
2.120000000000001,97,5,4.1739,0.0797,120.0,1.0,edge-relay,Classical-MPC
2.120000000000001,98,5,4.327,0.0805,120.0,1.0,follower,DL-CNN (vision)
2.120000000000001,99,5,4.4793,0.079,120.0,1.0,follower,DL-Transformer (coord)
2.120000000000001,100,5,4.6686,0.0799,120.0,1.0,follower,DL-Transformer (coord)
2.160000000000001,1,2,0.0813,0.9187,120.0,1.0,leader,RL-PPO
2.160000000000001,2,2,0.2315,0.9204,120.0,1.0,follower,DL-CNN (vision)
2.160000000000001,3,2,0.3866,0.921,120.0,1.0,follower,Classical-MPC
2.160000000000001,4,2,0.5369,0.92,120.0,1.0,follower,DL-CNN (vision)
2.160000000000001,5,2,0.6921,0.9208,120.0,1.0,safety-sentry,DL-Transformer (coord)
2.160000000000001,6,2,0.8447,0.9201,120.0,1.0,follower,IL-BC (behavior cloning)
2.160000000000001,7,2,0.9213,0.5266,120.0,1.0,follower,Classical-MPC
2.160000000000001,8,2,0.92,0.6404,120.0,1.0,leader,IL-BC (behavior cloning)
2.160000000000001,9,2,0.9208,0.7786,120.0,1.0,follower,RL-PPO
2.160000000000001,10,2,0.9189,0.8922,120.0,1.0,follower,DL-CNN (vision)
2.160000000000001,11,2,0.1551,0.4989,120.0,1.0,follower,DL-CNN (vision)
2.160000000000001,12,2,0.3079,0.4986,120.0,1.0,edge-relay,RL-PPO
2.160000000000001,13,2,0.4626,0.4986,120.0,1.0,follower,DL-Transformer (coord)
2.160000000000001,14,2,0.6135,0.5002,120.0,1.0,leader,DL-Transformer (coord)
2.160000000000001,15,2,0.7664,0.5005,120.0,1.0,follower,Classical-MPC
2.160000000000001,16,2,0.9187,0.4996,120.0,1.0,safety-sentry,Classical-MPC
2.160000000000001,17,2,0.0788,0.2004,120.0,1.0,follower,RL-PPO
2.160000000000001,18,2,0.0811,0.321,120.0,1.0,follower,RL-SAC
2.160000000000001,19,2,0.0787,0.44,120.0,1.0,safety-sentry,DL-Transformer (coord)
2.160000000000001,20,2,0.1195,0.0786,120.0,1.0,leader,RL-PPO
2.160000000000001,21,2,0.2709,0.0804,120.0,1.0,follower,RL-SAC
2.160000000000001,22,2,0.423,0.0813,120.0,1.0,safety-sentry,DL-Transformer (coord)
2.160000000000001,23,2,0.5778,0.0807,120.0,1.0,follower,RL-PPO
2.160000000000001,24,2,0.7304,0.0802,120.0,1.0,follower,IL-BC (behavior cloning)
2.160000000000001,25,2,0.9187,0.0796,120.0,1.0,safety-sentry,Classical-MPC
2.160000000000001,26,0,1.3309,0.9202,120.0,1.0,follower,RL-PPO
2.160000000000001,27,0,1.4976,0.9209,120.0,1.0,follower,DL-Transformer (coord)
2.160000000000001,28,0,1.6666,0.919,120.0,1.0,follower,IL-BC (behavior cloning)
2.160000000000001,29,0,1.8331,0.9208,120.0,1.0,follower,Classical-MPC
2.160000000000001,30,0,2.0029,0.9191,120.0,1.0,follower,RL-SAC
2.160000000000001,31,0,2.1691000000000003,0.9204,120.0,1.0,follower,RL-PPO
2.160000000000001,32,0,2.1709,0.5888,120.0,1.0,follower,Classical-MPC
2.160000000000001,33,0,2.1711,0.7114,120.0,1.0,follower,Classical-MPC
2.160000000000001,34,0,2.1691000000000003,0.8608,120.0,1.0,follower,RL-SAC
2.160000000000001,35,0,2.1692,0.1118,120.0,1.0,follower,DL-CNN (vision)
2.160000000000001,36,0,2.1708,0.2419,120.0,1.0,edge-relay,IL-BC (behavior cloning)
2.160000000000001,37,0,2.1711,0.3698,120.0,1.0,follower,Classical-MPC
2.160000000000001,38,0,2.1687,0.4997,120.0,1.0,follower,RL-PPO
2.160000000000001,39,0,1.4569,0.0788,120.0,1.0,follower,DL-Transformer (coord)
2.160000000000001,40,0,1.6251,0.0814,120.0,1.0,follower,Classical-MPC
2.160000000000001,41,0,1.7917,0.0788,120.0,1.0,follower,DL-Transformer (coord)
2.160000000000001,42,0,2.0029,0.0791,120.0,1.0,follower,RL-PPO
2.160000000000001,43,0,2.1691000000000003,0.0804,120.0,1.0,follower,RL-PPO
2.160000000000001,44,0,1.3309,0.1757,120.0,1.0,follower,RL-SAC
2.160000000000001,45,0,1.3311,0.3076,120.0,1.0,follower,Classical-MPC
2.160000000000001,46,0,1.3296999999999999,0.4342,120.0,1.0,follower,RL-PPO
2.160000000000001,47,0,1.3292,0.5295,120.0,1.0,follower,RL-PPO
2.160000000000001,48,0,1.3308,0.6503,120.0,1.0,safety-sentry,DL-CNN (vision)
2.160000000000001,49,0,1.3311,0.769,120.0,1.0,follower,RL-PPO
2.160000000000001,50,0,1.3285,0.9199,120.0,1.0,follower,RL-PPO
2.160000000000001,51,2,2.5813,0.9187,120.0,1.0,follower,RL-PPO
2.160000000000001,52,2,2.7315,0.9204,120.0,1.0,follower,DL-Transformer (coord)
2.160000000000001,53,2,2.8866,0.921,120.0,1.0,follower,IL-BC (behavior cloning)
2.160000000000001,54,2,3.0369,0.92,120.0,1.0,follower,DL-CNN (vision)
2.160000000000001,55,2,3.1921,0.9208,120.0,1.0,follower,RL-PPO
2.160000000000001,56,2,3.3447,0.9201,120.0,1.0,leader,DL-CNN (vision)
2.160000000000001,57,2,3.4213,0.5266,120.0,1.0,follower,DL-Transformer (coord)
2.160000000000001,58,2,3.42,0.6404,120.0,1.0,follower,Classical-MPC
2.160000000000001,59,2,3.4208,0.7786,120.0,1.0,follower,Classical-MPC
2.160000000000001,60,2,3.4189,0.8922,120.0,1.0,follower,RL-SAC
2.160000000000001,61,2,2.6551,0.4989,120.0,1.0,safety-sentry,RL-PPO
2.160000000000001,62,2,2.8079,0.4986,120.0,1.0,follower,Classical-MPC
2.160000000000001,63,2,2.9626,0.4986,120.0,1.0,leader,Classical-MPC
2.160000000000001,64,2,3.1135,0.5002,120.0,1.0,follower,DL-CNN (vision)
2.160000000000001,65,2,3.2664,0.5005,120.0,1.0,follower,IL-BC (behavior cloning)
2.160000000000001,66,2,3.4187,0.4996,120.0,1.0,follower,Classical-MPC
2.160000000000001,67,2,2.5788,0.2004,120.0,1.0,safety-sentry,DL-Transformer (coord)
2.160000000000001,68,2,2.5811,0.321,120.0,1.0,safety-sentry,Classical-MPC
2.160000000000001,69,2,2.5787,0.44,120.0,1.0,edge-relay,RL-PPO
2.160000000000001,70,2,2.6195,0.0786,120.0,1.0,follower,RL-SAC
2.160000000000001,71,2,2.7709,0.0804,120.0,1.0,edge-relay,RL-SAC
2.160000000000001,72,2,2.923,0.0813,120.0,1.0,follower,RL-PPO
2.160000000000001,73,2,3.0778,0.0807,120.0,1.0,follower,Classical-MPC
2.160000000000001,74,2,3.2304,0.0802,120.0,1.0,follower,RL-PPO
2.160000000000001,75,2,3.4187,0.0796,120.0,1.0,follower,DL-Transformer (coord)
2.160000000000001,76,5,3.8315,0.9211,120.0,1.0,follower,RL-PPO
2.160000000000001,77,5,3.9841,0.9189,120.0,1.0,follower,DL-CNN (vision)
2.160000000000001,78,5,4.1362,0.9189,120.0,1.0,follower,DL-CNN (vision)
2.160000000000001,79,5,4.2891,0.9195,120.0,1.0,follower,RL-SAC
2.160000000000001,80,5,4.4395,0.9193,120.0,1.0,follower,DL-Transformer (coord)
2.160000000000001,81,5,4.5938,0.9207,120.0,1.0,follower,DL-Transformer (coord)
2.160000000000001,82,5,3.8292,0.5294,120.0,1.0,follower,DL-CNN (vision)
2.160000000000001,83,5,3.8301,0.6396,120.0,1.0,follower,IL-BC (behavior cloning)
2.160000000000001,84,5,3.8307,0.7799,120.0,1.0,follower,RL-PPO
2.160000000000001,85,5,3.8297,0.8923,120.0,1.0,edge-relay,RL-SAC
2.160000000000001,86,5,3.9061,0.5013,120.0,1.0,follower,DL-CNN (vision)
2.160000000000001,87,5,4.0602,0.4987,120.0,1.0,follower,DL-CNN (vision)
2.160000000000001,88,5,4.2125,0.4999,120.0,1.0,follower,RL-SAC
2.160000000000001,89,5,4.3643,0.5003,120.0,1.0,edge-relay,Classical-MPC
2.160000000000001,90,5,4.5163,0.5008,120.0,1.0,follower,Classical-MPC
2.160000000000001,91,5,4.6686,0.4999,120.0,1.0,edge-relay,RL-PPO
2.160000000000001,92,5,4.6714,0.1989,120.0,1.0,safety-sentry,DL-CNN (vision)
2.160000000000001,93,5,4.6708,0.3189,120.0,1.0,leader,RL-SAC
2.160000000000001,94,5,4.6709,0.4395,120.0,1.0,edge-relay,DL-CNN (vision)
2.160000000000001,95,5,3.8673,0.0814,120.0,1.0,follower,RL-SAC
2.160000000000001,96,5,4.021,0.0796,120.0,1.0,follower,DL-Transformer (coord)
2.160000000000001,97,5,4.1739,0.0797,120.0,1.0,edge-relay,Classical-MPC
2.160000000000001,98,5,4.327,0.0805,120.0,1.0,follower,DL-CNN (vision)
2.160000000000001,99,5,4.4793,0.079,120.0,1.0,follower,DL-Transformer (coord)
2.160000000000001,100,5,4.6686,0.0799,120.0,1.0,follower,DL-Transformer (coord)
2.200000000000001,1,2,0.0813,0.9187,120.0,1.0,leader,RL-PPO
2.200000000000001,2,2,0.2315,0.9204,120.0,1.0,follower,DL-CNN (vision)
2.200000000000001,3,2,0.3866,0.921,120.0,1.0,follower,Classical-MPC
2.200000000000001,4,2,0.5369,0.92,120.0,1.0,follower,DL-CNN (vision)
2.200000000000001,5,2,0.6921,0.9208,120.0,1.0,safety-sentry,DL-Transformer (coord)
2.200000000000001,6,2,0.8447,0.9201,120.0,1.0,follower,IL-BC (behavior cloning)
2.200000000000001,7,2,0.9213,0.5266,120.0,1.0,follower,Classical-MPC
2.200000000000001,8,2,0.92,0.6404,120.0,1.0,leader,IL-BC (behavior cloning)
2.200000000000001,9,2,0.9208,0.7786,120.0,1.0,follower,RL-PPO
2.200000000000001,10,2,0.9189,0.8922,120.0,1.0,follower,DL-CNN (vision)
2.200000000000001,11,2,0.1551,0.4989,120.0,1.0,follower,DL-CNN (vision)
2.200000000000001,12,2,0.3079,0.4986,120.0,1.0,edge-relay,RL-PPO
2.200000000000001,13,2,0.4626,0.4986,120.0,1.0,follower,DL-Transformer (coord)
2.200000000000001,14,2,0.6135,0.5002,120.0,1.0,leader,DL-Transformer (coord)
2.200000000000001,15,2,0.7664,0.5005,120.0,1.0,follower,Classical-MPC
2.200000000000001,16,2,0.9187,0.4996,120.0,1.0,safety-sentry,Classical-MPC
2.200000000000001,17,2,0.0788,0.2004,120.0,1.0,follower,RL-PPO
2.200000000000001,18,2,0.0811,0.321,120.0,1.0,follower,RL-SAC
2.200000000000001,19,2,0.0787,0.44,120.0,1.0,safety-sentry,DL-Transformer (coord)
2.200000000000001,20,2,0.1195,0.0786,120.0,1.0,leader,RL-PPO
2.200000000000001,21,2,0.2709,0.0804,120.0,1.0,follower,RL-SAC
2.200000000000001,22,2,0.423,0.0813,120.0,1.0,safety-sentry,DL-Transformer (coord)
2.200000000000001,23,2,0.5778,0.0807,120.0,1.0,follower,RL-PPO
2.200000000000001,24,2,0.7304,0.0802,120.0,1.0,follower,IL-BC (behavior cloning)
2.200000000000001,25,2,0.9187,0.0796,120.0,1.0,safety-sentry,Classical-MPC
2.200000000000001,26,0,1.3309,0.9202,120.0,1.0,follower,RL-PPO
2.200000000000001,27,0,1.4976,0.9209,120.0,1.0,follower,DL-Transformer (coord)
2.200000000000001,28,0,1.6666,0.919,120.0,1.0,follower,IL-BC (behavior cloning)
2.200000000000001,29,0,1.8331,0.9208,120.0,1.0,follower,Classical-MPC
2.200000000000001,30,0,2.0029,0.9191,120.0,1.0,follower,RL-SAC
2.200000000000001,31,0,2.1691000000000003,0.9204,120.0,1.0,follower,RL-PPO
2.200000000000001,32,0,2.1709,0.5888,120.0,1.0,follower,Classical-MPC
2.200000000000001,33,0,2.1711,0.7114,120.0,1.0,follower,Classical-MPC
2.200000000000001,34,0,2.1691000000000003,0.8608,120.0,1.0,follower,RL-SAC
2.200000000000001,35,0,2.1692,0.1118,120.0,1.0,follower,DL-CNN (vision)
2.200000000000001,36,0,2.1708,0.2419,120.0,1.0,edge-relay,IL-BC (behavior cloning)
2.200000000000001,37,0,2.1711,0.3698,120.0,1.0,follower,Classical-MPC
2.200000000000001,38,0,2.1687,0.4997,120.0,1.0,follower,RL-PPO
2.200000000000001,39,0,1.4569,0.0788,120.0,1.0,follower,DL-Transformer (coord)
2.200000000000001,40,0,1.6251,0.0814,120.0,1.0,follower,Classical-MPC
2.200000000000001,41,0,1.7917,0.0788,120.0,1.0,follower,DL-Transformer (coord)
2.200000000000001,42,0,2.0029,0.0791,120.0,1.0,follower,RL-PPO
2.200000000000001,43,0,2.1691000000000003,0.0804,120.0,1.0,follower,RL-PPO
2.200000000000001,44,0,1.3309,0.1757,120.0,1.0,follower,RL-SAC
2.200000000000001,45,0,1.3311,0.3076,120.0,1.0,follower,Classical-MPC
2.200000000000001,46,0,1.3296999999999999,0.4342,120.0,1.0,follower,RL-PPO
2.200000000000001,47,0,1.3292,0.5295,120.0,1.0,follower,RL-PPO
2.200000000000001,48,0,1.3308,0.6503,120.0,1.0,safety-sentry,DL-CNN (vision)
2.200000000000001,49,0,1.3311,0.769,120.0,1.0,follower,RL-PPO
2.200000000000001,50,0,1.3285,0.9199,120.0,1.0,follower,RL-PPO
2.200000000000001,51,2,2.5813,0.9187,120.0,1.0,follower,RL-PPO
2.200000000000001,52,2,2.7315,0.9204,120.0,1.0,follower,DL-Transformer (coord)
2.200000000000001,53,2,2.8866,0.921,120.0,1.0,follower,IL-BC (behavior cloning)
2.200000000000001,54,2,3.0369,0.92,120.0,1.0,follower,DL-CNN (vision)
2.200000000000001,55,2,3.1921,0.9208,120.0,1.0,follower,RL-PPO
2.200000000000001,56,2,3.3447,0.9201,120.0,1.0,leader,DL-CNN (vision)
2.200000000000001,57,2,3.4213,0.5266,120.0,1.0,follower,DL-Transformer (coord)
2.200000000000001,58,2,3.42,0.6404,120.0,1.0,follower,Classical-MPC
2.200000000000001,59,2,3.4208,0.7786,120.0,1.0,follower,Classical-MPC
2.200000000000001,60,2,3.4189,0.8922,120.0,1.0,follower,RL-SAC
2.200000000000001,61,2,2.6551,0.4989,120.0,1.0,safety-sentry,RL-PPO
2.200000000000001,62,2,2.8079,0.4986,120.0,1.0,follower,Classical-MPC
2.200000000000001,63,2,2.9626,0.4986,120.0,1.0,leader,Classical-MPC
2.200000000000001,64,2,3.1135,0.5002,120.0,1.0,follower,DL-CNN (vision)
2.200000000000001,65,2,3.2664,0.5005,120.0,1.0,follower,IL-BC (behavior cloning)
2.200000000000001,66,2,3.4187,0.4996,120.0,1.0,follower,Classical-MPC
2.200000000000001,67,2,2.5788,0.2004,120.0,1.0,safety-sentry,DL-Transformer (coord)
2.200000000000001,68,2,2.5811,0.321,120.0,1.0,safety-sentry,Classical-MPC
2.200000000000001,69,2,2.5787,0.44,120.0,1.0,edge-relay,RL-PPO
2.200000000000001,70,2,2.6195,0.0786,120.0,1.0,follower,RL-SAC
2.200000000000001,71,2,2.7709,0.0804,120.0,1.0,edge-relay,RL-SAC
2.200000000000001,72,2,2.923,0.0813,120.0,1.0,follower,RL-PPO
2.200000000000001,73,2,3.0778,0.0807,120.0,1.0,follower,Classical-MPC
2.200000000000001,74,2,3.2304,0.0802,120.0,1.0,follower,RL-PPO
2.200000000000001,75,2,3.4187,0.0796,120.0,1.0,follower,DL-Transformer (coord)
2.200000000000001,76,5,3.8315,0.9211,120.0,1.0,follower,RL-PPO
2.200000000000001,77,5,3.9841,0.9189,120.0,1.0,follower,DL-CNN (vision)
2.200000000000001,78,5,4.1362,0.9189,120.0,1.0,follower,DL-CNN (vision)
2.200000000000001,79,5,4.2891,0.9195,120.0,1.0,follower,RL-SAC
2.200000000000001,80,5,4.4395,0.9193,120.0,1.0,follower,DL-Transformer (coord)
2.200000000000001,81,5,4.5938,0.9207,120.0,1.0,follower,DL-Transformer (coord)
2.200000000000001,82,5,3.8292,0.5294,120.0,1.0,follower,DL-CNN (vision)
2.200000000000001,83,5,3.8301,0.6396,120.0,1.0,follower,IL-BC (behavior cloning)
2.200000000000001,84,5,3.8307,0.7799,120.0,1.0,follower,RL-PPO
2.200000000000001,85,5,3.8297,0.8923,120.0,1.0,edge-relay,RL-SAC
2.200000000000001,86,5,3.9061,0.5013,120.0,1.0,follower,DL-CNN (vision)
2.200000000000001,87,5,4.0602,0.4987,120.0,1.0,follower,DL-CNN (vision)
2.200000000000001,88,5,4.2125,0.4999,120.0,1.0,follower,RL-SAC
2.200000000000001,89,5,4.3643,0.5003,120.0,1.0,edge-relay,Classical-MPC
2.200000000000001,90,5,4.5163,0.5008,120.0,1.0,follower,Classical-MPC
2.200000000000001,91,5,4.6686,0.4999,120.0,1.0,edge-relay,RL-PPO
2.200000000000001,92,5,4.6714,0.1989,120.0,1.0,safety-sentry,DL-CNN (vision)
2.200000000000001,93,5,4.6708,0.3189,120.0,1.0,leader,RL-SAC
2.200000000000001,94,5,4.6709,0.4395,120.0,1.0,edge-relay,DL-CNN (vision)
2.200000000000001,95,5,3.8673,0.0814,120.0,1.0,follower,RL-SAC
2.200000000000001,96,5,4.021,0.0796,120.0,1.0,follower,DL-Transformer (coord)
2.200000000000001,97,5,4.1739,0.0797,120.0,1.0,edge-relay,Classical-MPC
2.200000000000001,98,5,4.327,0.0805,120.0,1.0,follower,DL-CNN (vision)
2.200000000000001,99,5,4.4793,0.079,120.0,1.0,follower,DL-Transformer (coord)
2.200000000000001,100,5,4.6686,0.0799,120.0,1.0,follower,DL-Transformer (coord)
2.240000000000001,1,2,0.0813,0.9187,120.0,1.0,leader,RL-PPO
2.240000000000001,2,2,0.2315,0.9204,120.0,1.0,follower,DL-CNN (vision)
2.240000000000001,3,2,0.3866,0.921,120.0,1.0,follower,Classical-MPC
2.240000000000001,4,2,0.5369,0.92,120.0,1.0,follower,DL-CNN (vision)
2.240000000000001,5,2,0.6921,0.9208,120.0,1.0,safety-sentry,DL-Transformer (coord)
2.240000000000001,6,2,0.8447,0.9201,120.0,1.0,follower,IL-BC (behavior cloning)
2.240000000000001,7,2,0.9213,0.5266,120.0,1.0,follower,Classical-MPC
2.240000000000001,8,2,0.92,0.6404,120.0,1.0,leader,IL-BC (behavior cloning)
2.240000000000001,9,2,0.9208,0.7786,120.0,1.0,follower,RL-PPO
2.240000000000001,10,2,0.9189,0.8922,120.0,1.0,follower,DL-CNN (vision)
2.240000000000001,11,2,0.1551,0.4989,120.0,1.0,follower,DL-CNN (vision)
2.240000000000001,12,2,0.3079,0.4986,120.0,1.0,edge-relay,RL-PPO
2.240000000000001,13,2,0.4626,0.4986,120.0,1.0,follower,DL-Transformer (coord)
2.240000000000001,14,2,0.6135,0.5002,120.0,1.0,leader,DL-Transformer (coord)
2.240000000000001,15,2,0.7664,0.5005,120.0,1.0,follower,Classical-MPC
2.240000000000001,16,2,0.9187,0.4996,120.0,1.0,safety-sentry,Classical-MPC
2.240000000000001,17,2,0.0788,0.2004,120.0,1.0,follower,RL-PPO
2.240000000000001,18,2,0.0811,0.321,120.0,1.0,follower,RL-SAC
2.240000000000001,19,2,0.0787,0.44,120.0,1.0,safety-sentry,DL-Transformer (coord)
2.240000000000001,20,2,0.1195,0.0786,120.0,1.0,leader,RL-PPO
2.240000000000001,21,2,0.2709,0.0804,120.0,1.0,follower,RL-SAC
2.240000000000001,22,2,0.423,0.0813,120.0,1.0,safety-sentry,DL-Transformer (coord)
2.240000000000001,23,2,0.5778,0.0807,120.0,1.0,follower,RL-PPO
2.240000000000001,24,2,0.7304,0.0802,120.0,1.0,follower,IL-BC (behavior cloning)
2.240000000000001,25,2,0.9187,0.0796,120.0,1.0,safety-sentry,Classical-MPC
2.240000000000001,26,0,1.3309,0.9202,120.0,1.0,follower,RL-PPO
2.240000000000001,27,0,1.4976,0.9209,120.0,1.0,follower,DL-Transformer (coord)
2.240000000000001,28,0,1.6666,0.919,120.0,1.0,follower,IL-BC (behavior cloning)
2.240000000000001,29,0,1.8331,0.9208,120.0,1.0,follower,Classical-MPC
2.240000000000001,30,0,2.0029,0.9191,120.0,1.0,follower,RL-SAC
2.240000000000001,31,0,2.1691000000000003,0.9204,120.0,1.0,follower,RL-PPO
2.240000000000001,32,0,2.1709,0.5888,120.0,1.0,follower,Classical-MPC
2.240000000000001,33,0,2.1711,0.7114,120.0,1.0,follower,Classical-MPC
2.240000000000001,34,0,2.1691000000000003,0.8608,120.0,1.0,follower,RL-SAC
2.240000000000001,35,0,2.1692,0.1118,120.0,1.0,follower,DL-CNN (vision)
2.240000000000001,36,0,2.1708,0.2419,120.0,1.0,edge-relay,IL-BC (behavior cloning)
2.240000000000001,37,0,2.1711,0.3698,120.0,1.0,follower,Classical-MPC
2.240000000000001,38,0,2.1687,0.4997,120.0,1.0,follower,RL-PPO
2.240000000000001,39,0,1.4569,0.0788,120.0,1.0,follower,DL-Transformer (coord)
2.240000000000001,40,0,1.6251,0.0814,120.0,1.0,follower,Classical-MPC
2.240000000000001,41,0,1.7917,0.0788,120.0,1.0,follower,DL-Transformer (coord)
2.240000000000001,42,0,2.0029,0.0791,120.0,1.0,follower,RL-PPO
2.240000000000001,43,0,2.1691000000000003,0.0804,120.0,1.0,follower,RL-PPO
2.240000000000001,44,0,1.3309,0.1757,120.0,1.0,follower,RL-SAC
2.240000000000001,45,0,1.3311,0.3076,120.0,1.0,follower,Classical-MPC
2.240000000000001,46,0,1.3296999999999999,0.4342,120.0,1.0,follower,RL-PPO
2.240000000000001,47,0,1.3292,0.5295,120.0,1.0,follower,RL-PPO
2.240000000000001,48,0,1.3308,0.6503,120.0,1.0,safety-sentry,DL-CNN (vision)
2.240000000000001,49,0,1.3311,0.769,120.0,1.0,follower,RL-PPO
2.240000000000001,50,0,1.3285,0.9199,120.0,1.0,follower,RL-PPO
2.240000000000001,51,2,2.5813,0.9187,120.0,1.0,follower,RL-PPO
2.240000000000001,52,2,2.7315,0.9204,120.0,1.0,follower,DL-Transformer (coord)
2.240000000000001,53,2,2.8866,0.921,120.0,1.0,follower,IL-BC (behavior cloning)
2.240000000000001,54,2,3.0369,0.92,120.0,1.0,follower,DL-CNN (vision)
2.240000000000001,55,2,3.1921,0.9208,120.0,1.0,follower,RL-PPO
2.240000000000001,56,2,3.3447,0.9201,120.0,1.0,leader,DL-CNN (vision)
2.240000000000001,57,2,3.4213,0.5266,120.0,1.0,follower,DL-Transformer (coord)
2.240000000000001,58,2,3.42,0.6404,120.0,1.0,follower,Classical-MPC
2.240000000000001,59,2,3.4208,0.7786,120.0,1.0,follower,Classical-MPC
2.240000000000001,60,2,3.4189,0.8922,120.0,1.0,follower,RL-SAC
2.240000000000001,61,2,2.6551,0.4989,120.0,1.0,safety-sentry,RL-PPO
2.240000000000001,62,2,2.8079,0.4986,120.0,1.0,follower,Classical-MPC
2.240000000000001,63,2,2.9626,0.4986,120.0,1.0,leader,Classical-MPC
2.240000000000001,64,2,3.1135,0.5002,120.0,1.0,follower,DL-CNN (vision)
2.240000000000001,65,2,3.2664,0.5005,120.0,1.0,follower,IL-BC (behavior cloning)
2.240000000000001,66,2,3.4187,0.4996,120.0,1.0,follower,Classical-MPC
2.240000000000001,67,2,2.5788,0.2004,120.0,1.0,safety-sentry,DL-Transformer (coord)
2.240000000000001,68,2,2.5811,0.321,120.0,1.0,safety-sentry,Classical-MPC
2.240000000000001,69,2,2.5787,0.44,120.0,1.0,edge-relay,RL-PPO
2.240000000000001,70,2,2.6195,0.0786,120.0,1.0,follower,RL-SAC
2.240000000000001,71,2,2.7709,0.0804,120.0,1.0,edge-relay,RL-SAC
2.240000000000001,72,2,2.923,0.0813,120.0,1.0,follower,RL-PPO
2.240000000000001,73,2,3.0778,0.0807,120.0,1.0,follower,Classical-MPC
2.240000000000001,74,2,3.2304,0.0802,120.0,1.0,follower,RL-PPO
2.240000000000001,75,2,3.4187,0.0796,120.0,1.0,follower,DL-Transformer (coord)
2.240000000000001,76,5,3.8315,0.9211,120.0,1.0,follower,RL-PPO
2.240000000000001,77,5,3.9841,0.9189,120.0,1.0,follower,DL-CNN (vision)
2.240000000000001,78,5,4.1362,0.9189,120.0,1.0,follower,DL-CNN (vision)
2.240000000000001,79,5,4.2891,0.9195,120.0,1.0,follower,RL-SAC
2.240000000000001,80,5,4.4395,0.9193,120.0,1.0,follower,DL-Transformer (coord)
2.240000000000001,81,5,4.5938,0.9207,120.0,1.0,follower,DL-Transformer (coord)
2.240000000000001,82,5,3.8292,0.5294,120.0,1.0,follower,DL-CNN (vision)
2.240000000000001,83,5,3.8301,0.6396,120.0,1.0,follower,IL-BC (behavior cloning)
2.240000000000001,84,5,3.8307,0.7799,120.0,1.0,follower,RL-PPO
2.240000000000001,85,5,3.8297,0.8923,120.0,1.0,edge-relay,RL-SAC
2.240000000000001,86,5,3.9061,0.5013,120.0,1.0,follower,DL-CNN (vision)
2.240000000000001,87,5,4.0602,0.4987,120.0,1.0,follower,DL-CNN (vision)
2.240000000000001,88,5,4.2125,0.4999,120.0,1.0,follower,RL-SAC
2.240000000000001,89,5,4.3643,0.5003,120.0,1.0,edge-relay,Classical-MPC
2.240000000000001,90,5,4.5163,0.5008,120.0,1.0,follower,Classical-MPC
2.240000000000001,91,5,4.6686,0.4999,120.0,1.0,edge-relay,RL-PPO
2.240000000000001,92,5,4.6714,0.1989,120.0,1.0,safety-sentry,DL-CNN (vision)
2.240000000000001,93,5,4.6708,0.3189,120.0,1.0,leader,RL-SAC
2.240000000000001,94,5,4.6709,0.4395,120.0,1.0,edge-relay,DL-CNN (vision)
2.240000000000001,95,5,3.8673,0.0814,120.0,1.0,follower,RL-SAC
2.240000000000001,96,5,4.021,0.0796,120.0,1.0,follower,DL-Transformer (coord)
2.240000000000001,97,5,4.1739,0.0797,120.0,1.0,edge-relay,Classical-MPC
2.240000000000001,98,5,4.327,0.0805,120.0,1.0,follower,DL-CNN (vision)
2.240000000000001,99,5,4.4793,0.079,120.0,1.0,follower,DL-Transformer (coord)
2.240000000000001,100,5,4.6686,0.0799,120.0,1.0,follower,DL-Transformer (coord)
2.280000000000001,1,2,0.0813,0.9187,120.0,1.0,leader,RL-PPO
2.280000000000001,2,2,0.2315,0.9204,120.0,1.0,follower,DL-CNN (vision)
2.280000000000001,3,2,0.3866,0.921,120.0,1.0,follower,Classical-MPC
2.280000000000001,4,2,0.5369,0.92,120.0,1.0,follower,DL-CNN (vision)
2.280000000000001,5,2,0.6921,0.9208,120.0,1.0,safety-sentry,DL-Transformer (coord)
2.280000000000001,6,2,0.8447,0.9201,120.0,1.0,follower,IL-BC (behavior cloning)
2.280000000000001,7,2,0.9213,0.5266,120.0,1.0,follower,Classical-MPC
2.280000000000001,8,2,0.92,0.6404,120.0,1.0,leader,IL-BC (behavior cloning)
2.280000000000001,9,2,0.9208,0.7786,120.0,1.0,follower,RL-PPO
2.280000000000001,10,2,0.9189,0.8922,120.0,1.0,follower,DL-CNN (vision)
2.280000000000001,11,2,0.1551,0.4989,120.0,1.0,follower,DL-CNN (vision)
2.280000000000001,12,2,0.3079,0.4986,120.0,1.0,edge-relay,RL-PPO
2.280000000000001,13,2,0.4626,0.4986,120.0,1.0,follower,DL-Transformer (coord)
2.280000000000001,14,2,0.6135,0.5002,120.0,1.0,leader,DL-Transformer (coord)
2.280000000000001,15,2,0.7664,0.5005,120.0,1.0,follower,Classical-MPC
2.280000000000001,16,2,0.9187,0.4996,120.0,1.0,safety-sentry,Classical-MPC
2.280000000000001,17,2,0.0788,0.2004,120.0,1.0,follower,RL-PPO
2.280000000000001,18,2,0.0811,0.321,120.0,1.0,follower,RL-SAC
2.280000000000001,19,2,0.0787,0.44,120.0,1.0,safety-sentry,DL-Transformer (coord)
2.280000000000001,20,2,0.1195,0.0786,120.0,1.0,leader,RL-PPO
2.280000000000001,21,2,0.2709,0.0804,120.0,1.0,follower,RL-SAC
2.280000000000001,22,2,0.423,0.0813,120.0,1.0,safety-sentry,DL-Transformer (coord)
2.280000000000001,23,2,0.5778,0.0807,120.0,1.0,follower,RL-PPO
2.280000000000001,24,2,0.7304,0.0802,120.0,1.0,follower,IL-BC (behavior cloning)
2.280000000000001,25,2,0.9187,0.0796,120.0,1.0,safety-sentry,Classical-MPC
2.280000000000001,26,0,1.3309,0.9202,120.0,1.0,follower,RL-PPO
2.280000000000001,27,0,1.4976,0.9209,120.0,1.0,follower,DL-Transformer (coord)
2.280000000000001,28,0,1.6666,0.919,120.0,1.0,follower,IL-BC (behavior cloning)
2.280000000000001,29,0,1.8331,0.9208,120.0,1.0,follower,Classical-MPC
2.280000000000001,30,0,2.0029,0.9191,120.0,1.0,follower,RL-SAC
2.280000000000001,31,0,2.1691000000000003,0.9204,120.0,1.0,follower,RL-PPO
2.280000000000001,32,0,2.1709,0.5888,120.0,1.0,follower,Classical-MPC
2.280000000000001,33,0,2.1711,0.7114,120.0,1.0,follower,Classical-MPC
2.280000000000001,34,0,2.1691000000000003,0.8608,120.0,1.0,follower,RL-SAC
2.280000000000001,35,0,2.1692,0.1118,120.0,1.0,follower,DL-CNN (vision)
2.280000000000001,36,0,2.1708,0.2419,120.0,1.0,edge-relay,IL-BC (behavior cloning)
2.280000000000001,37,0,2.1711,0.3698,120.0,1.0,follower,Classical-MPC
2.280000000000001,38,0,2.1687,0.4997,120.0,1.0,follower,RL-PPO
2.280000000000001,39,0,1.4569,0.0788,120.0,1.0,follower,DL-Transformer (coord)
2.280000000000001,40,0,1.6251,0.0814,120.0,1.0,follower,Classical-MPC
2.280000000000001,41,0,1.7917,0.0788,120.0,1.0,follower,DL-Transformer (coord)
2.280000000000001,42,0,2.0029,0.0791,120.0,1.0,follower,RL-PPO
2.280000000000001,43,0,2.1691000000000003,0.0804,120.0,1.0,follower,RL-PPO
2.280000000000001,44,0,1.3309,0.1757,120.0,1.0,follower,RL-SAC
2.280000000000001,45,0,1.3311,0.3076,120.0,1.0,follower,Classical-MPC
2.280000000000001,46,0,1.3296999999999999,0.4342,120.0,1.0,follower,RL-PPO
2.280000000000001,47,0,1.3292,0.5295,120.0,1.0,follower,RL-PPO
2.280000000000001,48,0,1.3308,0.6503,120.0,1.0,safety-sentry,DL-CNN (vision)
2.280000000000001,49,0,1.3311,0.769,120.0,1.0,follower,RL-PPO
2.280000000000001,50,0,1.3285,0.9199,120.0,1.0,follower,RL-PPO
2.280000000000001,51,2,2.5813,0.9187,120.0,1.0,follower,RL-PPO
2.280000000000001,52,2,2.7315,0.9204,120.0,1.0,follower,DL-Transformer (coord)
2.280000000000001,53,2,2.8866,0.921,120.0,1.0,follower,IL-BC (behavior cloning)
2.280000000000001,54,2,3.0369,0.92,120.0,1.0,follower,DL-CNN (vision)
2.280000000000001,55,2,3.1921,0.9208,120.0,1.0,follower,RL-PPO
2.280000000000001,56,2,3.3447,0.9201,120.0,1.0,leader,DL-CNN (vision)
2.280000000000001,57,2,3.4213,0.5266,120.0,1.0,follower,DL-Transformer (coord)
2.280000000000001,58,2,3.42,0.6404,120.0,1.0,follower,Classical-MPC
2.280000000000001,59,2,3.4208,0.7786,120.0,1.0,follower,Classical-MPC
2.280000000000001,60,2,3.4189,0.8922,120.0,1.0,follower,RL-SAC
2.280000000000001,61,2,2.6551,0.4989,120.0,1.0,safety-sentry,RL-PPO
2.280000000000001,62,2,2.8079,0.4986,120.0,1.0,follower,Classical-MPC
2.280000000000001,63,2,2.9626,0.4986,120.0,1.0,leader,Classical-MPC
2.280000000000001,64,2,3.1135,0.5002,120.0,1.0,follower,DL-CNN (vision)
2.280000000000001,65,2,3.2664,0.5005,120.0,1.0,follower,IL-BC (behavior cloning)
2.280000000000001,66,2,3.4187,0.4996,120.0,1.0,follower,Classical-MPC
2.280000000000001,67,2,2.5788,0.2004,120.0,1.0,safety-sentry,DL-Transformer (coord)
2.280000000000001,68,2,2.5811,0.321,120.0,1.0,safety-sentry,Classical-MPC
2.280000000000001,69,2,2.5787,0.44,120.0,1.0,edge-relay,RL-PPO
2.280000000000001,70,2,2.6195,0.0786,120.0,1.0,follower,RL-SAC
2.280000000000001,71,2,2.7709,0.0804,120.0,1.0,edge-relay,RL-SAC
2.280000000000001,72,2,2.923,0.0813,120.0,1.0,follower,RL-PPO
2.280000000000001,73,2,3.0778,0.0807,120.0,1.0,follower,Classical-MPC
2.280000000000001,74,2,3.2304,0.0802,120.0,1.0,follower,RL-PPO
2.280000000000001,75,2,3.4187,0.0796,120.0,1.0,follower,DL-Transformer (coord)
2.280000000000001,76,5,3.8315,0.9211,120.0,1.0,follower,RL-PPO
2.280000000000001,77,5,3.9841,0.9189,120.0,1.0,follower,DL-CNN (vision)
2.280000000000001,78,5,4.1362,0.9189,120.0,1.0,follower,DL-CNN (vision)
2.280000000000001,79,5,4.2891,0.9195,120.0,1.0,follower,RL-SAC
2.280000000000001,80,5,4.4395,0.9193,120.0,1.0,follower,DL-Transformer (coord)
2.280000000000001,81,5,4.5938,0.9207,120.0,1.0,follower,DL-Transformer (coord)
2.280000000000001,82,5,3.8292,0.5294,120.0,1.0,follower,DL-CNN (vision)
2.280000000000001,83,5,3.8301,0.6396,120.0,1.0,follower,IL-BC (behavior cloning)
2.280000000000001,84,5,3.8307,0.7799,120.0,1.0,follower,RL-PPO
2.280000000000001,85,5,3.8297,0.8923,120.0,1.0,edge-relay,RL-SAC
2.280000000000001,86,5,3.9061,0.5013,120.0,1.0,follower,DL-CNN (vision)
2.280000000000001,87,5,4.0602,0.4987,120.0,1.0,follower,DL-CNN (vision)
2.280000000000001,88,5,4.2125,0.4999,120.0,1.0,follower,RL-SAC
2.280000000000001,89,5,4.3643,0.5003,120.0,1.0,edge-relay,Classical-MPC
2.280000000000001,90,5,4.5163,0.5008,120.0,1.0,follower,Classical-MPC
2.280000000000001,91,5,4.6686,0.4999,120.0,1.0,edge-relay,RL-PPO
2.280000000000001,92,5,4.6714,0.1989,120.0,1.0,safety-sentry,DL-CNN (vision)
2.280000000000001,93,5,4.6708,0.3189,120.0,1.0,leader,RL-SAC
2.280000000000001,94,5,4.6709,0.4395,120.0,1.0,edge-relay,DL-CNN (vision)
2.280000000000001,95,5,3.8673,0.0814,120.0,1.0,follower,RL-SAC
2.280000000000001,96,5,4.021,0.0796,120.0,1.0,follower,DL-Transformer (coord)
2.280000000000001,97,5,4.1739,0.0797,120.0,1.0,edge-relay,Classical-MPC
2.280000000000001,98,5,4.327,0.0805,120.0,1.0,follower,DL-CNN (vision)
2.280000000000001,99,5,4.4793,0.079,120.0,1.0,follower,DL-Transformer (coord)
2.280000000000001,100,5,4.6686,0.0799,120.0,1.0,follower,DL-Transformer (coord)
2.320000000000001,1,2,0.0813,0.9187,120.0,1.0,leader,RL-PPO
2.320000000000001,2,2,0.2315,0.9204,120.0,1.0,follower,DL-CNN (vision)
2.320000000000001,3,2,0.3866,0.921,120.0,1.0,follower,Classical-MPC
2.320000000000001,4,2,0.5369,0.92,120.0,1.0,follower,DL-CNN (vision)
2.320000000000001,5,2,0.6921,0.9208,120.0,1.0,safety-sentry,DL-Transformer (coord)
2.320000000000001,6,2,0.8447,0.9201,120.0,1.0,follower,IL-BC (behavior cloning)
2.320000000000001,7,2,0.9213,0.5266,120.0,1.0,follower,Classical-MPC
2.320000000000001,8,2,0.92,0.6404,120.0,1.0,leader,IL-BC (behavior cloning)
2.320000000000001,9,2,0.9208,0.7786,120.0,1.0,follower,RL-PPO
2.320000000000001,10,2,0.9189,0.8922,120.0,1.0,follower,DL-CNN (vision)
2.320000000000001,11,2,0.1551,0.4989,120.0,1.0,follower,DL-CNN (vision)
2.320000000000001,12,2,0.3079,0.4986,120.0,1.0,edge-relay,RL-PPO
2.320000000000001,13,2,0.4626,0.4986,120.0,1.0,follower,DL-Transformer (coord)
2.320000000000001,14,2,0.6135,0.5002,120.0,1.0,leader,DL-Transformer (coord)
2.320000000000001,15,2,0.7664,0.5005,120.0,1.0,follower,Classical-MPC
2.320000000000001,16,2,0.9187,0.4996,120.0,1.0,safety-sentry,Classical-MPC
2.320000000000001,17,2,0.0788,0.2004,120.0,1.0,follower,RL-PPO
2.320000000000001,18,2,0.0811,0.321,120.0,1.0,follower,RL-SAC
2.320000000000001,19,2,0.0787,0.44,120.0,1.0,safety-sentry,DL-Transformer (coord)
2.320000000000001,20,2,0.1195,0.0786,120.0,1.0,leader,RL-PPO
2.320000000000001,21,2,0.2709,0.0804,120.0,1.0,follower,RL-SAC
2.320000000000001,22,2,0.423,0.0813,120.0,1.0,safety-sentry,DL-Transformer (coord)
2.320000000000001,23,2,0.5778,0.0807,120.0,1.0,follower,RL-PPO
2.320000000000001,24,2,0.7304,0.0802,120.0,1.0,follower,IL-BC (behavior cloning)
2.320000000000001,25,2,0.9187,0.0796,120.0,1.0,safety-sentry,Classical-MPC
2.320000000000001,26,0,1.3309,0.9202,120.0,1.0,follower,RL-PPO
2.320000000000001,27,0,1.4976,0.9209,120.0,1.0,follower,DL-Transformer (coord)
2.320000000000001,28,0,1.6666,0.919,120.0,1.0,follower,IL-BC (behavior cloning)
2.320000000000001,29,0,1.8331,0.9208,120.0,1.0,follower,Classical-MPC
2.320000000000001,30,0,2.0029,0.9191,120.0,1.0,follower,RL-SAC
2.320000000000001,31,0,2.1691000000000003,0.9204,120.0,1.0,follower,RL-PPO
2.320000000000001,32,0,2.1709,0.5888,120.0,1.0,follower,Classical-MPC
2.320000000000001,33,0,2.1711,0.7114,120.0,1.0,follower,Classical-MPC
2.320000000000001,34,0,2.1691000000000003,0.8608,120.0,1.0,follower,RL-SAC
2.320000000000001,35,0,2.1692,0.1118,120.0,1.0,follower,DL-CNN (vision)
2.320000000000001,36,0,2.1708,0.2419,120.0,1.0,edge-relay,IL-BC (behavior cloning)
2.320000000000001,37,0,2.1711,0.3698,120.0,1.0,follower,Classical-MPC
2.320000000000001,38,0,2.1687,0.4997,120.0,1.0,follower,RL-PPO
2.320000000000001,39,0,1.4569,0.0788,120.0,1.0,follower,DL-Transformer (coord)
2.320000000000001,40,0,1.6251,0.0814,120.0,1.0,follower,Classical-MPC
2.320000000000001,41,0,1.7917,0.0788,120.0,1.0,follower,DL-Transformer (coord)
2.320000000000001,42,0,2.0029,0.0791,120.0,1.0,follower,RL-PPO
2.320000000000001,43,0,2.1691000000000003,0.0804,120.0,1.0,follower,RL-PPO
2.320000000000001,44,0,1.3309,0.1757,120.0,1.0,follower,RL-SAC
2.320000000000001,45,0,1.3311,0.3076,120.0,1.0,follower,Classical-MPC
2.320000000000001,46,0,1.3296999999999999,0.4342,120.0,1.0,follower,RL-PPO
2.320000000000001,47,0,1.3292,0.5295,120.0,1.0,follower,RL-PPO
2.320000000000001,48,0,1.3308,0.6503,120.0,1.0,safety-sentry,DL-CNN (vision)
2.320000000000001,49,0,1.3311,0.769,120.0,1.0,follower,RL-PPO
2.320000000000001,50,0,1.3285,0.9199,120.0,1.0,follower,RL-PPO
2.320000000000001,51,2,2.5813,0.9187,120.0,1.0,follower,RL-PPO
2.320000000000001,52,2,2.7315,0.9204,120.0,1.0,follower,DL-Transformer (coord)
2.320000000000001,53,2,2.8866,0.921,120.0,1.0,follower,IL-BC (behavior cloning)
2.320000000000001,54,2,3.0369,0.92,120.0,1.0,follower,DL-CNN (vision)
2.320000000000001,55,2,3.1921,0.9208,120.0,1.0,follower,RL-PPO
2.320000000000001,56,2,3.3447,0.9201,120.0,1.0,leader,DL-CNN (vision)
2.320000000000001,57,2,3.4213,0.5266,120.0,1.0,follower,DL-Transformer (coord)
2.320000000000001,58,2,3.42,0.6404,120.0,1.0,follower,Classical-MPC
2.320000000000001,59,2,3.4208,0.7786,120.0,1.0,follower,Classical-MPC
2.320000000000001,60,2,3.4189,0.8922,120.0,1.0,follower,RL-SAC
2.320000000000001,61,2,2.6551,0.4989,120.0,1.0,safety-sentry,RL-PPO
2.320000000000001,62,2,2.8079,0.4986,120.0,1.0,follower,Classical-MPC
2.320000000000001,63,2,2.9626,0.4986,120.0,1.0,leader,Classical-MPC
2.320000000000001,64,2,3.1135,0.5002,120.0,1.0,follower,DL-CNN (vision)
2.320000000000001,65,2,3.2664,0.5005,120.0,1.0,follower,IL-BC (behavior cloning)
2.320000000000001,66,2,3.4187,0.4996,120.0,1.0,follower,Classical-MPC
2.320000000000001,67,2,2.5788,0.2004,120.0,1.0,safety-sentry,DL-Transformer (coord)
2.320000000000001,68,2,2.5811,0.321,120.0,1.0,safety-sentry,Classical-MPC
2.320000000000001,69,2,2.5787,0.44,120.0,1.0,edge-relay,RL-PPO
2.320000000000001,70,2,2.6195,0.0786,120.0,1.0,follower,RL-SAC
2.320000000000001,71,2,2.7709,0.0804,120.0,1.0,edge-relay,RL-SAC
2.320000000000001,72,2,2.923,0.0813,120.0,1.0,follower,RL-PPO
2.320000000000001,73,2,3.0778,0.0807,120.0,1.0,follower,Classical-MPC
2.320000000000001,74,2,3.2304,0.0802,120.0,1.0,follower,RL-PPO
2.320000000000001,75,2,3.4187,0.0796,120.0,1.0,follower,DL-Transformer (coord)
2.320000000000001,76,5,3.8315,0.9211,120.0,1.0,follower,RL-PPO
2.320000000000001,77,5,3.9841,0.9189,120.0,1.0,follower,DL-CNN (vision)
2.320000000000001,78,5,4.1362,0.9189,120.0,1.0,follower,DL-CNN (vision)
2.320000000000001,79,5,4.2891,0.9195,120.0,1.0,follower,RL-SAC
2.320000000000001,80,5,4.4395,0.9193,120.0,1.0,follower,DL-Transformer (coord)
2.320000000000001,81,5,4.5938,0.9207,120.0,1.0,follower,DL-Transformer (coord)
2.320000000000001,82,5,3.8292,0.5294,120.0,1.0,follower,DL-CNN (vision)
2.320000000000001,83,5,3.8301,0.6396,120.0,1.0,follower,IL-BC (behavior cloning)
2.320000000000001,84,5,3.8307,0.7799,120.0,1.0,follower,RL-PPO
2.320000000000001,85,5,3.8297,0.8923,120.0,1.0,edge-relay,RL-SAC
2.320000000000001,86,5,3.9061,0.5013,120.0,1.0,follower,DL-CNN (vision)
2.320000000000001,87,5,4.0602,0.4987,120.0,1.0,follower,DL-CNN (vision)
2.320000000000001,88,5,4.2125,0.4999,120.0,1.0,follower,RL-SAC
2.320000000000001,89,5,4.3643,0.5003,120.0,1.0,edge-relay,Classical-MPC
2.320000000000001,90,5,4.5163,0.5008,120.0,1.0,follower,Classical-MPC
2.320000000000001,91,5,4.6686,0.4999,120.0,1.0,edge-relay,RL-PPO
2.320000000000001,92,5,4.6714,0.1989,120.0,1.0,safety-sentry,DL-CNN (vision)
2.320000000000001,93,5,4.6708,0.3189,120.0,1.0,leader,RL-SAC
2.320000000000001,94,5,4.6709,0.4395,120.0,1.0,edge-relay,DL-CNN (vision)
2.320000000000001,95,5,3.8673,0.0814,120.0,1.0,follower,RL-SAC
2.320000000000001,96,5,4.021,0.0796,120.0,1.0,follower,DL-Transformer (coord)
2.320000000000001,97,5,4.1739,0.0797,120.0,1.0,edge-relay,Classical-MPC
2.320000000000001,98,5,4.327,0.0805,120.0,1.0,follower,DL-CNN (vision)
2.320000000000001,99,5,4.4793,0.079,120.0,1.0,follower,DL-Transformer (coord)
2.320000000000001,100,5,4.6686,0.0799,120.0,1.0,follower,DL-Transformer (coord)
2.360000000000001,1,2,0.0813,0.9187,120.0,1.0,leader,RL-PPO
2.360000000000001,2,2,0.2315,0.9204,120.0,1.0,follower,DL-CNN (vision)
2.360000000000001,3,2,0.3866,0.921,120.0,1.0,follower,Classical-MPC
2.360000000000001,4,2,0.5369,0.92,120.0,1.0,follower,DL-CNN (vision)
2.360000000000001,5,2,0.6921,0.9208,120.0,1.0,safety-sentry,DL-Transformer (coord)
2.360000000000001,6,2,0.8447,0.9201,120.0,1.0,follower,IL-BC (behavior cloning)
2.360000000000001,7,2,0.9213,0.5266,120.0,1.0,follower,Classical-MPC
2.360000000000001,8,2,0.92,0.6404,120.0,1.0,leader,IL-BC (behavior cloning)
2.360000000000001,9,2,0.9208,0.7786,120.0,1.0,follower,RL-PPO
2.360000000000001,10,2,0.9189,0.8922,120.0,1.0,follower,DL-CNN (vision)
2.360000000000001,11,2,0.1551,0.4989,120.0,1.0,follower,DL-CNN (vision)
2.360000000000001,12,2,0.3079,0.4986,120.0,1.0,edge-relay,RL-PPO
2.360000000000001,13,2,0.4626,0.4986,120.0,1.0,follower,DL-Transformer (coord)
2.360000000000001,14,2,0.6135,0.5002,120.0,1.0,leader,DL-Transformer (coord)
2.360000000000001,15,2,0.7664,0.5005,120.0,1.0,follower,Classical-MPC
2.360000000000001,16,2,0.9187,0.4996,120.0,1.0,safety-sentry,Classical-MPC
2.360000000000001,17,2,0.0788,0.2004,120.0,1.0,follower,RL-PPO
2.360000000000001,18,2,0.0811,0.321,120.0,1.0,follower,RL-SAC
2.360000000000001,19,2,0.0787,0.44,120.0,1.0,safety-sentry,DL-Transformer (coord)
2.360000000000001,20,2,0.1195,0.0786,120.0,1.0,leader,RL-PPO
2.360000000000001,21,2,0.2709,0.0804,120.0,1.0,follower,RL-SAC
2.360000000000001,22,2,0.423,0.0813,120.0,1.0,safety-sentry,DL-Transformer (coord)
2.360000000000001,23,2,0.5778,0.0807,120.0,1.0,follower,RL-PPO
2.360000000000001,24,2,0.7304,0.0802,120.0,1.0,follower,IL-BC (behavior cloning)
2.360000000000001,25,2,0.9187,0.0796,120.0,1.0,safety-sentry,Classical-MPC
2.360000000000001,26,0,1.3309,0.9202,120.0,1.0,follower,RL-PPO
2.360000000000001,27,0,1.4976,0.9209,120.0,1.0,follower,DL-Transformer (coord)
2.360000000000001,28,0,1.6666,0.919,120.0,1.0,follower,IL-BC (behavior cloning)
2.360000000000001,29,0,1.8331,0.9208,120.0,1.0,follower,Classical-MPC
2.360000000000001,30,0,2.0029,0.9191,120.0,1.0,follower,RL-SAC
2.360000000000001,31,0,2.1691000000000003,0.9204,120.0,1.0,follower,RL-PPO
2.360000000000001,32,0,2.1709,0.5888,120.0,1.0,follower,Classical-MPC
2.360000000000001,33,0,2.1711,0.7114,120.0,1.0,follower,Classical-MPC
2.360000000000001,34,0,2.1691000000000003,0.8608,120.0,1.0,follower,RL-SAC
2.360000000000001,35,0,2.1692,0.1118,120.0,1.0,follower,DL-CNN (vision)
2.360000000000001,36,0,2.1708,0.2419,120.0,1.0,edge-relay,IL-BC (behavior cloning)
2.360000000000001,37,0,2.1711,0.3698,120.0,1.0,follower,Classical-MPC
2.360000000000001,38,0,2.1687,0.4997,120.0,1.0,follower,RL-PPO
2.360000000000001,39,0,1.4569,0.0788,120.0,1.0,follower,DL-Transformer (coord)
2.360000000000001,40,0,1.6251,0.0814,120.0,1.0,follower,Classical-MPC
2.360000000000001,41,0,1.7917,0.0788,120.0,1.0,follower,DL-Transformer (coord)
2.360000000000001,42,0,2.0029,0.0791,120.0,1.0,follower,RL-PPO
2.360000000000001,43,0,2.1691000000000003,0.0804,120.0,1.0,follower,RL-PPO
2.360000000000001,44,0,1.3309,0.1757,120.0,1.0,follower,RL-SAC
2.360000000000001,45,0,1.3311,0.3076,120.0,1.0,follower,Classical-MPC
2.360000000000001,46,0,1.3296999999999999,0.4342,120.0,1.0,follower,RL-PPO
2.360000000000001,47,0,1.3292,0.5295,120.0,1.0,follower,RL-PPO
2.360000000000001,48,0,1.3308,0.6503,120.0,1.0,safety-sentry,DL-CNN (vision)
2.360000000000001,49,0,1.3311,0.769,120.0,1.0,follower,RL-PPO
2.360000000000001,50,0,1.3285,0.9199,120.0,1.0,follower,RL-PPO
2.360000000000001,51,2,2.5813,0.9187,120.0,1.0,follower,RL-PPO
2.360000000000001,52,2,2.7315,0.9204,120.0,1.0,follower,DL-Transformer (coord)
2.360000000000001,53,2,2.8866,0.921,120.0,1.0,follower,IL-BC (behavior cloning)
2.360000000000001,54,2,3.0369,0.92,120.0,1.0,follower,DL-CNN (vision)
2.360000000000001,55,2,3.1921,0.9208,120.0,1.0,follower,RL-PPO
2.360000000000001,56,2,3.3447,0.9201,120.0,1.0,leader,DL-CNN (vision)
2.360000000000001,57,2,3.4213,0.5266,120.0,1.0,follower,DL-Transformer (coord)
2.360000000000001,58,2,3.42,0.6404,120.0,1.0,follower,Classical-MPC
2.360000000000001,59,2,3.4208,0.7786,120.0,1.0,follower,Classical-MPC
2.360000000000001,60,2,3.4189,0.8922,120.0,1.0,follower,RL-SAC
2.360000000000001,61,2,2.6551,0.4989,120.0,1.0,safety-sentry,RL-PPO
2.360000000000001,62,2,2.8079,0.4986,120.0,1.0,follower,Classical-MPC
2.360000000000001,63,2,2.9626,0.4986,120.0,1.0,leader,Classical-MPC
2.360000000000001,64,2,3.1135,0.5002,120.0,1.0,follower,DL-CNN (vision)
2.360000000000001,65,2,3.2664,0.5005,120.0,1.0,follower,IL-BC (behavior cloning)
2.360000000000001,66,2,3.4187,0.4996,120.0,1.0,follower,Classical-MPC
2.360000000000001,67,2,2.5788,0.2004,120.0,1.0,safety-sentry,DL-Transformer (coord)
2.360000000000001,68,2,2.5811,0.321,120.0,1.0,safety-sentry,Classical-MPC
2.360000000000001,69,2,2.5787,0.44,120.0,1.0,edge-relay,RL-PPO
2.360000000000001,70,2,2.6195,0.0786,120.0,1.0,follower,RL-SAC
2.360000000000001,71,2,2.7709,0.0804,120.0,1.0,edge-relay,RL-SAC
2.360000000000001,72,2,2.923,0.0813,120.0,1.0,follower,RL-PPO
2.360000000000001,73,2,3.0778,0.0807,120.0,1.0,follower,Classical-MPC
2.360000000000001,74,2,3.2304,0.0802,120.0,1.0,follower,RL-PPO
2.360000000000001,75,2,3.4187,0.0796,120.0,1.0,follower,DL-Transformer (coord)
2.360000000000001,76,5,3.8315,0.9211,120.0,1.0,follower,RL-PPO
2.360000000000001,77,5,3.9841,0.9189,120.0,1.0,follower,DL-CNN (vision)
2.360000000000001,78,5,4.1362,0.9189,120.0,1.0,follower,DL-CNN (vision)
2.360000000000001,79,5,4.2891,0.9195,120.0,1.0,follower,RL-SAC
2.360000000000001,80,5,4.4395,0.9193,120.0,1.0,follower,DL-Transformer (coord)
2.360000000000001,81,5,4.5938,0.9207,120.0,1.0,follower,DL-Transformer (coord)
2.360000000000001,82,5,3.8292,0.5294,120.0,1.0,follower,DL-CNN (vision)
2.360000000000001,83,5,3.8301,0.6396,120.0,1.0,follower,IL-BC (behavior cloning)
2.360000000000001,84,5,3.8307,0.7799,120.0,1.0,follower,RL-PPO
2.360000000000001,85,5,3.8297,0.8923,120.0,1.0,edge-relay,RL-SAC
2.360000000000001,86,5,3.9061,0.5013,120.0,1.0,follower,DL-CNN (vision)
2.360000000000001,87,5,4.0602,0.4987,120.0,1.0,follower,DL-CNN (vision)
2.360000000000001,88,5,4.2125,0.4999,120.0,1.0,follower,RL-SAC
2.360000000000001,89,5,4.3643,0.5003,120.0,1.0,edge-relay,Classical-MPC
2.360000000000001,90,5,4.5163,0.5008,120.0,1.0,follower,Classical-MPC
2.360000000000001,91,5,4.6686,0.4999,120.0,1.0,edge-relay,RL-PPO
2.360000000000001,92,5,4.6714,0.1989,120.0,1.0,safety-sentry,DL-CNN (vision)
2.360000000000001,93,5,4.6708,0.3189,120.0,1.0,leader,RL-SAC
2.360000000000001,94,5,4.6709,0.4395,120.0,1.0,edge-relay,DL-CNN (vision)
2.360000000000001,95,5,3.8673,0.0814,120.0,1.0,follower,RL-SAC
2.360000000000001,96,5,4.021,0.0796,120.0,1.0,follower,DL-Transformer (coord)
2.360000000000001,97,5,4.1739,0.0797,120.0,1.0,edge-relay,Classical-MPC
2.360000000000001,98,5,4.327,0.0805,120.0,1.0,follower,DL-CNN (vision)
2.360000000000001,99,5,4.4793,0.079,120.0,1.0,follower,DL-Transformer (coord)
2.360000000000001,100,5,4.6686,0.0799,120.0,1.0,follower,DL-Transformer (coord)
2.4000000000000012,1,2,0.0813,0.9187,120.0,0.9999999999999981,leader,RL-PPO
2.4000000000000012,2,2,0.2315,0.9204,120.0,0.9999999999999981,follower,DL-CNN (vision)
2.4000000000000012,3,2,0.3866,0.921,120.0,0.9999999999999981,follower,Classical-MPC
2.4000000000000012,4,2,0.5369,0.92,120.0,0.9999999999999981,follower,DL-CNN (vision)
2.4000000000000012,5,2,0.6921,0.9208,120.0,0.9999999999999981,safety-sentry,DL-Transformer (coord)
2.4000000000000012,6,2,0.8447,0.9201,120.0,0.9999999999999981,follower,IL-BC (behavior cloning)
2.4000000000000012,7,2,0.9213,0.5266,120.0,0.9999999999999981,follower,Classical-MPC
2.4000000000000012,8,2,0.92,0.6404,120.0,0.9999999999999981,leader,IL-BC (behavior cloning)
2.4000000000000012,9,2,0.9208,0.7786,120.0,0.9999999999999981,follower,RL-PPO
2.4000000000000012,10,2,0.9189,0.8922,120.0,0.9999999999999981,follower,DL-CNN (vision)
2.4000000000000012,11,2,0.1551,0.4989,120.0,0.9999999999999981,follower,DL-CNN (vision)
2.4000000000000012,12,2,0.3079,0.4986,120.0,0.9999999999999981,edge-relay,RL-PPO
2.4000000000000012,13,2,0.4626,0.4986,120.0,0.9999999999999981,follower,DL-Transformer (coord)
2.4000000000000012,14,2,0.6135,0.5002,120.0,0.9999999999999981,leader,DL-Transformer (coord)
2.4000000000000012,15,2,0.7664,0.5005,120.0,0.9999999999999981,follower,Classical-MPC
2.4000000000000012,16,2,0.9187,0.4996,120.0,0.9999999999999981,safety-sentry,Classical-MPC
2.4000000000000012,17,2,0.0788,0.2004,120.0,0.9999999999999981,follower,RL-PPO
2.4000000000000012,18,2,0.0811,0.321,120.0,0.9999999999999981,follower,RL-SAC
2.4000000000000012,19,2,0.0787,0.44,120.0,0.9999999999999981,safety-sentry,DL-Transformer (coord)
2.4000000000000012,20,2,0.1195,0.0786,120.0,0.9999999999999981,leader,RL-PPO
2.4000000000000012,21,2,0.2709,0.0804,120.0,0.9999999999999981,follower,RL-SAC
2.4000000000000012,22,2,0.423,0.0813,120.0,0.9999999999999981,safety-sentry,DL-Transformer (coord)
2.4000000000000012,23,2,0.5778,0.0807,120.0,0.9999999999999981,follower,RL-PPO
2.4000000000000012,24,2,0.7304,0.0802,120.0,0.9999999999999981,follower,IL-BC (behavior cloning)
2.4000000000000012,25,2,0.9187,0.0796,120.0,0.9999999999999981,safety-sentry,Classical-MPC
2.4000000000000012,26,0,1.3309,0.9202,120.0,0.9999999999999981,follower,RL-PPO
2.4000000000000012,27,0,1.4976,0.9209,120.0,0.9999999999999981,follower,DL-Transformer (coord)
2.4000000000000012,28,0,1.6666,0.919,120.0,0.9999999999999981,follower,IL-BC (behavior cloning)
2.4000000000000012,29,0,1.8331,0.9208,120.0,0.9999999999999981,follower,Classical-MPC
2.4000000000000012,30,0,2.0029,0.9191,120.0,0.9999999999999981,follower,RL-SAC
2.4000000000000012,31,0,2.1691000000000003,0.9204,120.0,0.9999999999999981,follower,RL-PPO
2.4000000000000012,32,0,2.1709,0.5888,120.0,0.9999999999999981,follower,Classical-MPC
2.4000000000000012,33,0,2.1711,0.7114,120.0,0.9999999999999981,follower,Classical-MPC
2.4000000000000012,34,0,2.1691000000000003,0.8608,120.0,0.9999999999999981,follower,RL-SAC
2.4000000000000012,35,0,2.1692,0.1118,120.0,0.9999999999999981,follower,DL-CNN (vision)
2.4000000000000012,36,0,2.1708,0.2419,120.0,0.9999999999999981,edge-relay,IL-BC (behavior cloning)
2.4000000000000012,37,0,2.1711,0.3698,120.0,0.9999999999999981,follower,Classical-MPC
2.4000000000000012,38,0,2.1687,0.4997,120.0,0.9999999999999981,follower,RL-PPO
2.4000000000000012,39,0,1.4569,0.0788,120.0,0.9999999999999981,follower,DL-Transformer (coord)
2.4000000000000012,40,0,1.6251,0.0814,120.0,0.9999999999999981,follower,Classical-MPC
2.4000000000000012,41,0,1.7917,0.0788,120.0,0.9999999999999981,follower,DL-Transformer (coord)
2.4000000000000012,42,0,2.0029,0.0791,120.0,0.9999999999999981,follower,RL-PPO
2.4000000000000012,43,0,2.1691000000000003,0.0804,120.0,0.9999999999999981,follower,RL-PPO
2.4000000000000012,44,0,1.3309,0.1757,120.0,0.9999999999999981,follower,RL-SAC
2.4000000000000012,45,0,1.3311,0.3076,120.0,0.9999999999999981,follower,Classical-MPC
2.4000000000000012,46,0,1.3296999999999999,0.4342,120.0,0.9999999999999981,follower,RL-PPO
2.4000000000000012,47,0,1.3292,0.5295,120.0,0.9999999999999981,follower,RL-PPO
2.4000000000000012,48,0,1.3308,0.6503,120.0,0.9999999999999981,safety-sentry,DL-CNN (vision)
2.4000000000000012,49,0,1.3311,0.769,120.0,0.9999999999999981,follower,RL-PPO
2.4000000000000012,50,0,1.3285,0.9199,120.0,0.9999999999999981,follower,RL-PPO
2.4000000000000012,51,2,2.5813,0.9187,120.0,0.9999999999999981,follower,RL-PPO
2.4000000000000012,52,2,2.7315,0.9204,120.0,0.9999999999999981,follower,DL-Transformer (coord)
2.4000000000000012,53,2,2.8866,0.921,120.0,0.9999999999999981,follower,IL-BC (behavior cloning)
2.4000000000000012,54,2,3.0369,0.92,120.0,0.9999999999999981,follower,DL-CNN (vision)
2.4000000000000012,55,2,3.1921,0.9208,120.0,0.9999999999999981,follower,RL-PPO
2.4000000000000012,56,2,3.3447,0.9201,120.0,0.9999999999999981,leader,DL-CNN (vision)
2.4000000000000012,57,2,3.4213,0.5266,120.0,0.9999999999999981,follower,DL-Transformer (coord)
2.4000000000000012,58,2,3.42,0.6404,120.0,0.9999999999999981,follower,Classical-MPC
2.4000000000000012,59,2,3.4208,0.7786,120.0,0.9999999999999981,follower,Classical-MPC
2.4000000000000012,60,2,3.4189,0.8922,120.0,0.9999999999999981,follower,RL-SAC
2.4000000000000012,61,2,2.6551,0.4989,120.0,0.9999999999999981,safety-sentry,RL-PPO
2.4000000000000012,62,2,2.8079,0.4986,120.0,0.9999999999999981,follower,Classical-MPC
2.4000000000000012,63,2,2.9626,0.4986,120.0,0.9999999999999981,leader,Classical-MPC
2.4000000000000012,64,2,3.1135,0.5002,120.0,0.9999999999999981,follower,DL-CNN (vision)
2.4000000000000012,65,2,3.2664,0.5005,120.0,0.9999999999999981,follower,IL-BC (behavior cloning)
2.4000000000000012,66,2,3.4187,0.4996,120.0,0.9999999999999981,follower,Classical-MPC
2.4000000000000012,67,2,2.5788,0.2004,120.0,0.9999999999999981,safety-sentry,DL-Transformer (coord)
2.4000000000000012,68,2,2.5811,0.321,120.0,0.9999999999999981,safety-sentry,Classical-MPC
2.4000000000000012,69,2,2.5787,0.44,120.0,0.9999999999999981,edge-relay,RL-PPO
2.4000000000000012,70,2,2.6195,0.0786,120.0,0.9999999999999981,follower,RL-SAC
2.4000000000000012,71,2,2.7709,0.0804,120.0,0.9999999999999981,edge-relay,RL-SAC
2.4000000000000012,72,2,2.923,0.0813,120.0,0.9999999999999981,follower,RL-PPO
2.4000000000000012,73,2,3.0778,0.0807,120.0,0.9999999999999981,follower,Classical-MPC
2.4000000000000012,74,2,3.2304,0.0802,120.0,0.9999999999999981,follower,RL-PPO
2.4000000000000012,75,2,3.4187,0.0796,120.0,0.9999999999999981,follower,DL-Transformer (coord)
2.4000000000000012,76,5,3.8315,0.9211,120.0,0.9999999999999981,follower,RL-PPO
2.4000000000000012,77,5,3.9841,0.9189,120.0,0.9999999999999981,follower,DL-CNN (vision)
2.4000000000000012,78,5,4.1362,0.9189,120.0,0.9999999999999981,follower,DL-CNN (vision)
2.4000000000000012,79,5,4.2891,0.9195,120.0,0.9999999999999981,follower,RL-SAC
2.4000000000000012,80,5,4.4395,0.9193,120.0,0.9999999999999981,follower,DL-Transformer (coord)
2.4000000000000012,81,5,4.5938,0.9207,120.0,0.9999999999999981,follower,DL-Transformer (coord)
2.4000000000000012,82,5,3.8292,0.5294,120.0,0.9999999999999981,follower,DL-CNN (vision)
2.4000000000000012,83,5,3.8301,0.6396,120.0,0.9999999999999981,follower,IL-BC (behavior cloning)
2.4000000000000012,84,5,3.8307,0.7799,120.0,0.9999999999999981,follower,RL-PPO
2.4000000000000012,85,5,3.8297,0.8923,120.0,0.9999999999999981,edge-relay,RL-SAC
2.4000000000000012,86,5,3.9061,0.5013,120.0,0.9999999999999981,follower,DL-CNN (vision)
2.4000000000000012,87,5,4.0602,0.4987,120.0,0.9999999999999981,follower,DL-CNN (vision)
2.4000000000000012,88,5,4.2125,0.4999,120.0,0.9999999999999981,follower,RL-SAC
2.4000000000000012,89,5,4.3643,0.5003,120.0,0.9999999999999981,edge-relay,Classical-MPC
2.4000000000000012,90,5,4.5163,0.5008,120.0,0.9999999999999981,follower,Classical-MPC
2.4000000000000012,91,5,4.6686,0.4999,120.0,0.9999999999999981,edge-relay,RL-PPO
2.4000000000000012,92,5,4.6714,0.1989,120.0,0.9999999999999981,safety-sentry,DL-CNN (vision)
2.4000000000000012,93,5,4.6708,0.3189,120.0,0.9999999999999981,leader,RL-SAC
2.4000000000000012,94,5,4.6709,0.4395,120.0,0.9999999999999981,edge-relay,DL-CNN (vision)
2.4000000000000012,95,5,3.8673,0.0814,120.0,0.9999999999999981,follower,RL-SAC
2.4000000000000012,96,5,4.021,0.0796,120.0,0.9999999999999981,follower,DL-Transformer (coord)
2.4000000000000012,97,5,4.1739,0.0797,120.0,0.9999999999999981,edge-relay,Classical-MPC
2.4000000000000012,98,5,4.327,0.0805,120.0,0.9999999999999981,follower,DL-CNN (vision)
2.4000000000000012,99,5,4.4793,0.079,120.0,0.9999999999999981,follower,DL-Transformer (coord)
2.4000000000000012,100,5,4.6686,0.0799,120.0,0.9999999999999981,follower,DL-Transformer (coord)
2.4400000000000013,1,2,0.0813,0.9187,120.0,0.933333333333331,leader,RL-PPO
2.4400000000000013,2,2,0.2315,0.9204,120.0,0.933333333333331,follower,DL-CNN (vision)
2.4400000000000013,3,2,0.3866,0.921,120.0,0.933333333333331,follower,Classical-MPC
2.4400000000000013,4,2,0.5369,0.92,120.0,0.933333333333331,follower,DL-CNN (vision)
2.4400000000000013,5,2,0.6921,0.9208,120.0,0.933333333333331,safety-sentry,DL-Transformer (coord)
2.4400000000000013,6,2,0.8447,0.9201,120.0,0.933333333333331,follower,IL-BC (behavior cloning)
2.4400000000000013,7,2,0.9213,0.5266,120.0,0.933333333333331,follower,Classical-MPC
2.4400000000000013,8,2,0.92,0.6404,120.0,0.933333333333331,leader,IL-BC (behavior cloning)
2.4400000000000013,9,2,0.9208,0.7786,120.0,0.933333333333331,follower,RL-PPO
2.4400000000000013,10,2,0.9189,0.8922,120.0,0.933333333333331,follower,DL-CNN (vision)
2.4400000000000013,11,2,0.1551,0.4989,120.0,0.933333333333331,follower,DL-CNN (vision)
2.4400000000000013,12,2,0.3079,0.4986,120.0,0.933333333333331,edge-relay,RL-PPO
2.4400000000000013,13,2,0.4626,0.4986,120.0,0.933333333333331,follower,DL-Transformer (coord)
2.4400000000000013,14,2,0.6135,0.5002,120.0,0.933333333333331,leader,DL-Transformer (coord)
2.4400000000000013,15,2,0.7664,0.5005,120.0,0.933333333333331,follower,Classical-MPC
2.4400000000000013,16,2,0.9187,0.4996,120.0,0.933333333333331,safety-sentry,Classical-MPC
2.4400000000000013,17,2,0.0788,0.2004,120.0,0.933333333333331,follower,RL-PPO
2.4400000000000013,18,2,0.0811,0.321,120.0,0.933333333333331,follower,RL-SAC
2.4400000000000013,19,2,0.0787,0.44,120.0,0.933333333333331,safety-sentry,DL-Transformer (coord)
2.4400000000000013,20,2,0.1195,0.0786,120.0,0.933333333333331,leader,RL-PPO
2.4400000000000013,21,2,0.2709,0.0804,120.0,0.933333333333331,follower,RL-SAC
2.4400000000000013,22,2,0.423,0.0813,120.0,0.933333333333331,safety-sentry,DL-Transformer (coord)
2.4400000000000013,23,2,0.5778,0.0807,120.0,0.933333333333331,follower,RL-PPO
2.4400000000000013,24,2,0.7304,0.0802,120.0,0.933333333333331,follower,IL-BC (behavior cloning)
2.4400000000000013,25,2,0.9187,0.0796,120.0,0.933333333333331,safety-sentry,Classical-MPC
2.4400000000000013,26,0,1.3309,0.9202,120.0,0.933333333333331,follower,RL-PPO
2.4400000000000013,27,0,1.4976,0.9209,120.0,0.933333333333331,follower,DL-Transformer (coord)
2.4400000000000013,28,0,1.6666,0.919,120.0,0.933333333333331,follower,IL-BC (behavior cloning)
2.4400000000000013,29,0,1.8331,0.9208,120.0,0.933333333333331,follower,Classical-MPC
2.4400000000000013,30,0,2.0029,0.9191,120.0,0.933333333333331,follower,RL-SAC
2.4400000000000013,31,0,2.1691000000000003,0.9204,120.0,0.933333333333331,follower,RL-PPO
2.4400000000000013,32,0,2.1709,0.5888,120.0,0.933333333333331,follower,Classical-MPC
2.4400000000000013,33,0,2.1711,0.7114,120.0,0.933333333333331,follower,Classical-MPC
2.4400000000000013,34,0,2.1691000000000003,0.8608,120.0,0.933333333333331,follower,RL-SAC
2.4400000000000013,35,0,2.1692,0.1118,120.0,0.933333333333331,follower,DL-CNN (vision)
2.4400000000000013,36,0,2.1708,0.2419,120.0,0.933333333333331,edge-relay,IL-BC (behavior cloning)
2.4400000000000013,37,0,2.1711,0.3698,120.0,0.933333333333331,follower,Classical-MPC
2.4400000000000013,38,0,2.1687,0.4997,120.0,0.933333333333331,follower,RL-PPO
2.4400000000000013,39,0,1.4569,0.0788,120.0,0.933333333333331,follower,DL-Transformer (coord)
2.4400000000000013,40,0,1.6251,0.0814,120.0,0.933333333333331,follower,Classical-MPC
2.4400000000000013,41,0,1.7917,0.0788,120.0,0.933333333333331,follower,DL-Transformer (coord)
2.4400000000000013,42,0,2.0029,0.0791,120.0,0.933333333333331,follower,RL-PPO
2.4400000000000013,43,0,2.1691000000000003,0.0804,120.0,0.933333333333331,follower,RL-PPO
2.4400000000000013,44,0,1.3309,0.1757,120.0,0.933333333333331,follower,RL-SAC
2.4400000000000013,45,0,1.3311,0.3076,120.0,0.933333333333331,follower,Classical-MPC
2.4400000000000013,46,0,1.3296999999999999,0.4342,120.0,0.933333333333331,follower,RL-PPO
2.4400000000000013,47,0,1.3292,0.5295,120.0,0.933333333333331,follower,RL-PPO
2.4400000000000013,48,0,1.3308,0.6503,120.0,0.933333333333331,safety-sentry,DL-CNN (vision)
2.4400000000000013,49,0,1.3311,0.769,120.0,0.933333333333331,follower,RL-PPO
2.4400000000000013,50,0,1.3285,0.9199,120.0,0.933333333333331,follower,RL-PPO
2.4400000000000013,51,2,2.5813,0.9187,120.0,0.933333333333331,follower,RL-PPO
2.4400000000000013,52,2,2.7315,0.9204,120.0,0.933333333333331,follower,DL-Transformer (coord)
2.4400000000000013,53,2,2.8866,0.921,120.0,0.933333333333331,follower,IL-BC (behavior cloning)
2.4400000000000013,54,2,3.0369,0.92,120.0,0.933333333333331,follower,DL-CNN (vision)
2.4400000000000013,55,2,3.1921,0.9208,120.0,0.933333333333331,follower,RL-PPO
2.4400000000000013,56,2,3.3447,0.9201,120.0,0.933333333333331,leader,DL-CNN (vision)
2.4400000000000013,57,2,3.4213,0.5266,120.0,0.933333333333331,follower,DL-Transformer (coord)
2.4400000000000013,58,2,3.42,0.6404,120.0,0.933333333333331,follower,Classical-MPC
2.4400000000000013,59,2,3.4208,0.7786,120.0,0.933333333333331,follower,Classical-MPC
2.4400000000000013,60,2,3.4189,0.8922,120.0,0.933333333333331,follower,RL-SAC
2.4400000000000013,61,2,2.6551,0.4989,120.0,0.933333333333331,safety-sentry,RL-PPO
2.4400000000000013,62,2,2.8079,0.4986,120.0,0.933333333333331,follower,Classical-MPC
2.4400000000000013,63,2,2.9626,0.4986,120.0,0.933333333333331,leader,Classical-MPC
2.4400000000000013,64,2,3.1135,0.5002,120.0,0.933333333333331,follower,DL-CNN (vision)
2.4400000000000013,65,2,3.2664,0.5005,120.0,0.933333333333331,follower,IL-BC (behavior cloning)
2.4400000000000013,66,2,3.4187,0.4996,120.0,0.933333333333331,follower,Classical-MPC
2.4400000000000013,67,2,2.5788,0.2004,120.0,0.933333333333331,safety-sentry,DL-Transformer (coord)
2.4400000000000013,68,2,2.5811,0.321,120.0,0.933333333333331,safety-sentry,Classical-MPC
2.4400000000000013,69,2,2.5787,0.44,120.0,0.933333333333331,edge-relay,RL-PPO
2.4400000000000013,70,2,2.6195,0.0786,120.0,0.933333333333331,follower,RL-SAC
2.4400000000000013,71,2,2.7709,0.0804,120.0,0.933333333333331,edge-relay,RL-SAC
2.4400000000000013,72,2,2.923,0.0813,120.0,0.933333333333331,follower,RL-PPO
2.4400000000000013,73,2,3.0778,0.0807,120.0,0.933333333333331,follower,Classical-MPC
2.4400000000000013,74,2,3.2304,0.0802,120.0,0.933333333333331,follower,RL-PPO
2.4400000000000013,75,2,3.4187,0.0796,120.0,0.933333333333331,follower,DL-Transformer (coord)
2.4400000000000013,76,5,3.8315,0.9211,120.0,0.933333333333331,follower,RL-PPO
2.4400000000000013,77,5,3.9841,0.9189,120.0,0.933333333333331,follower,DL-CNN (vision)
2.4400000000000013,78,5,4.1362,0.9189,120.0,0.933333333333331,follower,DL-CNN (vision)
2.4400000000000013,79,5,4.2891,0.9195,120.0,0.933333333333331,follower,RL-SAC
2.4400000000000013,80,5,4.4395,0.9193,120.0,0.933333333333331,follower,DL-Transformer (coord)
2.4400000000000013,81,5,4.5938,0.9207,120.0,0.933333333333331,follower,DL-Transformer (coord)
2.4400000000000013,82,5,3.8292,0.5294,120.0,0.933333333333331,follower,DL-CNN (vision)
2.4400000000000013,83,5,3.8301,0.6396,120.0,0.933333333333331,follower,IL-BC (behavior cloning)
2.4400000000000013,84,5,3.8307,0.7799,120.0,0.933333333333331,follower,RL-PPO
2.4400000000000013,85,5,3.8297,0.8923,120.0,0.933333333333331,edge-relay,RL-SAC
2.4400000000000013,86,5,3.9061,0.5013,120.0,0.933333333333331,follower,DL-CNN (vision)
2.4400000000000013,87,5,4.0602,0.4987,120.0,0.933333333333331,follower,DL-CNN (vision)
2.4400000000000013,88,5,4.2125,0.4999,120.0,0.933333333333331,follower,RL-SAC
2.4400000000000013,89,5,4.3643,0.5003,120.0,0.933333333333331,edge-relay,Classical-MPC
2.4400000000000013,90,5,4.5163,0.5008,120.0,0.933333333333331,follower,Classical-MPC
2.4400000000000013,91,5,4.6686,0.4999,120.0,0.933333333333331,edge-relay,RL-PPO
2.4400000000000013,92,5,4.6714,0.1989,120.0,0.933333333333331,safety-sentry,DL-CNN (vision)
2.4400000000000013,93,5,4.6708,0.3189,120.0,0.933333333333331,leader,RL-SAC
2.4400000000000013,94,5,4.6709,0.4395,120.0,0.933333333333331,edge-relay,DL-CNN (vision)
2.4400000000000013,95,5,3.8673,0.0814,120.0,0.933333333333331,follower,RL-SAC
2.4400000000000013,96,5,4.021,0.0796,120.0,0.933333333333331,follower,DL-Transformer (coord)
2.4400000000000013,97,5,4.1739,0.0797,120.0,0.933333333333331,edge-relay,Classical-MPC
2.4400000000000013,98,5,4.327,0.0805,120.0,0.933333333333331,follower,DL-CNN (vision)
2.4400000000000013,99,5,4.4793,0.079,120.0,0.933333333333331,follower,DL-Transformer (coord)
2.4400000000000013,100,5,4.6686,0.0799,120.0,0.933333333333331,follower,DL-Transformer (coord)
2.4800000000000013,1,2,0.0813,0.9187,120.0,0.8666666666666645,leader,RL-PPO
2.4800000000000013,2,2,0.2315,0.9204,120.0,0.8666666666666645,follower,DL-CNN (vision)
2.4800000000000013,3,2,0.3866,0.921,120.0,0.8666666666666645,follower,Classical-MPC
2.4800000000000013,4,2,0.5369,0.92,120.0,0.8666666666666645,follower,DL-CNN (vision)
2.4800000000000013,5,2,0.6921,0.9208,120.0,0.8666666666666645,safety-sentry,DL-Transformer (coord)
2.4800000000000013,6,2,0.8447,0.9201,120.0,0.8666666666666645,follower,IL-BC (behavior cloning)
2.4800000000000013,7,2,0.9213,0.5266,120.0,0.8666666666666645,follower,Classical-MPC
2.4800000000000013,8,2,0.92,0.6404,120.0,0.8666666666666645,leader,IL-BC (behavior cloning)
2.4800000000000013,9,2,0.9208,0.7786,120.0,0.8666666666666645,follower,RL-PPO
2.4800000000000013,10,2,0.9189,0.8922,120.0,0.8666666666666645,follower,DL-CNN (vision)
2.4800000000000013,11,2,0.1551,0.4989,120.0,0.8666666666666645,follower,DL-CNN (vision)
2.4800000000000013,12,2,0.3079,0.4986,120.0,0.8666666666666645,edge-relay,RL-PPO
2.4800000000000013,13,2,0.4626,0.4986,120.0,0.8666666666666645,follower,DL-Transformer (coord)
2.4800000000000013,14,2,0.6135,0.5002,120.0,0.8666666666666645,leader,DL-Transformer (coord)
2.4800000000000013,15,2,0.7664,0.5005,120.0,0.8666666666666645,follower,Classical-MPC
2.4800000000000013,16,2,0.9187,0.4996,120.0,0.8666666666666645,safety-sentry,Classical-MPC
2.4800000000000013,17,2,0.0788,0.2004,120.0,0.8666666666666645,follower,RL-PPO
2.4800000000000013,18,2,0.0811,0.321,120.0,0.8666666666666645,follower,RL-SAC
2.4800000000000013,19,2,0.0787,0.44,120.0,0.8666666666666645,safety-sentry,DL-Transformer (coord)
2.4800000000000013,20,2,0.1195,0.0786,120.0,0.8666666666666645,leader,RL-PPO
2.4800000000000013,21,2,0.2709,0.0804,120.0,0.8666666666666645,follower,RL-SAC
2.4800000000000013,22,2,0.423,0.0813,120.0,0.8666666666666645,safety-sentry,DL-Transformer (coord)
2.4800000000000013,23,2,0.5778,0.0807,120.0,0.8666666666666645,follower,RL-PPO
2.4800000000000013,24,2,0.7304,0.0802,120.0,0.8666666666666645,follower,IL-BC (behavior cloning)
2.4800000000000013,25,2,0.9187,0.0796,120.0,0.8666666666666645,safety-sentry,Classical-MPC
2.4800000000000013,26,0,1.3309,0.9202,120.0,0.8666666666666645,follower,RL-PPO
2.4800000000000013,27,0,1.4976,0.9209,120.0,0.8666666666666645,follower,DL-Transformer (coord)
2.4800000000000013,28,0,1.6666,0.919,120.0,0.8666666666666645,follower,IL-BC (behavior cloning)
2.4800000000000013,29,0,1.8331,0.9208,120.0,0.8666666666666645,follower,Classical-MPC
2.4800000000000013,30,0,2.0029,0.9191,120.0,0.8666666666666645,follower,RL-SAC
2.4800000000000013,31,0,2.1691000000000003,0.9204,120.0,0.8666666666666645,follower,RL-PPO
2.4800000000000013,32,0,2.1709,0.5888,120.0,0.8666666666666645,follower,Classical-MPC
2.4800000000000013,33,0,2.1711,0.7114,120.0,0.8666666666666645,follower,Classical-MPC
2.4800000000000013,34,0,2.1691000000000003,0.8608,120.0,0.8666666666666645,follower,RL-SAC
2.4800000000000013,35,0,2.1692,0.1118,120.0,0.8666666666666645,follower,DL-CNN (vision)
2.4800000000000013,36,0,2.1708,0.2419,120.0,0.8666666666666645,edge-relay,IL-BC (behavior cloning)
2.4800000000000013,37,0,2.1711,0.3698,120.0,0.8666666666666645,follower,Classical-MPC
2.4800000000000013,38,0,2.1687,0.4997,120.0,0.8666666666666645,follower,RL-PPO
2.4800000000000013,39,0,1.4569,0.0788,120.0,0.8666666666666645,follower,DL-Transformer (coord)
2.4800000000000013,40,0,1.6251,0.0814,120.0,0.8666666666666645,follower,Classical-MPC
2.4800000000000013,41,0,1.7917,0.0788,120.0,0.8666666666666645,follower,DL-Transformer (coord)
2.4800000000000013,42,0,2.0029,0.0791,120.0,0.8666666666666645,follower,RL-PPO
2.4800000000000013,43,0,2.1691000000000003,0.0804,120.0,0.8666666666666645,follower,RL-PPO
2.4800000000000013,44,0,1.3309,0.1757,120.0,0.8666666666666645,follower,RL-SAC
2.4800000000000013,45,0,1.3311,0.3076,120.0,0.8666666666666645,follower,Classical-MPC
2.4800000000000013,46,0,1.3296999999999999,0.4342,120.0,0.8666666666666645,follower,RL-PPO
2.4800000000000013,47,0,1.3292,0.5295,120.0,0.8666666666666645,follower,RL-PPO
2.4800000000000013,48,0,1.3308,0.6503,120.0,0.8666666666666645,safety-sentry,DL-CNN (vision)
2.4800000000000013,49,0,1.3311,0.769,120.0,0.8666666666666645,follower,RL-PPO
2.4800000000000013,50,0,1.3285,0.9199,120.0,0.8666666666666645,follower,RL-PPO
2.4800000000000013,51,2,2.5813,0.9187,120.0,0.8666666666666645,follower,RL-PPO
2.4800000000000013,52,2,2.7315,0.9204,120.0,0.8666666666666645,follower,DL-Transformer (coord)
2.4800000000000013,53,2,2.8866,0.921,120.0,0.8666666666666645,follower,IL-BC (behavior cloning)
2.4800000000000013,54,2,3.0369,0.92,120.0,0.8666666666666645,follower,DL-CNN (vision)
2.4800000000000013,55,2,3.1921,0.9208,120.0,0.8666666666666645,follower,RL-PPO
2.4800000000000013,56,2,3.3447,0.9201,120.0,0.8666666666666645,leader,DL-CNN (vision)
2.4800000000000013,57,2,3.4213,0.5266,120.0,0.8666666666666645,follower,DL-Transformer (coord)
2.4800000000000013,58,2,3.42,0.6404,120.0,0.8666666666666645,follower,Classical-MPC
2.4800000000000013,59,2,3.4208,0.7786,120.0,0.8666666666666645,follower,Classical-MPC
2.4800000000000013,60,2,3.4189,0.8922,120.0,0.8666666666666645,follower,RL-SAC
2.4800000000000013,61,2,2.6551,0.4989,120.0,0.8666666666666645,safety-sentry,RL-PPO
2.4800000000000013,62,2,2.8079,0.4986,120.0,0.8666666666666645,follower,Classical-MPC
2.4800000000000013,63,2,2.9626,0.4986,120.0,0.8666666666666645,leader,Classical-MPC
2.4800000000000013,64,2,3.1135,0.5002,120.0,0.8666666666666645,follower,DL-CNN (vision)
2.4800000000000013,65,2,3.2664,0.5005,120.0,0.8666666666666645,follower,IL-BC (behavior cloning)
2.4800000000000013,66,2,3.4187,0.4996,120.0,0.8666666666666645,follower,Classical-MPC
2.4800000000000013,67,2,2.5788,0.2004,120.0,0.8666666666666645,safety-sentry,DL-Transformer (coord)
2.4800000000000013,68,2,2.5811,0.321,120.0,0.8666666666666645,safety-sentry,Classical-MPC
2.4800000000000013,69,2,2.5787,0.44,120.0,0.8666666666666645,edge-relay,RL-PPO
2.4800000000000013,70,2,2.6195,0.0786,120.0,0.8666666666666645,follower,RL-SAC
2.4800000000000013,71,2,2.7709,0.0804,120.0,0.8666666666666645,edge-relay,RL-SAC
2.4800000000000013,72,2,2.923,0.0813,120.0,0.8666666666666645,follower,RL-PPO
2.4800000000000013,73,2,3.0778,0.0807,120.0,0.8666666666666645,follower,Classical-MPC
2.4800000000000013,74,2,3.2304,0.0802,120.0,0.8666666666666645,follower,RL-PPO
2.4800000000000013,75,2,3.4187,0.0796,120.0,0.8666666666666645,follower,DL-Transformer (coord)
2.4800000000000013,76,5,3.8315,0.9211,120.0,0.8666666666666645,follower,RL-PPO
2.4800000000000013,77,5,3.9841,0.9189,120.0,0.8666666666666645,follower,DL-CNN (vision)
2.4800000000000013,78,5,4.1362,0.9189,120.0,0.8666666666666645,follower,DL-CNN (vision)
2.4800000000000013,79,5,4.2891,0.9195,120.0,0.8666666666666645,follower,RL-SAC
2.4800000000000013,80,5,4.4395,0.9193,120.0,0.8666666666666645,follower,DL-Transformer (coord)
2.4800000000000013,81,5,4.5938,0.9207,120.0,0.8666666666666645,follower,DL-Transformer (coord)
2.4800000000000013,82,5,3.8292,0.5294,120.0,0.8666666666666645,follower,DL-CNN (vision)
2.4800000000000013,83,5,3.8301,0.6396,120.0,0.8666666666666645,follower,IL-BC (behavior cloning)
2.4800000000000013,84,5,3.8307,0.7799,120.0,0.8666666666666645,follower,RL-PPO
2.4800000000000013,85,5,3.8297,0.8923,120.0,0.8666666666666645,edge-relay,RL-SAC
2.4800000000000013,86,5,3.9061,0.5013,120.0,0.8666666666666645,follower,DL-CNN (vision)
2.4800000000000013,87,5,4.0602,0.4987,120.0,0.8666666666666645,follower,DL-CNN (vision)
2.4800000000000013,88,5,4.2125,0.4999,120.0,0.8666666666666645,follower,RL-SAC
2.4800000000000013,89,5,4.3643,0.5003,120.0,0.8666666666666645,edge-relay,Classical-MPC
2.4800000000000013,90,5,4.5163,0.5008,120.0,0.8666666666666645,follower,Classical-MPC
2.4800000000000013,91,5,4.6686,0.4999,120.0,0.8666666666666645,edge-relay,RL-PPO
2.4800000000000013,92,5,4.6714,0.1989,120.0,0.8666666666666645,safety-sentry,DL-CNN (vision)
2.4800000000000013,93,5,4.6708,0.3189,120.0,0.8666666666666645,leader,RL-SAC
2.4800000000000013,94,5,4.6709,0.4395,120.0,0.8666666666666645,edge-relay,DL-CNN (vision)
2.4800000000000013,95,5,3.8673,0.0814,120.0,0.8666666666666645,follower,RL-SAC
2.4800000000000013,96,5,4.021,0.0796,120.0,0.8666666666666645,follower,DL-Transformer (coord)
2.4800000000000013,97,5,4.1739,0.0797,120.0,0.8666666666666645,edge-relay,Classical-MPC
2.4800000000000013,98,5,4.327,0.0805,120.0,0.8666666666666645,follower,DL-CNN (vision)
2.4800000000000013,99,5,4.4793,0.079,120.0,0.8666666666666645,follower,DL-Transformer (coord)
2.4800000000000013,100,5,4.6686,0.0799,120.0,0.8666666666666645,follower,DL-Transformer (coord)
2.5200000000000014,1,2,0.0813,0.9187,120.0,0.7999999999999979,leader,RL-PPO
2.5200000000000014,2,2,0.2315,0.9204,120.0,0.7999999999999979,follower,DL-CNN (vision)
2.5200000000000014,3,2,0.3866,0.921,120.0,0.7999999999999979,follower,Classical-MPC
2.5200000000000014,4,2,0.5369,0.92,120.0,0.7999999999999979,follower,DL-CNN (vision)
2.5200000000000014,5,2,0.6921,0.9208,120.0,0.7999999999999979,safety-sentry,DL-Transformer (coord)
2.5200000000000014,6,2,0.8447,0.9201,120.0,0.7999999999999979,follower,IL-BC (behavior cloning)
2.5200000000000014,7,2,0.9213,0.5266,120.0,0.7999999999999979,follower,Classical-MPC
2.5200000000000014,8,2,0.92,0.6404,120.0,0.7999999999999979,leader,IL-BC (behavior cloning)
2.5200000000000014,9,2,0.9208,0.7786,120.0,0.7999999999999979,follower,RL-PPO
2.5200000000000014,10,2,0.9189,0.8922,120.0,0.7999999999999979,follower,DL-CNN (vision)
2.5200000000000014,11,2,0.1551,0.4989,120.0,0.7999999999999979,follower,DL-CNN (vision)
2.5200000000000014,12,2,0.3079,0.4986,120.0,0.7999999999999979,edge-relay,RL-PPO
2.5200000000000014,13,2,0.4626,0.4986,120.0,0.7999999999999979,follower,DL-Transformer (coord)
2.5200000000000014,14,2,0.6135,0.5002,120.0,0.7999999999999979,leader,DL-Transformer (coord)
2.5200000000000014,15,2,0.7664,0.5005,120.0,0.7999999999999979,follower,Classical-MPC
2.5200000000000014,16,2,0.9187,0.4996,120.0,0.7999999999999979,safety-sentry,Classical-MPC
2.5200000000000014,17,2,0.0788,0.2004,120.0,0.7999999999999979,follower,RL-PPO
2.5200000000000014,18,2,0.0811,0.321,120.0,0.7999999999999979,follower,RL-SAC
2.5200000000000014,19,2,0.0787,0.44,120.0,0.7999999999999979,safety-sentry,DL-Transformer (coord)
2.5200000000000014,20,2,0.1195,0.0786,120.0,0.7999999999999979,leader,RL-PPO
2.5200000000000014,21,2,0.2709,0.0804,120.0,0.7999999999999979,follower,RL-SAC
2.5200000000000014,22,2,0.423,0.0813,120.0,0.7999999999999979,safety-sentry,DL-Transformer (coord)
2.5200000000000014,23,2,0.5778,0.0807,120.0,0.7999999999999979,follower,RL-PPO
2.5200000000000014,24,2,0.7304,0.0802,120.0,0.7999999999999979,follower,IL-BC (behavior cloning)
2.5200000000000014,25,2,0.9187,0.0796,120.0,0.7999999999999979,safety-sentry,Classical-MPC
2.5200000000000014,26,0,1.3309,0.9202,120.0,0.7999999999999979,follower,RL-PPO
2.5200000000000014,27,0,1.4976,0.9209,120.0,0.7999999999999979,follower,DL-Transformer (coord)
2.5200000000000014,28,0,1.6666,0.919,120.0,0.7999999999999979,follower,IL-BC (behavior cloning)
2.5200000000000014,29,0,1.8331,0.9208,120.0,0.7999999999999979,follower,Classical-MPC
2.5200000000000014,30,0,2.0029,0.9191,120.0,0.7999999999999979,follower,RL-SAC
2.5200000000000014,31,0,2.1691000000000003,0.9204,120.0,0.7999999999999979,follower,RL-PPO
2.5200000000000014,32,0,2.1709,0.5888,120.0,0.7999999999999979,follower,Classical-MPC
2.5200000000000014,33,0,2.1711,0.7114,120.0,0.7999999999999979,follower,Classical-MPC
2.5200000000000014,34,0,2.1691000000000003,0.8608,120.0,0.7999999999999979,follower,RL-SAC
2.5200000000000014,35,0,2.1692,0.1118,120.0,0.7999999999999979,follower,DL-CNN (vision)
2.5200000000000014,36,0,2.1708,0.2419,120.0,0.7999999999999979,edge-relay,IL-BC (behavior cloning)
2.5200000000000014,37,0,2.1711,0.3698,120.0,0.7999999999999979,follower,Classical-MPC
2.5200000000000014,38,0,2.1687,0.4997,120.0,0.7999999999999979,follower,RL-PPO
2.5200000000000014,39,0,1.4569,0.0788,120.0,0.7999999999999979,follower,DL-Transformer (coord)
2.5200000000000014,40,0,1.6251,0.0814,120.0,0.7999999999999979,follower,Classical-MPC
2.5200000000000014,41,0,1.7917,0.0788,120.0,0.7999999999999979,follower,DL-Transformer (coord)
2.5200000000000014,42,0,2.0029,0.0791,120.0,0.7999999999999979,follower,RL-PPO
2.5200000000000014,43,0,2.1691000000000003,0.0804,120.0,0.7999999999999979,follower,RL-PPO
2.5200000000000014,44,0,1.3309,0.1757,120.0,0.7999999999999979,follower,RL-SAC
2.5200000000000014,45,0,1.3311,0.3076,120.0,0.7999999999999979,follower,Classical-MPC
2.5200000000000014,46,0,1.3296999999999999,0.4342,120.0,0.7999999999999979,follower,RL-PPO
2.5200000000000014,47,0,1.3292,0.5295,120.0,0.7999999999999979,follower,RL-PPO
2.5200000000000014,48,0,1.3308,0.6503,120.0,0.7999999999999979,safety-sentry,DL-CNN (vision)
2.5200000000000014,49,0,1.3311,0.769,120.0,0.7999999999999979,follower,RL-PPO
2.5200000000000014,50,0,1.3285,0.9199,120.0,0.7999999999999979,follower,RL-PPO
2.5200000000000014,51,2,2.5813,0.9187,120.0,0.7999999999999979,follower,RL-PPO
2.5200000000000014,52,2,2.7315,0.9204,120.0,0.7999999999999979,follower,DL-Transformer (coord)
2.5200000000000014,53,2,2.8866,0.921,120.0,0.7999999999999979,follower,IL-BC (behavior cloning)
2.5200000000000014,54,2,3.0369,0.92,120.0,0.7999999999999979,follower,DL-CNN (vision)
2.5200000000000014,55,2,3.1921,0.9208,120.0,0.7999999999999979,follower,RL-PPO
2.5200000000000014,56,2,3.3447,0.9201,120.0,0.7999999999999979,leader,DL-CNN (vision)
2.5200000000000014,57,2,3.4213,0.5266,120.0,0.7999999999999979,follower,DL-Transformer (coord)
2.5200000000000014,58,2,3.42,0.6404,120.0,0.7999999999999979,follower,Classical-MPC
2.5200000000000014,59,2,3.4208,0.7786,120.0,0.7999999999999979,follower,Classical-MPC
2.5200000000000014,60,2,3.4189,0.8922,120.0,0.7999999999999979,follower,RL-SAC
2.5200000000000014,61,2,2.6551,0.4989,120.0,0.7999999999999979,safety-sentry,RL-PPO
2.5200000000000014,62,2,2.8079,0.4986,120.0,0.7999999999999979,follower,Classical-MPC
2.5200000000000014,63,2,2.9626,0.4986,120.0,0.7999999999999979,leader,Classical-MPC
2.5200000000000014,64,2,3.1135,0.5002,120.0,0.7999999999999979,follower,DL-CNN (vision)
2.5200000000000014,65,2,3.2664,0.5005,120.0,0.7999999999999979,follower,IL-BC (behavior cloning)
2.5200000000000014,66,2,3.4187,0.4996,120.0,0.7999999999999979,follower,Classical-MPC
2.5200000000000014,67,2,2.5788,0.2004,120.0,0.7999999999999979,safety-sentry,DL-Transformer (coord)
2.5200000000000014,68,2,2.5811,0.321,120.0,0.7999999999999979,safety-sentry,Classical-MPC
2.5200000000000014,69,2,2.5787,0.44,120.0,0.7999999999999979,edge-relay,RL-PPO
2.5200000000000014,70,2,2.6195,0.0786,120.0,0.7999999999999979,follower,RL-SAC
2.5200000000000014,71,2,2.7709,0.0804,120.0,0.7999999999999979,edge-relay,RL-SAC
2.5200000000000014,72,2,2.923,0.0813,120.0,0.7999999999999979,follower,RL-PPO
2.5200000000000014,73,2,3.0778,0.0807,120.0,0.7999999999999979,follower,Classical-MPC
2.5200000000000014,74,2,3.2304,0.0802,120.0,0.7999999999999979,follower,RL-PPO
2.5200000000000014,75,2,3.4187,0.0796,120.0,0.7999999999999979,follower,DL-Transformer (coord)
2.5200000000000014,76,5,3.8315,0.9211,120.0,0.7999999999999979,follower,RL-PPO
2.5200000000000014,77,5,3.9841,0.9189,120.0,0.7999999999999979,follower,DL-CNN (vision)
2.5200000000000014,78,5,4.1362,0.9189,120.0,0.7999999999999979,follower,DL-CNN (vision)
2.5200000000000014,79,5,4.2891,0.9195,120.0,0.7999999999999979,follower,RL-SAC
2.5200000000000014,80,5,4.4395,0.9193,120.0,0.7999999999999979,follower,DL-Transformer (coord)
2.5200000000000014,81,5,4.5938,0.9207,120.0,0.7999999999999979,follower,DL-Transformer (coord)
2.5200000000000014,82,5,3.8292,0.5294,120.0,0.7999999999999979,follower,DL-CNN (vision)
2.5200000000000014,83,5,3.8301,0.6396,120.0,0.7999999999999979,follower,IL-BC (behavior cloning)
2.5200000000000014,84,5,3.8307,0.7799,120.0,0.7999999999999979,follower,RL-PPO
2.5200000000000014,85,5,3.8297,0.8923,120.0,0.7999999999999979,edge-relay,RL-SAC
2.5200000000000014,86,5,3.9061,0.5013,120.0,0.7999999999999979,follower,DL-CNN (vision)
2.5200000000000014,87,5,4.0602,0.4987,120.0,0.7999999999999979,follower,DL-CNN (vision)
2.5200000000000014,88,5,4.2125,0.4999,120.0,0.7999999999999979,follower,RL-SAC
2.5200000000000014,89,5,4.3643,0.5003,120.0,0.7999999999999979,edge-relay,Classical-MPC
2.5200000000000014,90,5,4.5163,0.5008,120.0,0.7999999999999979,follower,Classical-MPC
2.5200000000000014,91,5,4.6686,0.4999,120.0,0.7999999999999979,edge-relay,RL-PPO
2.5200000000000014,92,5,4.6714,0.1989,120.0,0.7999999999999979,safety-sentry,DL-CNN (vision)
2.5200000000000014,93,5,4.6708,0.3189,120.0,0.7999999999999979,leader,RL-SAC
2.5200000000000014,94,5,4.6709,0.4395,120.0,0.7999999999999979,edge-relay,DL-CNN (vision)
2.5200000000000014,95,5,3.8673,0.0814,120.0,0.7999999999999979,follower,RL-SAC
2.5200000000000014,96,5,4.021,0.0796,120.0,0.7999999999999979,follower,DL-Transformer (coord)
2.5200000000000014,97,5,4.1739,0.0797,120.0,0.7999999999999979,edge-relay,Classical-MPC
2.5200000000000014,98,5,4.327,0.0805,120.0,0.7999999999999979,follower,DL-CNN (vision)
2.5200000000000014,99,5,4.4793,0.079,120.0,0.7999999999999979,follower,DL-Transformer (coord)
2.5200000000000014,100,5,4.6686,0.0799,120.0,0.7999999999999979,follower,DL-Transformer (coord)
2.5600000000000014,1,2,0.0813,0.9187,120.0,0.7333333333333308,leader,RL-PPO
2.5600000000000014,2,2,0.2315,0.9204,120.0,0.7333333333333308,follower,DL-CNN (vision)
2.5600000000000014,3,2,0.3866,0.921,120.0,0.7333333333333308,follower,Classical-MPC
2.5600000000000014,4,2,0.5369,0.92,120.0,0.7333333333333308,follower,DL-CNN (vision)
2.5600000000000014,5,2,0.6921,0.9208,120.0,0.7333333333333308,safety-sentry,DL-Transformer (coord)
2.5600000000000014,6,2,0.8447,0.9201,120.0,0.7333333333333308,follower,IL-BC (behavior cloning)
2.5600000000000014,7,2,0.9213,0.5266,120.0,0.7333333333333308,follower,Classical-MPC
2.5600000000000014,8,2,0.92,0.6404,120.0,0.7333333333333308,leader,IL-BC (behavior cloning)
2.5600000000000014,9,2,0.9208,0.7786,120.0,0.7333333333333308,follower,RL-PPO
2.5600000000000014,10,2,0.9189,0.8922,120.0,0.7333333333333308,follower,DL-CNN (vision)
2.5600000000000014,11,2,0.1551,0.4989,120.0,0.7333333333333308,follower,DL-CNN (vision)
2.5600000000000014,12,2,0.3079,0.4986,120.0,0.7333333333333308,edge-relay,RL-PPO
2.5600000000000014,13,2,0.4626,0.4986,120.0,0.7333333333333308,follower,DL-Transformer (coord)
2.5600000000000014,14,2,0.6135,0.5002,120.0,0.7333333333333308,leader,DL-Transformer (coord)
2.5600000000000014,15,2,0.7664,0.5005,120.0,0.7333333333333308,follower,Classical-MPC
2.5600000000000014,16,2,0.9187,0.4996,120.0,0.7333333333333308,safety-sentry,Classical-MPC
2.5600000000000014,17,2,0.0788,0.2004,120.0,0.7333333333333308,follower,RL-PPO
2.5600000000000014,18,2,0.0811,0.321,120.0,0.7333333333333308,follower,RL-SAC
2.5600000000000014,19,2,0.0787,0.44,120.0,0.7333333333333308,safety-sentry,DL-Transformer (coord)
2.5600000000000014,20,2,0.1195,0.0786,120.0,0.7333333333333308,leader,RL-PPO
2.5600000000000014,21,2,0.2709,0.0804,120.0,0.7333333333333308,follower,RL-SAC
2.5600000000000014,22,2,0.423,0.0813,120.0,0.7333333333333308,safety-sentry,DL-Transformer (coord)
2.5600000000000014,23,2,0.5778,0.0807,120.0,0.7333333333333308,follower,RL-PPO
2.5600000000000014,24,2,0.7304,0.0802,120.0,0.7333333333333308,follower,IL-BC (behavior cloning)
2.5600000000000014,25,2,0.9187,0.0796,120.0,0.7333333333333308,safety-sentry,Classical-MPC
2.5600000000000014,26,0,1.3309,0.9202,120.0,0.7333333333333308,follower,RL-PPO
2.5600000000000014,27,0,1.4976,0.9209,120.0,0.7333333333333308,follower,DL-Transformer (coord)
2.5600000000000014,28,0,1.6666,0.919,120.0,0.7333333333333308,follower,IL-BC (behavior cloning)
2.5600000000000014,29,0,1.8331,0.9208,120.0,0.7333333333333308,follower,Classical-MPC
2.5600000000000014,30,0,2.0029,0.9191,120.0,0.7333333333333308,follower,RL-SAC
2.5600000000000014,31,0,2.1691000000000003,0.9204,120.0,0.7333333333333308,follower,RL-PPO
2.5600000000000014,32,0,2.1709,0.5888,120.0,0.7333333333333308,follower,Classical-MPC
2.5600000000000014,33,0,2.1711,0.7114,120.0,0.7333333333333308,follower,Classical-MPC
2.5600000000000014,34,0,2.1691000000000003,0.8608,120.0,0.7333333333333308,follower,RL-SAC
2.5600000000000014,35,0,2.1692,0.1118,120.0,0.7333333333333308,follower,DL-CNN (vision)
2.5600000000000014,36,0,2.1708,0.2419,120.0,0.7333333333333308,edge-relay,IL-BC (behavior cloning)
2.5600000000000014,37,0,2.1711,0.3698,120.0,0.7333333333333308,follower,Classical-MPC
2.5600000000000014,38,0,2.1687,0.4997,120.0,0.7333333333333308,follower,RL-PPO
2.5600000000000014,39,0,1.4569,0.0788,120.0,0.7333333333333308,follower,DL-Transformer (coord)
2.5600000000000014,40,0,1.6251,0.0814,120.0,0.7333333333333308,follower,Classical-MPC
2.5600000000000014,41,0,1.7917,0.0788,120.0,0.7333333333333308,follower,DL-Transformer (coord)
2.5600000000000014,42,0,2.0029,0.0791,120.0,0.7333333333333308,follower,RL-PPO
2.5600000000000014,43,0,2.1691000000000003,0.0804,120.0,0.7333333333333308,follower,RL-PPO
2.5600000000000014,44,0,1.3309,0.1757,120.0,0.7333333333333308,follower,RL-SAC
2.5600000000000014,45,0,1.3311,0.3076,120.0,0.7333333333333308,follower,Classical-MPC
2.5600000000000014,46,0,1.3296999999999999,0.4342,120.0,0.7333333333333308,follower,RL-PPO
2.5600000000000014,47,0,1.3292,0.5295,120.0,0.7333333333333308,follower,RL-PPO
2.5600000000000014,48,0,1.3308,0.6503,120.0,0.7333333333333308,safety-sentry,DL-CNN (vision)
2.5600000000000014,49,0,1.3311,0.769,120.0,0.7333333333333308,follower,RL-PPO
2.5600000000000014,50,0,1.3285,0.9199,120.0,0.7333333333333308,follower,RL-PPO
2.5600000000000014,51,2,2.5813,0.9187,120.0,0.7333333333333308,follower,RL-PPO
2.5600000000000014,52,2,2.7315,0.9204,120.0,0.7333333333333308,follower,DL-Transformer (coord)
2.5600000000000014,53,2,2.8866,0.921,120.0,0.7333333333333308,follower,IL-BC (behavior cloning)
2.5600000000000014,54,2,3.0369,0.92,120.0,0.7333333333333308,follower,DL-CNN (vision)
2.5600000000000014,55,2,3.1921,0.9208,120.0,0.7333333333333308,follower,RL-PPO
2.5600000000000014,56,2,3.3447,0.9201,120.0,0.7333333333333308,leader,DL-CNN (vision)
2.5600000000000014,57,2,3.4213,0.5266,120.0,0.7333333333333308,follower,DL-Transformer (coord)
2.5600000000000014,58,2,3.42,0.6404,120.0,0.7333333333333308,follower,Classical-MPC
2.5600000000000014,59,2,3.4208,0.7786,120.0,0.7333333333333308,follower,Classical-MPC
2.5600000000000014,60,2,3.4189,0.8922,120.0,0.7333333333333308,follower,RL-SAC
2.5600000000000014,61,2,2.6551,0.4989,120.0,0.7333333333333308,safety-sentry,RL-PPO
2.5600000000000014,62,2,2.8079,0.4986,120.0,0.7333333333333308,follower,Classical-MPC
2.5600000000000014,63,2,2.9626,0.4986,120.0,0.7333333333333308,leader,Classical-MPC
2.5600000000000014,64,2,3.1135,0.5002,120.0,0.7333333333333308,follower,DL-CNN (vision)
2.5600000000000014,65,2,3.2664,0.5005,120.0,0.7333333333333308,follower,IL-BC (behavior cloning)
2.5600000000000014,66,2,3.4187,0.4996,120.0,0.7333333333333308,follower,Classical-MPC
2.5600000000000014,67,2,2.5788,0.2004,120.0,0.7333333333333308,safety-sentry,DL-Transformer (coord)
2.5600000000000014,68,2,2.5811,0.321,120.0,0.7333333333333308,safety-sentry,Classical-MPC
2.5600000000000014,69,2,2.5787,0.44,120.0,0.7333333333333308,edge-relay,RL-PPO
2.5600000000000014,70,2,2.6195,0.0786,120.0,0.7333333333333308,follower,RL-SAC
2.5600000000000014,71,2,2.7709,0.0804,120.0,0.7333333333333308,edge-relay,RL-SAC
2.5600000000000014,72,2,2.923,0.0813,120.0,0.7333333333333308,follower,RL-PPO
2.5600000000000014,73,2,3.0778,0.0807,120.0,0.7333333333333308,follower,Classical-MPC
2.5600000000000014,74,2,3.2304,0.0802,120.0,0.7333333333333308,follower,RL-PPO
2.5600000000000014,75,2,3.4187,0.0796,120.0,0.7333333333333308,follower,DL-Transformer (coord)
2.5600000000000014,76,5,3.8315,0.9211,120.0,0.7333333333333308,follower,RL-PPO
2.5600000000000014,77,5,3.9841,0.9189,120.0,0.7333333333333308,follower,DL-CNN (vision)
2.5600000000000014,78,5,4.1362,0.9189,120.0,0.7333333333333308,follower,DL-CNN (vision)
2.5600000000000014,79,5,4.2891,0.9195,120.0,0.7333333333333308,follower,RL-SAC
2.5600000000000014,80,5,4.4395,0.9193,120.0,0.7333333333333308,follower,DL-Transformer (coord)
2.5600000000000014,81,5,4.5938,0.9207,120.0,0.7333333333333308,follower,DL-Transformer (coord)
2.5600000000000014,82,5,3.8292,0.5294,120.0,0.7333333333333308,follower,DL-CNN (vision)
2.5600000000000014,83,5,3.8301,0.6396,120.0,0.7333333333333308,follower,IL-BC (behavior cloning)
2.5600000000000014,84,5,3.8307,0.7799,120.0,0.7333333333333308,follower,RL-PPO
2.5600000000000014,85,5,3.8297,0.8923,120.0,0.7333333333333308,edge-relay,RL-SAC
2.5600000000000014,86,5,3.9061,0.5013,120.0,0.7333333333333308,follower,DL-CNN (vision)
2.5600000000000014,87,5,4.0602,0.4987,120.0,0.7333333333333308,follower,DL-CNN (vision)
2.5600000000000014,88,5,4.2125,0.4999,120.0,0.7333333333333308,follower,RL-SAC
2.5600000000000014,89,5,4.3643,0.5003,120.0,0.7333333333333308,edge-relay,Classical-MPC
2.5600000000000014,90,5,4.5163,0.5008,120.0,0.7333333333333308,follower,Classical-MPC
2.5600000000000014,91,5,4.6686,0.4999,120.0,0.7333333333333308,edge-relay,RL-PPO
2.5600000000000014,92,5,4.6714,0.1989,120.0,0.7333333333333308,safety-sentry,DL-CNN (vision)
2.5600000000000014,93,5,4.6708,0.3189,120.0,0.7333333333333308,leader,RL-SAC
2.5600000000000014,94,5,4.6709,0.4395,120.0,0.7333333333333308,edge-relay,DL-CNN (vision)
2.5600000000000014,95,5,3.8673,0.0814,120.0,0.7333333333333308,follower,RL-SAC
2.5600000000000014,96,5,4.021,0.0796,120.0,0.7333333333333308,follower,DL-Transformer (coord)
2.5600000000000014,97,5,4.1739,0.0797,120.0,0.7333333333333308,edge-relay,Classical-MPC
2.5600000000000014,98,5,4.327,0.0805,120.0,0.7333333333333308,follower,DL-CNN (vision)
2.5600000000000014,99,5,4.4793,0.079,120.0,0.7333333333333308,follower,DL-Transformer (coord)
2.5600000000000014,100,5,4.6686,0.0799,120.0,0.7333333333333308,follower,DL-Transformer (coord)
2.6000000000000014,1,2,0.0813,0.9187,120.0,0.6666666666666643,leader,RL-PPO
2.6000000000000014,2,2,0.2315,0.9204,120.0,0.6666666666666643,follower,DL-CNN (vision)
2.6000000000000014,3,2,0.3866,0.921,120.0,0.6666666666666643,follower,Classical-MPC
2.6000000000000014,4,2,0.5369,0.92,120.0,0.6666666666666643,follower,DL-CNN (vision)
2.6000000000000014,5,2,0.6921,0.9208,120.0,0.6666666666666643,safety-sentry,DL-Transformer (coord)
2.6000000000000014,6,2,0.8447,0.9201,120.0,0.6666666666666643,follower,IL-BC (behavior cloning)
2.6000000000000014,7,2,0.9213,0.5266,120.0,0.6666666666666643,follower,Classical-MPC
2.6000000000000014,8,2,0.92,0.6404,120.0,0.6666666666666643,leader,IL-BC (behavior cloning)
2.6000000000000014,9,2,0.9208,0.7786,120.0,0.6666666666666643,follower,RL-PPO
2.6000000000000014,10,2,0.9189,0.8922,120.0,0.6666666666666643,follower,DL-CNN (vision)
2.6000000000000014,11,2,0.1551,0.4989,120.0,0.6666666666666643,follower,DL-CNN (vision)
2.6000000000000014,12,2,0.3079,0.4986,120.0,0.6666666666666643,edge-relay,RL-PPO
2.6000000000000014,13,2,0.4626,0.4986,120.0,0.6666666666666643,follower,DL-Transformer (coord)
2.6000000000000014,14,2,0.6135,0.5002,120.0,0.6666666666666643,leader,DL-Transformer (coord)
2.6000000000000014,15,2,0.7664,0.5005,120.0,0.6666666666666643,follower,Classical-MPC
2.6000000000000014,16,2,0.9187,0.4996,120.0,0.6666666666666643,safety-sentry,Classical-MPC
2.6000000000000014,17,2,0.0788,0.2004,120.0,0.6666666666666643,follower,RL-PPO
2.6000000000000014,18,2,0.0811,0.321,120.0,0.6666666666666643,follower,RL-SAC
2.6000000000000014,19,2,0.0787,0.44,120.0,0.6666666666666643,safety-sentry,DL-Transformer (coord)
2.6000000000000014,20,2,0.1195,0.0786,120.0,0.6666666666666643,leader,RL-PPO
2.6000000000000014,21,2,0.2709,0.0804,120.0,0.6666666666666643,follower,RL-SAC
2.6000000000000014,22,2,0.423,0.0813,120.0,0.6666666666666643,safety-sentry,DL-Transformer (coord)
2.6000000000000014,23,2,0.5778,0.0807,120.0,0.6666666666666643,follower,RL-PPO
2.6000000000000014,24,2,0.7304,0.0802,120.0,0.6666666666666643,follower,IL-BC (behavior cloning)
2.6000000000000014,25,2,0.9187,0.0796,120.0,0.6666666666666643,safety-sentry,Classical-MPC
2.6000000000000014,26,0,1.3309,0.9202,120.0,0.6666666666666643,follower,RL-PPO
2.6000000000000014,27,0,1.4976,0.9209,120.0,0.6666666666666643,follower,DL-Transformer (coord)
2.6000000000000014,28,0,1.6666,0.919,120.0,0.6666666666666643,follower,IL-BC (behavior cloning)
2.6000000000000014,29,0,1.8331,0.9208,120.0,0.6666666666666643,follower,Classical-MPC
2.6000000000000014,30,0,2.0029,0.9191,120.0,0.6666666666666643,follower,RL-SAC
2.6000000000000014,31,0,2.1691000000000003,0.9204,120.0,0.6666666666666643,follower,RL-PPO
2.6000000000000014,32,0,2.1709,0.5888,120.0,0.6666666666666643,follower,Classical-MPC
2.6000000000000014,33,0,2.1711,0.7114,120.0,0.6666666666666643,follower,Classical-MPC
2.6000000000000014,34,0,2.1691000000000003,0.8608,120.0,0.6666666666666643,follower,RL-SAC
2.6000000000000014,35,0,2.1692,0.1118,120.0,0.6666666666666643,follower,DL-CNN (vision)
2.6000000000000014,36,0,2.1708,0.2419,120.0,0.6666666666666643,edge-relay,IL-BC (behavior cloning)
2.6000000000000014,37,0,2.1711,0.3698,120.0,0.6666666666666643,follower,Classical-MPC
2.6000000000000014,38,0,2.1687,0.4997,120.0,0.6666666666666643,follower,RL-PPO
2.6000000000000014,39,0,1.4569,0.0788,120.0,0.6666666666666643,follower,DL-Transformer (coord)
2.6000000000000014,40,0,1.6251,0.0814,120.0,0.6666666666666643,follower,Classical-MPC
2.6000000000000014,41,0,1.7917,0.0788,120.0,0.6666666666666643,follower,DL-Transformer (coord)
2.6000000000000014,42,0,2.0029,0.0791,120.0,0.6666666666666643,follower,RL-PPO
2.6000000000000014,43,0,2.1691000000000003,0.0804,120.0,0.6666666666666643,follower,RL-PPO
2.6000000000000014,44,0,1.3309,0.1757,120.0,0.6666666666666643,follower,RL-SAC
2.6000000000000014,45,0,1.3311,0.3076,120.0,0.6666666666666643,follower,Classical-MPC
2.6000000000000014,46,0,1.3296999999999999,0.4342,120.0,0.6666666666666643,follower,RL-PPO
2.6000000000000014,47,0,1.3292,0.5295,120.0,0.6666666666666643,follower,RL-PPO
2.6000000000000014,48,0,1.3308,0.6503,120.0,0.6666666666666643,safety-sentry,DL-CNN (vision)
2.6000000000000014,49,0,1.3311,0.769,120.0,0.6666666666666643,follower,RL-PPO
2.6000000000000014,50,0,1.3285,0.9199,120.0,0.6666666666666643,follower,RL-PPO
2.6000000000000014,51,2,2.5813,0.9187,120.0,0.6666666666666643,follower,RL-PPO
2.6000000000000014,52,2,2.7315,0.9204,120.0,0.6666666666666643,follower,DL-Transformer (coord)
2.6000000000000014,53,2,2.8866,0.921,120.0,0.6666666666666643,follower,IL-BC (behavior cloning)
2.6000000000000014,54,2,3.0369,0.92,120.0,0.6666666666666643,follower,DL-CNN (vision)
2.6000000000000014,55,2,3.1921,0.9208,120.0,0.6666666666666643,follower,RL-PPO
2.6000000000000014,56,2,3.3447,0.9201,120.0,0.6666666666666643,leader,DL-CNN (vision)
2.6000000000000014,57,2,3.4213,0.5266,120.0,0.6666666666666643,follower,DL-Transformer (coord)
2.6000000000000014,58,2,3.42,0.6404,120.0,0.6666666666666643,follower,Classical-MPC
2.6000000000000014,59,2,3.4208,0.7786,120.0,0.6666666666666643,follower,Classical-MPC
2.6000000000000014,60,2,3.4189,0.8922,120.0,0.6666666666666643,follower,RL-SAC
2.6000000000000014,61,2,2.6551,0.4989,120.0,0.6666666666666643,safety-sentry,RL-PPO
2.6000000000000014,62,2,2.8079,0.4986,120.0,0.6666666666666643,follower,Classical-MPC
2.6000000000000014,63,2,2.9626,0.4986,120.0,0.6666666666666643,leader,Classical-MPC
2.6000000000000014,64,2,3.1135,0.5002,120.0,0.6666666666666643,follower,DL-CNN (vision)
2.6000000000000014,65,2,3.2664,0.5005,120.0,0.6666666666666643,follower,IL-BC (behavior cloning)
2.6000000000000014,66,2,3.4187,0.4996,120.0,0.6666666666666643,follower,Classical-MPC
2.6000000000000014,67,2,2.5788,0.2004,120.0,0.6666666666666643,safety-sentry,DL-Transformer (coord)
2.6000000000000014,68,2,2.5811,0.321,120.0,0.6666666666666643,safety-sentry,Classical-MPC
2.6000000000000014,69,2,2.5787,0.44,120.0,0.6666666666666643,edge-relay,RL-PPO
2.6000000000000014,70,2,2.6195,0.0786,120.0,0.6666666666666643,follower,RL-SAC
2.6000000000000014,71,2,2.7709,0.0804,120.0,0.6666666666666643,edge-relay,RL-SAC
2.6000000000000014,72,2,2.923,0.0813,120.0,0.6666666666666643,follower,RL-PPO
2.6000000000000014,73,2,3.0778,0.0807,120.0,0.6666666666666643,follower,Classical-MPC
2.6000000000000014,74,2,3.2304,0.0802,120.0,0.6666666666666643,follower,RL-PPO
2.6000000000000014,75,2,3.4187,0.0796,120.0,0.6666666666666643,follower,DL-Transformer (coord)
2.6000000000000014,76,5,3.8315,0.9211,120.0,0.6666666666666643,follower,RL-PPO
2.6000000000000014,77,5,3.9841,0.9189,120.0,0.6666666666666643,follower,DL-CNN (vision)
2.6000000000000014,78,5,4.1362,0.9189,120.0,0.6666666666666643,follower,DL-CNN (vision)
2.6000000000000014,79,5,4.2891,0.9195,120.0,0.6666666666666643,follower,RL-SAC
2.6000000000000014,80,5,4.4395,0.9193,120.0,0.6666666666666643,follower,DL-Transformer (coord)
2.6000000000000014,81,5,4.5938,0.9207,120.0,0.6666666666666643,follower,DL-Transformer (coord)
2.6000000000000014,82,5,3.8292,0.5294,120.0,0.6666666666666643,follower,DL-CNN (vision)
2.6000000000000014,83,5,3.8301,0.6396,120.0,0.6666666666666643,follower,IL-BC (behavior cloning)
2.6000000000000014,84,5,3.8307,0.7799,120.0,0.6666666666666643,follower,RL-PPO
2.6000000000000014,85,5,3.8297,0.8923,120.0,0.6666666666666643,edge-relay,RL-SAC
2.6000000000000014,86,5,3.9061,0.5013,120.0,0.6666666666666643,follower,DL-CNN (vision)
2.6000000000000014,87,5,4.0602,0.4987,120.0,0.6666666666666643,follower,DL-CNN (vision)
2.6000000000000014,88,5,4.2125,0.4999,120.0,0.6666666666666643,follower,RL-SAC
2.6000000000000014,89,5,4.3643,0.5003,120.0,0.6666666666666643,edge-relay,Classical-MPC
2.6000000000000014,90,5,4.5163,0.5008,120.0,0.6666666666666643,follower,Classical-MPC
2.6000000000000014,91,5,4.6686,0.4999,120.0,0.6666666666666643,edge-relay,RL-PPO
2.6000000000000014,92,5,4.6714,0.1989,120.0,0.6666666666666643,safety-sentry,DL-CNN (vision)
2.6000000000000014,93,5,4.6708,0.3189,120.0,0.6666666666666643,leader,RL-SAC
2.6000000000000014,94,5,4.6709,0.4395,120.0,0.6666666666666643,edge-relay,DL-CNN (vision)
2.6000000000000014,95,5,3.8673,0.0814,120.0,0.6666666666666643,follower,RL-SAC
2.6000000000000014,96,5,4.021,0.0796,120.0,0.6666666666666643,follower,DL-Transformer (coord)
2.6000000000000014,97,5,4.1739,0.0797,120.0,0.6666666666666643,edge-relay,Classical-MPC
2.6000000000000014,98,5,4.327,0.0805,120.0,0.6666666666666643,follower,DL-CNN (vision)
2.6000000000000014,99,5,4.4793,0.079,120.0,0.6666666666666643,follower,DL-Transformer (coord)
2.6000000000000014,100,5,4.6686,0.0799,120.0,0.6666666666666643,follower,DL-Transformer (coord)
2.6400000000000015,1,2,0.0813,0.9187,120.0,0.5999999999999978,leader,RL-PPO
2.6400000000000015,2,2,0.2315,0.9204,120.0,0.5999999999999978,follower,DL-CNN (vision)
2.6400000000000015,3,2,0.3866,0.921,120.0,0.5999999999999978,follower,Classical-MPC
2.6400000000000015,4,2,0.5369,0.92,120.0,0.5999999999999978,follower,DL-CNN (vision)
2.6400000000000015,5,2,0.6921,0.9208,120.0,0.5999999999999978,safety-sentry,DL-Transformer (coord)
2.6400000000000015,6,2,0.8447,0.9201,120.0,0.5999999999999978,follower,IL-BC (behavior cloning)
2.6400000000000015,7,2,0.9213,0.5266,120.0,0.5999999999999978,follower,Classical-MPC
2.6400000000000015,8,2,0.92,0.6404,120.0,0.5999999999999978,leader,IL-BC (behavior cloning)
2.6400000000000015,9,2,0.9208,0.7786,120.0,0.5999999999999978,follower,RL-PPO
2.6400000000000015,10,2,0.9189,0.8922,120.0,0.5999999999999978,follower,DL-CNN (vision)
2.6400000000000015,11,2,0.1551,0.4989,120.0,0.5999999999999978,follower,DL-CNN (vision)
2.6400000000000015,12,2,0.3079,0.4986,120.0,0.5999999999999978,edge-relay,RL-PPO
2.6400000000000015,13,2,0.4626,0.4986,120.0,0.5999999999999978,follower,DL-Transformer (coord)
2.6400000000000015,14,2,0.6135,0.5002,120.0,0.5999999999999978,leader,DL-Transformer (coord)
2.6400000000000015,15,2,0.7664,0.5005,120.0,0.5999999999999978,follower,Classical-MPC
2.6400000000000015,16,2,0.9187,0.4996,120.0,0.5999999999999978,safety-sentry,Classical-MPC
2.6400000000000015,17,2,0.0788,0.2004,120.0,0.5999999999999978,follower,RL-PPO
2.6400000000000015,18,2,0.0811,0.321,120.0,0.5999999999999978,follower,RL-SAC
2.6400000000000015,19,2,0.0787,0.44,120.0,0.5999999999999978,safety-sentry,DL-Transformer (coord)
2.6400000000000015,20,2,0.1195,0.0786,120.0,0.5999999999999978,leader,RL-PPO
2.6400000000000015,21,2,0.2709,0.0804,120.0,0.5999999999999978,follower,RL-SAC
2.6400000000000015,22,2,0.423,0.0813,120.0,0.5999999999999978,safety-sentry,DL-Transformer (coord)
2.6400000000000015,23,2,0.5778,0.0807,120.0,0.5999999999999978,follower,RL-PPO
2.6400000000000015,24,2,0.7304,0.0802,120.0,0.5999999999999978,follower,IL-BC (behavior cloning)
2.6400000000000015,25,2,0.9187,0.0796,120.0,0.5999999999999978,safety-sentry,Classical-MPC
2.6400000000000015,26,0,1.3309,0.9202,120.0,0.5999999999999978,follower,RL-PPO
2.6400000000000015,27,0,1.4976,0.9209,120.0,0.5999999999999978,follower,DL-Transformer (coord)
2.6400000000000015,28,0,1.6666,0.919,120.0,0.5999999999999978,follower,IL-BC (behavior cloning)
2.6400000000000015,29,0,1.8331,0.9208,120.0,0.5999999999999978,follower,Classical-MPC
2.6400000000000015,30,0,2.0029,0.9191,120.0,0.5999999999999978,follower,RL-SAC
2.6400000000000015,31,0,2.1691000000000003,0.9204,120.0,0.5999999999999978,follower,RL-PPO
2.6400000000000015,32,0,2.1709,0.5888,120.0,0.5999999999999978,follower,Classical-MPC
2.6400000000000015,33,0,2.1711,0.7114,120.0,0.5999999999999978,follower,Classical-MPC
2.6400000000000015,34,0,2.1691000000000003,0.8608,120.0,0.5999999999999978,follower,RL-SAC
2.6400000000000015,35,0,2.1692,0.1118,120.0,0.5999999999999978,follower,DL-CNN (vision)
2.6400000000000015,36,0,2.1708,0.2419,120.0,0.5999999999999978,edge-relay,IL-BC (behavior cloning)
2.6400000000000015,37,0,2.1711,0.3698,120.0,0.5999999999999978,follower,Classical-MPC
2.6400000000000015,38,0,2.1687,0.4997,120.0,0.5999999999999978,follower,RL-PPO
2.6400000000000015,39,0,1.4569,0.0788,120.0,0.5999999999999978,follower,DL-Transformer (coord)
2.6400000000000015,40,0,1.6251,0.0814,120.0,0.5999999999999978,follower,Classical-MPC
2.6400000000000015,41,0,1.7917,0.0788,120.0,0.5999999999999978,follower,DL-Transformer (coord)
2.6400000000000015,42,0,2.0029,0.0791,120.0,0.5999999999999978,follower,RL-PPO
2.6400000000000015,43,0,2.1691000000000003,0.0804,120.0,0.5999999999999978,follower,RL-PPO
2.6400000000000015,44,0,1.3309,0.1757,120.0,0.5999999999999978,follower,RL-SAC
2.6400000000000015,45,0,1.3311,0.3076,120.0,0.5999999999999978,follower,Classical-MPC
2.6400000000000015,46,0,1.3296999999999999,0.4342,120.0,0.5999999999999978,follower,RL-PPO
2.6400000000000015,47,0,1.3292,0.5295,120.0,0.5999999999999978,follower,RL-PPO
2.6400000000000015,48,0,1.3308,0.6503,120.0,0.5999999999999978,safety-sentry,DL-CNN (vision)
2.6400000000000015,49,0,1.3311,0.769,120.0,0.5999999999999978,follower,RL-PPO
2.6400000000000015,50,0,1.3285,0.9199,120.0,0.5999999999999978,follower,RL-PPO
2.6400000000000015,51,2,2.5813,0.9187,120.0,0.5999999999999978,follower,RL-PPO
2.6400000000000015,52,2,2.7315,0.9204,120.0,0.5999999999999978,follower,DL-Transformer (coord)
2.6400000000000015,53,2,2.8866,0.921,120.0,0.5999999999999978,follower,IL-BC (behavior cloning)
2.6400000000000015,54,2,3.0369,0.92,120.0,0.5999999999999978,follower,DL-CNN (vision)
2.6400000000000015,55,2,3.1921,0.9208,120.0,0.5999999999999978,follower,RL-PPO
2.6400000000000015,56,2,3.3447,0.9201,120.0,0.5999999999999978,leader,DL-CNN (vision)
2.6400000000000015,57,2,3.4213,0.5266,120.0,0.5999999999999978,follower,DL-Transformer (coord)
2.6400000000000015,58,2,3.42,0.6404,120.0,0.5999999999999978,follower,Classical-MPC
2.6400000000000015,59,2,3.4208,0.7786,120.0,0.5999999999999978,follower,Classical-MPC
2.6400000000000015,60,2,3.4189,0.8922,120.0,0.5999999999999978,follower,RL-SAC
2.6400000000000015,61,2,2.6551,0.4989,120.0,0.5999999999999978,safety-sentry,RL-PPO
2.6400000000000015,62,2,2.8079,0.4986,120.0,0.5999999999999978,follower,Classical-MPC
2.6400000000000015,63,2,2.9626,0.4986,120.0,0.5999999999999978,leader,Classical-MPC
2.6400000000000015,64,2,3.1135,0.5002,120.0,0.5999999999999978,follower,DL-CNN (vision)
2.6400000000000015,65,2,3.2664,0.5005,120.0,0.5999999999999978,follower,IL-BC (behavior cloning)
2.6400000000000015,66,2,3.4187,0.4996,120.0,0.5999999999999978,follower,Classical-MPC
2.6400000000000015,67,2,2.5788,0.2004,120.0,0.5999999999999978,safety-sentry,DL-Transformer (coord)
2.6400000000000015,68,2,2.5811,0.321,120.0,0.5999999999999978,safety-sentry,Classical-MPC
2.6400000000000015,69,2,2.5787,0.44,120.0,0.5999999999999978,edge-relay,RL-PPO
2.6400000000000015,70,2,2.6195,0.0786,120.0,0.5999999999999978,follower,RL-SAC
2.6400000000000015,71,2,2.7709,0.0804,120.0,0.5999999999999978,edge-relay,RL-SAC
2.6400000000000015,72,2,2.923,0.0813,120.0,0.5999999999999978,follower,RL-PPO
2.6400000000000015,73,2,3.0778,0.0807,120.0,0.5999999999999978,follower,Classical-MPC
2.6400000000000015,74,2,3.2304,0.0802,120.0,0.5999999999999978,follower,RL-PPO
2.6400000000000015,75,2,3.4187,0.0796,120.0,0.5999999999999978,follower,DL-Transformer (coord)
2.6400000000000015,76,5,3.8315,0.9211,120.0,0.5999999999999978,follower,RL-PPO
2.6400000000000015,77,5,3.9841,0.9189,120.0,0.5999999999999978,follower,DL-CNN (vision)
2.6400000000000015,78,5,4.1362,0.9189,120.0,0.5999999999999978,follower,DL-CNN (vision)
2.6400000000000015,79,5,4.2891,0.9195,120.0,0.5999999999999978,follower,RL-SAC
2.6400000000000015,80,5,4.4395,0.9193,120.0,0.5999999999999978,follower,DL-Transformer (coord)
2.6400000000000015,81,5,4.5938,0.9207,120.0,0.5999999999999978,follower,DL-Transformer (coord)
2.6400000000000015,82,5,3.8292,0.5294,120.0,0.5999999999999978,follower,DL-CNN (vision)
2.6400000000000015,83,5,3.8301,0.6396,120.0,0.5999999999999978,follower,IL-BC (behavior cloning)
2.6400000000000015,84,5,3.8307,0.7799,120.0,0.5999999999999978,follower,RL-PPO
2.6400000000000015,85,5,3.8297,0.8923,120.0,0.5999999999999978,edge-relay,RL-SAC
2.6400000000000015,86,5,3.9061,0.5013,120.0,0.5999999999999978,follower,DL-CNN (vision)
2.6400000000000015,87,5,4.0602,0.4987,120.0,0.5999999999999978,follower,DL-CNN (vision)
2.6400000000000015,88,5,4.2125,0.4999,120.0,0.5999999999999978,follower,RL-SAC
2.6400000000000015,89,5,4.3643,0.5003,120.0,0.5999999999999978,edge-relay,Classical-MPC
2.6400000000000015,90,5,4.5163,0.5008,120.0,0.5999999999999978,follower,Classical-MPC
2.6400000000000015,91,5,4.6686,0.4999,120.0,0.5999999999999978,edge-relay,RL-PPO
2.6400000000000015,92,5,4.6714,0.1989,120.0,0.5999999999999978,safety-sentry,DL-CNN (vision)
2.6400000000000015,93,5,4.6708,0.3189,120.0,0.5999999999999978,leader,RL-SAC
2.6400000000000015,94,5,4.6709,0.4395,120.0,0.5999999999999978,edge-relay,DL-CNN (vision)
2.6400000000000015,95,5,3.8673,0.0814,120.0,0.5999999999999978,follower,RL-SAC
2.6400000000000015,96,5,4.021,0.0796,120.0,0.5999999999999978,follower,DL-Transformer (coord)
2.6400000000000015,97,5,4.1739,0.0797,120.0,0.5999999999999978,edge-relay,Classical-MPC
2.6400000000000015,98,5,4.327,0.0805,120.0,0.5999999999999978,follower,DL-CNN (vision)
2.6400000000000015,99,5,4.4793,0.079,120.0,0.5999999999999978,follower,DL-Transformer (coord)
2.6400000000000015,100,5,4.6686,0.0799,120.0,0.5999999999999978,follower,DL-Transformer (coord)
2.6800000000000015,1,2,0.0813,0.9187,120.0,0.5333333333333307,leader,RL-PPO
2.6800000000000015,2,2,0.2315,0.9204,120.0,0.5333333333333307,follower,DL-CNN (vision)
2.6800000000000015,3,2,0.3866,0.921,120.0,0.5333333333333307,follower,Classical-MPC
2.6800000000000015,4,2,0.5369,0.92,120.0,0.5333333333333307,follower,DL-CNN (vision)
2.6800000000000015,5,2,0.6921,0.9208,120.0,0.5333333333333307,safety-sentry,DL-Transformer (coord)
2.6800000000000015,6,2,0.8447,0.9201,120.0,0.5333333333333307,follower,IL-BC (behavior cloning)
2.6800000000000015,7,2,0.9213,0.5266,120.0,0.5333333333333307,follower,Classical-MPC
2.6800000000000015,8,2,0.92,0.6404,120.0,0.5333333333333307,leader,IL-BC (behavior cloning)
2.6800000000000015,9,2,0.9208,0.7786,120.0,0.5333333333333307,follower,RL-PPO
2.6800000000000015,10,2,0.9189,0.8922,120.0,0.5333333333333307,follower,DL-CNN (vision)
2.6800000000000015,11,2,0.1551,0.4989,120.0,0.5333333333333307,follower,DL-CNN (vision)
2.6800000000000015,12,2,0.3079,0.4986,120.0,0.5333333333333307,edge-relay,RL-PPO
2.6800000000000015,13,2,0.4626,0.4986,120.0,0.5333333333333307,follower,DL-Transformer (coord)
2.6800000000000015,14,2,0.6135,0.5002,120.0,0.5333333333333307,leader,DL-Transformer (coord)
2.6800000000000015,15,2,0.7664,0.5005,120.0,0.5333333333333307,follower,Classical-MPC
2.6800000000000015,16,2,0.9187,0.4996,120.0,0.5333333333333307,safety-sentry,Classical-MPC
2.6800000000000015,17,2,0.0788,0.2004,120.0,0.5333333333333307,follower,RL-PPO
2.6800000000000015,18,2,0.0811,0.321,120.0,0.5333333333333307,follower,RL-SAC
2.6800000000000015,19,2,0.0787,0.44,120.0,0.5333333333333307,safety-sentry,DL-Transformer (coord)
2.6800000000000015,20,2,0.1195,0.0786,120.0,0.5333333333333307,leader,RL-PPO
2.6800000000000015,21,2,0.2709,0.0804,120.0,0.5333333333333307,follower,RL-SAC
2.6800000000000015,22,2,0.423,0.0813,120.0,0.5333333333333307,safety-sentry,DL-Transformer (coord)
2.6800000000000015,23,2,0.5778,0.0807,120.0,0.5333333333333307,follower,RL-PPO
2.6800000000000015,24,2,0.7304,0.0802,120.0,0.5333333333333307,follower,IL-BC (behavior cloning)
2.6800000000000015,25,2,0.9187,0.0796,120.0,0.5333333333333307,safety-sentry,Classical-MPC
2.6800000000000015,26,0,1.3309,0.9202,120.0,0.5333333333333307,follower,RL-PPO
2.6800000000000015,27,0,1.4976,0.9209,120.0,0.5333333333333307,follower,DL-Transformer (coord)
2.6800000000000015,28,0,1.6666,0.919,120.0,0.5333333333333307,follower,IL-BC (behavior cloning)
2.6800000000000015,29,0,1.8331,0.9208,120.0,0.5333333333333307,follower,Classical-MPC
2.6800000000000015,30,0,2.0029,0.9191,120.0,0.5333333333333307,follower,RL-SAC
2.6800000000000015,31,0,2.1691000000000003,0.9204,120.0,0.5333333333333307,follower,RL-PPO
2.6800000000000015,32,0,2.1709,0.5888,120.0,0.5333333333333307,follower,Classical-MPC
2.6800000000000015,33,0,2.1711,0.7114,120.0,0.5333333333333307,follower,Classical-MPC
2.6800000000000015,34,0,2.1691000000000003,0.8608,120.0,0.5333333333333307,follower,RL-SAC
2.6800000000000015,35,0,2.1692,0.1118,120.0,0.5333333333333307,follower,DL-CNN (vision)
2.6800000000000015,36,0,2.1708,0.2419,120.0,0.5333333333333307,edge-relay,IL-BC (behavior cloning)
2.6800000000000015,37,0,2.1711,0.3698,120.0,0.5333333333333307,follower,Classical-MPC
2.6800000000000015,38,0,2.1687,0.4997,120.0,0.5333333333333307,follower,RL-PPO
2.6800000000000015,39,0,1.4569,0.0788,120.0,0.5333333333333307,follower,DL-Transformer (coord)
2.6800000000000015,40,0,1.6251,0.0814,120.0,0.5333333333333307,follower,Classical-MPC
2.6800000000000015,41,0,1.7917,0.0788,120.0,0.5333333333333307,follower,DL-Transformer (coord)
2.6800000000000015,42,0,2.0029,0.0791,120.0,0.5333333333333307,follower,RL-PPO
2.6800000000000015,43,0,2.1691000000000003,0.0804,120.0,0.5333333333333307,follower,RL-PPO
2.6800000000000015,44,0,1.3309,0.1757,120.0,0.5333333333333307,follower,RL-SAC
2.6800000000000015,45,0,1.3311,0.3076,120.0,0.5333333333333307,follower,Classical-MPC
2.6800000000000015,46,0,1.3296999999999999,0.4342,120.0,0.5333333333333307,follower,RL-PPO
2.6800000000000015,47,0,1.3292,0.5295,120.0,0.5333333333333307,follower,RL-PPO
2.6800000000000015,48,0,1.3308,0.6503,120.0,0.5333333333333307,safety-sentry,DL-CNN (vision)
2.6800000000000015,49,0,1.3311,0.769,120.0,0.5333333333333307,follower,RL-PPO
2.6800000000000015,50,0,1.3285,0.9199,120.0,0.5333333333333307,follower,RL-PPO
2.6800000000000015,51,2,2.5813,0.9187,120.0,0.5333333333333307,follower,RL-PPO
2.6800000000000015,52,2,2.7315,0.9204,120.0,0.5333333333333307,follower,DL-Transformer (coord)
2.6800000000000015,53,2,2.8866,0.921,120.0,0.5333333333333307,follower,IL-BC (behavior cloning)
2.6800000000000015,54,2,3.0369,0.92,120.0,0.5333333333333307,follower,DL-CNN (vision)
2.6800000000000015,55,2,3.1921,0.9208,120.0,0.5333333333333307,follower,RL-PPO
2.6800000000000015,56,2,3.3447,0.9201,120.0,0.5333333333333307,leader,DL-CNN (vision)
2.6800000000000015,57,2,3.4213,0.5266,120.0,0.5333333333333307,follower,DL-Transformer (coord)
2.6800000000000015,58,2,3.42,0.6404,120.0,0.5333333333333307,follower,Classical-MPC
2.6800000000000015,59,2,3.4208,0.7786,120.0,0.5333333333333307,follower,Classical-MPC
2.6800000000000015,60,2,3.4189,0.8922,120.0,0.5333333333333307,follower,RL-SAC
2.6800000000000015,61,2,2.6551,0.4989,120.0,0.5333333333333307,safety-sentry,RL-PPO
2.6800000000000015,62,2,2.8079,0.4986,120.0,0.5333333333333307,follower,Classical-MPC
2.6800000000000015,63,2,2.9626,0.4986,120.0,0.5333333333333307,leader,Classical-MPC
2.6800000000000015,64,2,3.1135,0.5002,120.0,0.5333333333333307,follower,DL-CNN (vision)
2.6800000000000015,65,2,3.2664,0.5005,120.0,0.5333333333333307,follower,IL-BC (behavior cloning)
2.6800000000000015,66,2,3.4187,0.4996,120.0,0.5333333333333307,follower,Classical-MPC
2.6800000000000015,67,2,2.5788,0.2004,120.0,0.5333333333333307,safety-sentry,DL-Transformer (coord)
2.6800000000000015,68,2,2.5811,0.321,120.0,0.5333333333333307,safety-sentry,Classical-MPC
2.6800000000000015,69,2,2.5787,0.44,120.0,0.5333333333333307,edge-relay,RL-PPO
2.6800000000000015,70,2,2.6195,0.0786,120.0,0.5333333333333307,follower,RL-SAC
2.6800000000000015,71,2,2.7709,0.0804,120.0,0.5333333333333307,edge-relay,RL-SAC
2.6800000000000015,72,2,2.923,0.0813,120.0,0.5333333333333307,follower,RL-PPO
2.6800000000000015,73,2,3.0778,0.0807,120.0,0.5333333333333307,follower,Classical-MPC
2.6800000000000015,74,2,3.2304,0.0802,120.0,0.5333333333333307,follower,RL-PPO
2.6800000000000015,75,2,3.4187,0.0796,120.0,0.5333333333333307,follower,DL-Transformer (coord)
2.6800000000000015,76,5,3.8315,0.9211,120.0,0.5333333333333307,follower,RL-PPO
2.6800000000000015,77,5,3.9841,0.9189,120.0,0.5333333333333307,follower,DL-CNN (vision)
2.6800000000000015,78,5,4.1362,0.9189,120.0,0.5333333333333307,follower,DL-CNN (vision)
2.6800000000000015,79,5,4.2891,0.9195,120.0,0.5333333333333307,follower,RL-SAC
2.6800000000000015,80,5,4.4395,0.9193,120.0,0.5333333333333307,follower,DL-Transformer (coord)
2.6800000000000015,81,5,4.5938,0.9207,120.0,0.5333333333333307,follower,DL-Transformer (coord)
2.6800000000000015,82,5,3.8292,0.5294,120.0,0.5333333333333307,follower,DL-CNN (vision)
2.6800000000000015,83,5,3.8301,0.6396,120.0,0.5333333333333307,follower,IL-BC (behavior cloning)
2.6800000000000015,84,5,3.8307,0.7799,120.0,0.5333333333333307,follower,RL-PPO
2.6800000000000015,85,5,3.8297,0.8923,120.0,0.5333333333333307,edge-relay,RL-SAC
2.6800000000000015,86,5,3.9061,0.5013,120.0,0.5333333333333307,follower,DL-CNN (vision)
2.6800000000000015,87,5,4.0602,0.4987,120.0,0.5333333333333307,follower,DL-CNN (vision)
2.6800000000000015,88,5,4.2125,0.4999,120.0,0.5333333333333307,follower,RL-SAC
2.6800000000000015,89,5,4.3643,0.5003,120.0,0.5333333333333307,edge-relay,Classical-MPC
2.6800000000000015,90,5,4.5163,0.5008,120.0,0.5333333333333307,follower,Classical-MPC
2.6800000000000015,91,5,4.6686,0.4999,120.0,0.5333333333333307,edge-relay,RL-PPO
2.6800000000000015,92,5,4.6714,0.1989,120.0,0.5333333333333307,safety-sentry,DL-CNN (vision)
2.6800000000000015,93,5,4.6708,0.3189,120.0,0.5333333333333307,leader,RL-SAC
2.6800000000000015,94,5,4.6709,0.4395,120.0,0.5333333333333307,edge-relay,DL-CNN (vision)
2.6800000000000015,95,5,3.8673,0.0814,120.0,0.5333333333333307,follower,RL-SAC
2.6800000000000015,96,5,4.021,0.0796,120.0,0.5333333333333307,follower,DL-Transformer (coord)
2.6800000000000015,97,5,4.1739,0.0797,120.0,0.5333333333333307,edge-relay,Classical-MPC
2.6800000000000015,98,5,4.327,0.0805,120.0,0.5333333333333307,follower,DL-CNN (vision)
2.6800000000000015,99,5,4.4793,0.079,120.0,0.5333333333333307,follower,DL-Transformer (coord)
2.6800000000000015,100,5,4.6686,0.0799,120.0,0.5333333333333307,follower,DL-Transformer (coord)
2.7200000000000015,1,2,0.0813,0.9187,120.0,0.4666666666666641,leader,RL-PPO
2.7200000000000015,2,2,0.2315,0.9204,120.0,0.4666666666666641,follower,DL-CNN (vision)
2.7200000000000015,3,2,0.3866,0.921,120.0,0.4666666666666641,follower,Classical-MPC
2.7200000000000015,4,2,0.5369,0.92,120.0,0.4666666666666641,follower,DL-CNN (vision)
2.7200000000000015,5,2,0.6921,0.9208,120.0,0.4666666666666641,safety-sentry,DL-Transformer (coord)
2.7200000000000015,6,2,0.8447,0.9201,120.0,0.4666666666666641,follower,IL-BC (behavior cloning)
2.7200000000000015,7,2,0.9213,0.5266,120.0,0.4666666666666641,follower,Classical-MPC
2.7200000000000015,8,2,0.92,0.6404,120.0,0.4666666666666641,leader,IL-BC (behavior cloning)
2.7200000000000015,9,2,0.9208,0.7786,120.0,0.4666666666666641,follower,RL-PPO
2.7200000000000015,10,2,0.9189,0.8922,120.0,0.4666666666666641,follower,DL-CNN (vision)
2.7200000000000015,11,2,0.1551,0.4989,120.0,0.4666666666666641,follower,DL-CNN (vision)
2.7200000000000015,12,2,0.3079,0.4986,120.0,0.4666666666666641,edge-relay,RL-PPO
2.7200000000000015,13,2,0.4626,0.4986,120.0,0.4666666666666641,follower,DL-Transformer (coord)
2.7200000000000015,14,2,0.6135,0.5002,120.0,0.4666666666666641,leader,DL-Transformer (coord)
2.7200000000000015,15,2,0.7664,0.5005,120.0,0.4666666666666641,follower,Classical-MPC
2.7200000000000015,16,2,0.9187,0.4996,120.0,0.4666666666666641,safety-sentry,Classical-MPC
2.7200000000000015,17,2,0.0788,0.2004,120.0,0.4666666666666641,follower,RL-PPO
2.7200000000000015,18,2,0.0811,0.321,120.0,0.4666666666666641,follower,RL-SAC
2.7200000000000015,19,2,0.0787,0.44,120.0,0.4666666666666641,safety-sentry,DL-Transformer (coord)
2.7200000000000015,20,2,0.1195,0.0786,120.0,0.4666666666666641,leader,RL-PPO
2.7200000000000015,21,2,0.2709,0.0804,120.0,0.4666666666666641,follower,RL-SAC
2.7200000000000015,22,2,0.423,0.0813,120.0,0.4666666666666641,safety-sentry,DL-Transformer (coord)
2.7200000000000015,23,2,0.5778,0.0807,120.0,0.4666666666666641,follower,RL-PPO
2.7200000000000015,24,2,0.7304,0.0802,120.0,0.4666666666666641,follower,IL-BC (behavior cloning)
2.7200000000000015,25,2,0.9187,0.0796,120.0,0.4666666666666641,safety-sentry,Classical-MPC
2.7200000000000015,26,0,1.3309,0.9202,120.0,0.4666666666666641,follower,RL-PPO
2.7200000000000015,27,0,1.4976,0.9209,120.0,0.4666666666666641,follower,DL-Transformer (coord)
2.7200000000000015,28,0,1.6666,0.919,120.0,0.4666666666666641,follower,IL-BC (behavior cloning)
2.7200000000000015,29,0,1.8331,0.9208,120.0,0.4666666666666641,follower,Classical-MPC
2.7200000000000015,30,0,2.0029,0.9191,120.0,0.4666666666666641,follower,RL-SAC
2.7200000000000015,31,0,2.1691000000000003,0.9204,120.0,0.4666666666666641,follower,RL-PPO
2.7200000000000015,32,0,2.1709,0.5888,120.0,0.4666666666666641,follower,Classical-MPC
2.7200000000000015,33,0,2.1711,0.7114,120.0,0.4666666666666641,follower,Classical-MPC
2.7200000000000015,34,0,2.1691000000000003,0.8608,120.0,0.4666666666666641,follower,RL-SAC
2.7200000000000015,35,0,2.1692,0.1118,120.0,0.4666666666666641,follower,DL-CNN (vision)
2.7200000000000015,36,0,2.1708,0.2419,120.0,0.4666666666666641,edge-relay,IL-BC (behavior cloning)
2.7200000000000015,37,0,2.1711,0.3698,120.0,0.4666666666666641,follower,Classical-MPC
2.7200000000000015,38,0,2.1687,0.4997,120.0,0.4666666666666641,follower,RL-PPO
2.7200000000000015,39,0,1.4569,0.0788,120.0,0.4666666666666641,follower,DL-Transformer (coord)
2.7200000000000015,40,0,1.6251,0.0814,120.0,0.4666666666666641,follower,Classical-MPC
2.7200000000000015,41,0,1.7917,0.0788,120.0,0.4666666666666641,follower,DL-Transformer (coord)
2.7200000000000015,42,0,2.0029,0.0791,120.0,0.4666666666666641,follower,RL-PPO
2.7200000000000015,43,0,2.1691000000000003,0.0804,120.0,0.4666666666666641,follower,RL-PPO
2.7200000000000015,44,0,1.3309,0.1757,120.0,0.4666666666666641,follower,RL-SAC
2.7200000000000015,45,0,1.3311,0.3076,120.0,0.4666666666666641,follower,Classical-MPC
2.7200000000000015,46,0,1.3296999999999999,0.4342,120.0,0.4666666666666641,follower,RL-PPO
2.7200000000000015,47,0,1.3292,0.5295,120.0,0.4666666666666641,follower,RL-PPO
2.7200000000000015,48,0,1.3308,0.6503,120.0,0.4666666666666641,safety-sentry,DL-CNN (vision)
2.7200000000000015,49,0,1.3311,0.769,120.0,0.4666666666666641,follower,RL-PPO
2.7200000000000015,50,0,1.3285,0.9199,120.0,0.4666666666666641,follower,RL-PPO
2.7200000000000015,51,2,2.5813,0.9187,120.0,0.4666666666666641,follower,RL-PPO
2.7200000000000015,52,2,2.7315,0.9204,120.0,0.4666666666666641,follower,DL-Transformer (coord)
2.7200000000000015,53,2,2.8866,0.921,120.0,0.4666666666666641,follower,IL-BC (behavior cloning)
2.7200000000000015,54,2,3.0369,0.92,120.0,0.4666666666666641,follower,DL-CNN (vision)
2.7200000000000015,55,2,3.1921,0.9208,120.0,0.4666666666666641,follower,RL-PPO
2.7200000000000015,56,2,3.3447,0.9201,120.0,0.4666666666666641,leader,DL-CNN (vision)
2.7200000000000015,57,2,3.4213,0.5266,120.0,0.4666666666666641,follower,DL-Transformer (coord)
2.7200000000000015,58,2,3.42,0.6404,120.0,0.4666666666666641,follower,Classical-MPC
2.7200000000000015,59,2,3.4208,0.7786,120.0,0.4666666666666641,follower,Classical-MPC
2.7200000000000015,60,2,3.4189,0.8922,120.0,0.4666666666666641,follower,RL-SAC
2.7200000000000015,61,2,2.6551,0.4989,120.0,0.4666666666666641,safety-sentry,RL-PPO
2.7200000000000015,62,2,2.8079,0.4986,120.0,0.4666666666666641,follower,Classical-MPC
2.7200000000000015,63,2,2.9626,0.4986,120.0,0.4666666666666641,leader,Classical-MPC
2.7200000000000015,64,2,3.1135,0.5002,120.0,0.4666666666666641,follower,DL-CNN (vision)
2.7200000000000015,65,2,3.2664,0.5005,120.0,0.4666666666666641,follower,IL-BC (behavior cloning)
2.7200000000000015,66,2,3.4187,0.4996,120.0,0.4666666666666641,follower,Classical-MPC
2.7200000000000015,67,2,2.5788,0.2004,120.0,0.4666666666666641,safety-sentry,DL-Transformer (coord)
2.7200000000000015,68,2,2.5811,0.321,120.0,0.4666666666666641,safety-sentry,Classical-MPC
2.7200000000000015,69,2,2.5787,0.44,120.0,0.4666666666666641,edge-relay,RL-PPO
2.7200000000000015,70,2,2.6195,0.0786,120.0,0.4666666666666641,follower,RL-SAC
2.7200000000000015,71,2,2.7709,0.0804,120.0,0.4666666666666641,edge-relay,RL-SAC
2.7200000000000015,72,2,2.923,0.0813,120.0,0.4666666666666641,follower,RL-PPO
2.7200000000000015,73,2,3.0778,0.0807,120.0,0.4666666666666641,follower,Classical-MPC
2.7200000000000015,74,2,3.2304,0.0802,120.0,0.4666666666666641,follower,RL-PPO
2.7200000000000015,75,2,3.4187,0.0796,120.0,0.4666666666666641,follower,DL-Transformer (coord)
2.7200000000000015,76,5,3.8315,0.9211,120.0,0.4666666666666641,follower,RL-PPO
2.7200000000000015,77,5,3.9841,0.9189,120.0,0.4666666666666641,follower,DL-CNN (vision)
2.7200000000000015,78,5,4.1362,0.9189,120.0,0.4666666666666641,follower,DL-CNN (vision)
2.7200000000000015,79,5,4.2891,0.9195,120.0,0.4666666666666641,follower,RL-SAC
2.7200000000000015,80,5,4.4395,0.9193,120.0,0.4666666666666641,follower,DL-Transformer (coord)
2.7200000000000015,81,5,4.5938,0.9207,120.0,0.4666666666666641,follower,DL-Transformer (coord)
2.7200000000000015,82,5,3.8292,0.5294,120.0,0.4666666666666641,follower,DL-CNN (vision)
2.7200000000000015,83,5,3.8301,0.6396,120.0,0.4666666666666641,follower,IL-BC (behavior cloning)
2.7200000000000015,84,5,3.8307,0.7799,120.0,0.4666666666666641,follower,RL-PPO
2.7200000000000015,85,5,3.8297,0.8923,120.0,0.4666666666666641,edge-relay,RL-SAC
2.7200000000000015,86,5,3.9061,0.5013,120.0,0.4666666666666641,follower,DL-CNN (vision)
2.7200000000000015,87,5,4.0602,0.4987,120.0,0.4666666666666641,follower,DL-CNN (vision)
2.7200000000000015,88,5,4.2125,0.4999,120.0,0.4666666666666641,follower,RL-SAC
2.7200000000000015,89,5,4.3643,0.5003,120.0,0.4666666666666641,edge-relay,Classical-MPC
2.7200000000000015,90,5,4.5163,0.5008,120.0,0.4666666666666641,follower,Classical-MPC
2.7200000000000015,91,5,4.6686,0.4999,120.0,0.4666666666666641,edge-relay,RL-PPO
2.7200000000000015,92,5,4.6714,0.1989,120.0,0.4666666666666641,safety-sentry,DL-CNN (vision)
2.7200000000000015,93,5,4.6708,0.3189,120.0,0.4666666666666641,leader,RL-SAC
2.7200000000000015,94,5,4.6709,0.4395,120.0,0.4666666666666641,edge-relay,DL-CNN (vision)
2.7200000000000015,95,5,3.8673,0.0814,120.0,0.4666666666666641,follower,RL-SAC
2.7200000000000015,96,5,4.021,0.0796,120.0,0.4666666666666641,follower,DL-Transformer (coord)
2.7200000000000015,97,5,4.1739,0.0797,120.0,0.4666666666666641,edge-relay,Classical-MPC
2.7200000000000015,98,5,4.327,0.0805,120.0,0.4666666666666641,follower,DL-CNN (vision)
2.7200000000000015,99,5,4.4793,0.079,120.0,0.4666666666666641,follower,DL-Transformer (coord)
2.7200000000000015,100,5,4.6686,0.0799,120.0,0.4666666666666641,follower,DL-Transformer (coord)
2.7600000000000016,1,2,0.0813,0.9187,120.0,0.3999999999999976,leader,RL-PPO
2.7600000000000016,2,2,0.2315,0.9204,120.0,0.3999999999999976,follower,DL-CNN (vision)
2.7600000000000016,3,2,0.3866,0.921,120.0,0.3999999999999976,follower,Classical-MPC
2.7600000000000016,4,2,0.5369,0.92,120.0,0.3999999999999976,follower,DL-CNN (vision)
2.7600000000000016,5,2,0.6921,0.9208,120.0,0.3999999999999976,safety-sentry,DL-Transformer (coord)
2.7600000000000016,6,2,0.8447,0.9201,120.0,0.3999999999999976,follower,IL-BC (behavior cloning)
2.7600000000000016,7,2,0.9213,0.5266,120.0,0.3999999999999976,follower,Classical-MPC
2.7600000000000016,8,2,0.92,0.6404,120.0,0.3999999999999976,leader,IL-BC (behavior cloning)
2.7600000000000016,9,2,0.9208,0.7786,120.0,0.3999999999999976,follower,RL-PPO
2.7600000000000016,10,2,0.9189,0.8922,120.0,0.3999999999999976,follower,DL-CNN (vision)
2.7600000000000016,11,2,0.1551,0.4989,120.0,0.3999999999999976,follower,DL-CNN (vision)
2.7600000000000016,12,2,0.3079,0.4986,120.0,0.3999999999999976,edge-relay,RL-PPO
2.7600000000000016,13,2,0.4626,0.4986,120.0,0.3999999999999976,follower,DL-Transformer (coord)
2.7600000000000016,14,2,0.6135,0.5002,120.0,0.3999999999999976,leader,DL-Transformer (coord)
2.7600000000000016,15,2,0.7664,0.5005,120.0,0.3999999999999976,follower,Classical-MPC
2.7600000000000016,16,2,0.9187,0.4996,120.0,0.3999999999999976,safety-sentry,Classical-MPC
2.7600000000000016,17,2,0.0788,0.2004,120.0,0.3999999999999976,follower,RL-PPO
2.7600000000000016,18,2,0.0811,0.321,120.0,0.3999999999999976,follower,RL-SAC
2.7600000000000016,19,2,0.0787,0.44,120.0,0.3999999999999976,safety-sentry,DL-Transformer (coord)
2.7600000000000016,20,2,0.1195,0.0786,120.0,0.3999999999999976,leader,RL-PPO
2.7600000000000016,21,2,0.2709,0.0804,120.0,0.3999999999999976,follower,RL-SAC
2.7600000000000016,22,2,0.423,0.0813,120.0,0.3999999999999976,safety-sentry,DL-Transformer (coord)
2.7600000000000016,23,2,0.5778,0.0807,120.0,0.3999999999999976,follower,RL-PPO
2.7600000000000016,24,2,0.7304,0.0802,120.0,0.3999999999999976,follower,IL-BC (behavior cloning)
2.7600000000000016,25,2,0.9187,0.0796,120.0,0.3999999999999976,safety-sentry,Classical-MPC
2.7600000000000016,26,0,1.3309,0.9202,120.0,0.3999999999999976,follower,RL-PPO
2.7600000000000016,27,0,1.4976,0.9209,120.0,0.3999999999999976,follower,DL-Transformer (coord)
2.7600000000000016,28,0,1.6666,0.919,120.0,0.3999999999999976,follower,IL-BC (behavior cloning)
2.7600000000000016,29,0,1.8331,0.9208,120.0,0.3999999999999976,follower,Classical-MPC
2.7600000000000016,30,0,2.0029,0.9191,120.0,0.3999999999999976,follower,RL-SAC
2.7600000000000016,31,0,2.1691000000000003,0.9204,120.0,0.3999999999999976,follower,RL-PPO
2.7600000000000016,32,0,2.1709,0.5888,120.0,0.3999999999999976,follower,Classical-MPC
2.7600000000000016,33,0,2.1711,0.7114,120.0,0.3999999999999976,follower,Classical-MPC
2.7600000000000016,34,0,2.1691000000000003,0.8608,120.0,0.3999999999999976,follower,RL-SAC
2.7600000000000016,35,0,2.1692,0.1118,120.0,0.3999999999999976,follower,DL-CNN (vision)
2.7600000000000016,36,0,2.1708,0.2419,120.0,0.3999999999999976,edge-relay,IL-BC (behavior cloning)
2.7600000000000016,37,0,2.1711,0.3698,120.0,0.3999999999999976,follower,Classical-MPC
2.7600000000000016,38,0,2.1687,0.4997,120.0,0.3999999999999976,follower,RL-PPO
2.7600000000000016,39,0,1.4569,0.0788,120.0,0.3999999999999976,follower,DL-Transformer (coord)
2.7600000000000016,40,0,1.6251,0.0814,120.0,0.3999999999999976,follower,Classical-MPC
2.7600000000000016,41,0,1.7917,0.0788,120.0,0.3999999999999976,follower,DL-Transformer (coord)
2.7600000000000016,42,0,2.0029,0.0791,120.0,0.3999999999999976,follower,RL-PPO
2.7600000000000016,43,0,2.1691000000000003,0.0804,120.0,0.3999999999999976,follower,RL-PPO
2.7600000000000016,44,0,1.3309,0.1757,120.0,0.3999999999999976,follower,RL-SAC
2.7600000000000016,45,0,1.3311,0.3076,120.0,0.3999999999999976,follower,Classical-MPC
2.7600000000000016,46,0,1.3296999999999999,0.4342,120.0,0.3999999999999976,follower,RL-PPO
2.7600000000000016,47,0,1.3292,0.5295,120.0,0.3999999999999976,follower,RL-PPO
2.7600000000000016,48,0,1.3308,0.6503,120.0,0.3999999999999976,safety-sentry,DL-CNN (vision)
2.7600000000000016,49,0,1.3311,0.769,120.0,0.3999999999999976,follower,RL-PPO
2.7600000000000016,50,0,1.3285,0.9199,120.0,0.3999999999999976,follower,RL-PPO
2.7600000000000016,51,2,2.5813,0.9187,120.0,0.3999999999999976,follower,RL-PPO
2.7600000000000016,52,2,2.7315,0.9204,120.0,0.3999999999999976,follower,DL-Transformer (coord)
2.7600000000000016,53,2,2.8866,0.921,120.0,0.3999999999999976,follower,IL-BC (behavior cloning)
2.7600000000000016,54,2,3.0369,0.92,120.0,0.3999999999999976,follower,DL-CNN (vision)
2.7600000000000016,55,2,3.1921,0.9208,120.0,0.3999999999999976,follower,RL-PPO
2.7600000000000016,56,2,3.3447,0.9201,120.0,0.3999999999999976,leader,DL-CNN (vision)
2.7600000000000016,57,2,3.4213,0.5266,120.0,0.3999999999999976,follower,DL-Transformer (coord)
2.7600000000000016,58,2,3.42,0.6404,120.0,0.3999999999999976,follower,Classical-MPC
2.7600000000000016,59,2,3.4208,0.7786,120.0,0.3999999999999976,follower,Classical-MPC
2.7600000000000016,60,2,3.4189,0.8922,120.0,0.3999999999999976,follower,RL-SAC
2.7600000000000016,61,2,2.6551,0.4989,120.0,0.3999999999999976,safety-sentry,RL-PPO
2.7600000000000016,62,2,2.8079,0.4986,120.0,0.3999999999999976,follower,Classical-MPC
2.7600000000000016,63,2,2.9626,0.4986,120.0,0.3999999999999976,leader,Classical-MPC
2.7600000000000016,64,2,3.1135,0.5002,120.0,0.3999999999999976,follower,DL-CNN (vision)
2.7600000000000016,65,2,3.2664,0.5005,120.0,0.3999999999999976,follower,IL-BC (behavior cloning)
2.7600000000000016,66,2,3.4187,0.4996,120.0,0.3999999999999976,follower,Classical-MPC
2.7600000000000016,67,2,2.5788,0.2004,120.0,0.3999999999999976,safety-sentry,DL-Transformer (coord)
2.7600000000000016,68,2,2.5811,0.321,120.0,0.3999999999999976,safety-sentry,Classical-MPC
2.7600000000000016,69,2,2.5787,0.44,120.0,0.3999999999999976,edge-relay,RL-PPO
2.7600000000000016,70,2,2.6195,0.0786,120.0,0.3999999999999976,follower,RL-SAC
2.7600000000000016,71,2,2.7709,0.0804,120.0,0.3999999999999976,edge-relay,RL-SAC
2.7600000000000016,72,2,2.923,0.0813,120.0,0.3999999999999976,follower,RL-PPO
2.7600000000000016,73,2,3.0778,0.0807,120.0,0.3999999999999976,follower,Classical-MPC
2.7600000000000016,74,2,3.2304,0.0802,120.0,0.3999999999999976,follower,RL-PPO
2.7600000000000016,75,2,3.4187,0.0796,120.0,0.3999999999999976,follower,DL-Transformer (coord)
2.7600000000000016,76,5,3.8315,0.9211,120.0,0.3999999999999976,follower,RL-PPO
2.7600000000000016,77,5,3.9841,0.9189,120.0,0.3999999999999976,follower,DL-CNN (vision)
2.7600000000000016,78,5,4.1362,0.9189,120.0,0.3999999999999976,follower,DL-CNN (vision)
2.7600000000000016,79,5,4.2891,0.9195,120.0,0.3999999999999976,follower,RL-SAC
2.7600000000000016,80,5,4.4395,0.9193,120.0,0.3999999999999976,follower,DL-Transformer (coord)
2.7600000000000016,81,5,4.5938,0.9207,120.0,0.3999999999999976,follower,DL-Transformer (coord)
2.7600000000000016,82,5,3.8292,0.5294,120.0,0.3999999999999976,follower,DL-CNN (vision)
2.7600000000000016,83,5,3.8301,0.6396,120.0,0.3999999999999976,follower,IL-BC (behavior cloning)
2.7600000000000016,84,5,3.8307,0.7799,120.0,0.3999999999999976,follower,RL-PPO
2.7600000000000016,85,5,3.8297,0.8923,120.0,0.3999999999999976,edge-relay,RL-SAC
2.7600000000000016,86,5,3.9061,0.5013,120.0,0.3999999999999976,follower,DL-CNN (vision)
2.7600000000000016,87,5,4.0602,0.4987,120.0,0.3999999999999976,follower,DL-CNN (vision)
2.7600000000000016,88,5,4.2125,0.4999,120.0,0.3999999999999976,follower,RL-SAC
2.7600000000000016,89,5,4.3643,0.5003,120.0,0.3999999999999976,edge-relay,Classical-MPC
2.7600000000000016,90,5,4.5163,0.5008,120.0,0.3999999999999976,follower,Classical-MPC
2.7600000000000016,91,5,4.6686,0.4999,120.0,0.3999999999999976,edge-relay,RL-PPO
2.7600000000000016,92,5,4.6714,0.1989,120.0,0.3999999999999976,safety-sentry,DL-CNN (vision)
2.7600000000000016,93,5,4.6708,0.3189,120.0,0.3999999999999976,leader,RL-SAC
2.7600000000000016,94,5,4.6709,0.4395,120.0,0.3999999999999976,edge-relay,DL-CNN (vision)
2.7600000000000016,95,5,3.8673,0.0814,120.0,0.3999999999999976,follower,RL-SAC
2.7600000000000016,96,5,4.021,0.0796,120.0,0.3999999999999976,follower,DL-Transformer (coord)
2.7600000000000016,97,5,4.1739,0.0797,120.0,0.3999999999999976,edge-relay,Classical-MPC
2.7600000000000016,98,5,4.327,0.0805,120.0,0.3999999999999976,follower,DL-CNN (vision)
2.7600000000000016,99,5,4.4793,0.079,120.0,0.3999999999999976,follower,DL-Transformer (coord)
2.7600000000000016,100,5,4.6686,0.0799,120.0,0.3999999999999976,follower,DL-Transformer (coord)
2.8000000000000016,1,2,0.0813,0.9187,120.0,0.3333333333333305,leader,RL-PPO
2.8000000000000016,2,2,0.2315,0.9204,120.0,0.3333333333333305,follower,DL-CNN (vision)
2.8000000000000016,3,2,0.3866,0.921,120.0,0.3333333333333305,follower,Classical-MPC
2.8000000000000016,4,2,0.5369,0.92,120.0,0.3333333333333305,follower,DL-CNN (vision)
2.8000000000000016,5,2,0.6921,0.9208,120.0,0.3333333333333305,safety-sentry,DL-Transformer (coord)
2.8000000000000016,6,2,0.8447,0.9201,120.0,0.3333333333333305,follower,IL-BC (behavior cloning)
2.8000000000000016,7,2,0.9213,0.5266,120.0,0.3333333333333305,follower,Classical-MPC
2.8000000000000016,8,2,0.92,0.6404,120.0,0.3333333333333305,leader,IL-BC (behavior cloning)
2.8000000000000016,9,2,0.9208,0.7786,120.0,0.3333333333333305,follower,RL-PPO
2.8000000000000016,10,2,0.9189,0.8922,120.0,0.3333333333333305,follower,DL-CNN (vision)
2.8000000000000016,11,2,0.1551,0.4989,120.0,0.3333333333333305,follower,DL-CNN (vision)
2.8000000000000016,12,2,0.3079,0.4986,120.0,0.3333333333333305,edge-relay,RL-PPO
2.8000000000000016,13,2,0.4626,0.4986,120.0,0.3333333333333305,follower,DL-Transformer (coord)
2.8000000000000016,14,2,0.6135,0.5002,120.0,0.3333333333333305,leader,DL-Transformer (coord)
2.8000000000000016,15,2,0.7664,0.5005,120.0,0.3333333333333305,follower,Classical-MPC
2.8000000000000016,16,2,0.9187,0.4996,120.0,0.3333333333333305,safety-sentry,Classical-MPC
2.8000000000000016,17,2,0.0788,0.2004,120.0,0.3333333333333305,follower,RL-PPO
2.8000000000000016,18,2,0.0811,0.321,120.0,0.3333333333333305,follower,RL-SAC
2.8000000000000016,19,2,0.0787,0.44,120.0,0.3333333333333305,safety-sentry,DL-Transformer (coord)
2.8000000000000016,20,2,0.1195,0.0786,120.0,0.3333333333333305,leader,RL-PPO
2.8000000000000016,21,2,0.2709,0.0804,120.0,0.3333333333333305,follower,RL-SAC
2.8000000000000016,22,2,0.423,0.0813,120.0,0.3333333333333305,safety-sentry,DL-Transformer (coord)
2.8000000000000016,23,2,0.5778,0.0807,120.0,0.3333333333333305,follower,RL-PPO
2.8000000000000016,24,2,0.7304,0.0802,120.0,0.3333333333333305,follower,IL-BC (behavior cloning)
2.8000000000000016,25,2,0.9187,0.0796,120.0,0.3333333333333305,safety-sentry,Classical-MPC
2.8000000000000016,26,0,1.3309,0.9202,120.0,0.3333333333333305,follower,RL-PPO
2.8000000000000016,27,0,1.4976,0.9209,120.0,0.3333333333333305,follower,DL-Transformer (coord)
2.8000000000000016,28,0,1.6666,0.919,120.0,0.3333333333333305,follower,IL-BC (behavior cloning)
2.8000000000000016,29,0,1.8331,0.9208,120.0,0.3333333333333305,follower,Classical-MPC
2.8000000000000016,30,0,2.0029,0.9191,120.0,0.3333333333333305,follower,RL-SAC
2.8000000000000016,31,0,2.1691000000000003,0.9204,120.0,0.3333333333333305,follower,RL-PPO
2.8000000000000016,32,0,2.1709,0.5888,120.0,0.3333333333333305,follower,Classical-MPC
2.8000000000000016,33,0,2.1711,0.7114,120.0,0.3333333333333305,follower,Classical-MPC
2.8000000000000016,34,0,2.1691000000000003,0.8608,120.0,0.3333333333333305,follower,RL-SAC
2.8000000000000016,35,0,2.1692,0.1118,120.0,0.3333333333333305,follower,DL-CNN (vision)
2.8000000000000016,36,0,2.1708,0.2419,120.0,0.3333333333333305,edge-relay,IL-BC (behavior cloning)
2.8000000000000016,37,0,2.1711,0.3698,120.0,0.3333333333333305,follower,Classical-MPC
2.8000000000000016,38,0,2.1687,0.4997,120.0,0.3333333333333305,follower,RL-PPO
2.8000000000000016,39,0,1.4569,0.0788,120.0,0.3333333333333305,follower,DL-Transformer (coord)
2.8000000000000016,40,0,1.6251,0.0814,120.0,0.3333333333333305,follower,Classical-MPC
2.8000000000000016,41,0,1.7917,0.0788,120.0,0.3333333333333305,follower,DL-Transformer (coord)
2.8000000000000016,42,0,2.0029,0.0791,120.0,0.3333333333333305,follower,RL-PPO
2.8000000000000016,43,0,2.1691000000000003,0.0804,120.0,0.3333333333333305,follower,RL-PPO
2.8000000000000016,44,0,1.3309,0.1757,120.0,0.3333333333333305,follower,RL-SAC
2.8000000000000016,45,0,1.3311,0.3076,120.0,0.3333333333333305,follower,Classical-MPC
2.8000000000000016,46,0,1.3296999999999999,0.4342,120.0,0.3333333333333305,follower,RL-PPO
2.8000000000000016,47,0,1.3292,0.5295,120.0,0.3333333333333305,follower,RL-PPO
2.8000000000000016,48,0,1.3308,0.6503,120.0,0.3333333333333305,safety-sentry,DL-CNN (vision)
2.8000000000000016,49,0,1.3311,0.769,120.0,0.3333333333333305,follower,RL-PPO
2.8000000000000016,50,0,1.3285,0.9199,120.0,0.3333333333333305,follower,RL-PPO
2.8000000000000016,51,2,2.5813,0.9187,120.0,0.3333333333333305,follower,RL-PPO
2.8000000000000016,52,2,2.7315,0.9204,120.0,0.3333333333333305,follower,DL-Transformer (coord)
2.8000000000000016,53,2,2.8866,0.921,120.0,0.3333333333333305,follower,IL-BC (behavior cloning)
2.8000000000000016,54,2,3.0369,0.92,120.0,0.3333333333333305,follower,DL-CNN (vision)
2.8000000000000016,55,2,3.1921,0.9208,120.0,0.3333333333333305,follower,RL-PPO
2.8000000000000016,56,2,3.3447,0.9201,120.0,0.3333333333333305,leader,DL-CNN (vision)
2.8000000000000016,57,2,3.4213,0.5266,120.0,0.3333333333333305,follower,DL-Transformer (coord)
2.8000000000000016,58,2,3.42,0.6404,120.0,0.3333333333333305,follower,Classical-MPC
2.8000000000000016,59,2,3.4208,0.7786,120.0,0.3333333333333305,follower,Classical-MPC
2.8000000000000016,60,2,3.4189,0.8922,120.0,0.3333333333333305,follower,RL-SAC
2.8000000000000016,61,2,2.6551,0.4989,120.0,0.3333333333333305,safety-sentry,RL-PPO
2.8000000000000016,62,2,2.8079,0.4986,120.0,0.3333333333333305,follower,Classical-MPC
2.8000000000000016,63,2,2.9626,0.4986,120.0,0.3333333333333305,leader,Classical-MPC
2.8000000000000016,64,2,3.1135,0.5002,120.0,0.3333333333333305,follower,DL-CNN (vision)
2.8000000000000016,65,2,3.2664,0.5005,120.0,0.3333333333333305,follower,IL-BC (behavior cloning)
2.8000000000000016,66,2,3.4187,0.4996,120.0,0.3333333333333305,follower,Classical-MPC
2.8000000000000016,67,2,2.5788,0.2004,120.0,0.3333333333333305,safety-sentry,DL-Transformer (coord)
2.8000000000000016,68,2,2.5811,0.321,120.0,0.3333333333333305,safety-sentry,Classical-MPC
2.8000000000000016,69,2,2.5787,0.44,120.0,0.3333333333333305,edge-relay,RL-PPO
2.8000000000000016,70,2,2.6195,0.0786,120.0,0.3333333333333305,follower,RL-SAC
2.8000000000000016,71,2,2.7709,0.0804,120.0,0.3333333333333305,edge-relay,RL-SAC
2.8000000000000016,72,2,2.923,0.0813,120.0,0.3333333333333305,follower,RL-PPO
2.8000000000000016,73,2,3.0778,0.0807,120.0,0.3333333333333305,follower,Classical-MPC
2.8000000000000016,74,2,3.2304,0.0802,120.0,0.3333333333333305,follower,RL-PPO
2.8000000000000016,75,2,3.4187,0.0796,120.0,0.3333333333333305,follower,DL-Transformer (coord)
2.8000000000000016,76,5,3.8315,0.9211,120.0,0.3333333333333305,follower,RL-PPO
2.8000000000000016,77,5,3.9841,0.9189,120.0,0.3333333333333305,follower,DL-CNN (vision)
2.8000000000000016,78,5,4.1362,0.9189,120.0,0.3333333333333305,follower,DL-CNN (vision)
2.8000000000000016,79,5,4.2891,0.9195,120.0,0.3333333333333305,follower,RL-SAC
2.8000000000000016,80,5,4.4395,0.9193,120.0,0.3333333333333305,follower,DL-Transformer (coord)
2.8000000000000016,81,5,4.5938,0.9207,120.0,0.3333333333333305,follower,DL-Transformer (coord)
2.8000000000000016,82,5,3.8292,0.5294,120.0,0.3333333333333305,follower,DL-CNN (vision)
2.8000000000000016,83,5,3.8301,0.6396,120.0,0.3333333333333305,follower,IL-BC (behavior cloning)
2.8000000000000016,84,5,3.8307,0.7799,120.0,0.3333333333333305,follower,RL-PPO
2.8000000000000016,85,5,3.8297,0.8923,120.0,0.3333333333333305,edge-relay,RL-SAC
2.8000000000000016,86,5,3.9061,0.5013,120.0,0.3333333333333305,follower,DL-CNN (vision)
2.8000000000000016,87,5,4.0602,0.4987,120.0,0.3333333333333305,follower,DL-CNN (vision)
2.8000000000000016,88,5,4.2125,0.4999,120.0,0.3333333333333305,follower,RL-SAC
2.8000000000000016,89,5,4.3643,0.5003,120.0,0.3333333333333305,edge-relay,Classical-MPC
2.8000000000000016,90,5,4.5163,0.5008,120.0,0.3333333333333305,follower,Classical-MPC
2.8000000000000016,91,5,4.6686,0.4999,120.0,0.3333333333333305,edge-relay,RL-PPO
2.8000000000000016,92,5,4.6714,0.1989,120.0,0.3333333333333305,safety-sentry,DL-CNN (vision)
2.8000000000000016,93,5,4.6708,0.3189,120.0,0.3333333333333305,leader,RL-SAC
2.8000000000000016,94,5,4.6709,0.4395,120.0,0.3333333333333305,edge-relay,DL-CNN (vision)
2.8000000000000016,95,5,3.8673,0.0814,120.0,0.3333333333333305,follower,RL-SAC
2.8000000000000016,96,5,4.021,0.0796,120.0,0.3333333333333305,follower,DL-Transformer (coord)
2.8000000000000016,97,5,4.1739,0.0797,120.0,0.3333333333333305,edge-relay,Classical-MPC
2.8000000000000016,98,5,4.327,0.0805,120.0,0.3333333333333305,follower,DL-CNN (vision)
2.8000000000000016,99,5,4.4793,0.079,120.0,0.3333333333333305,follower,DL-Transformer (coord)
2.8000000000000016,100,5,4.6686,0.0799,120.0,0.3333333333333305,follower,DL-Transformer (coord)
2.8400000000000016,1,2,0.0813,0.9187,120.0,0.26666666666666394,leader,RL-PPO
2.8400000000000016,2,2,0.2315,0.9204,120.0,0.26666666666666394,follower,DL-CNN (vision)
2.8400000000000016,3,2,0.3866,0.921,120.0,0.26666666666666394,follower,Classical-MPC
2.8400000000000016,4,2,0.5369,0.92,120.0,0.26666666666666394,follower,DL-CNN (vision)
2.8400000000000016,5,2,0.6921,0.9208,120.0,0.26666666666666394,safety-sentry,DL-Transformer (coord)
2.8400000000000016,6,2,0.8447,0.9201,120.0,0.26666666666666394,follower,IL-BC (behavior cloning)
2.8400000000000016,7,2,0.9213,0.5266,120.0,0.26666666666666394,follower,Classical-MPC
2.8400000000000016,8,2,0.92,0.6404,120.0,0.26666666666666394,leader,IL-BC (behavior cloning)
2.8400000000000016,9,2,0.9208,0.7786,120.0,0.26666666666666394,follower,RL-PPO
2.8400000000000016,10,2,0.9189,0.8922,120.0,0.26666666666666394,follower,DL-CNN (vision)
2.8400000000000016,11,2,0.1551,0.4989,120.0,0.26666666666666394,follower,DL-CNN (vision)
2.8400000000000016,12,2,0.3079,0.4986,120.0,0.26666666666666394,edge-relay,RL-PPO
2.8400000000000016,13,2,0.4626,0.4986,120.0,0.26666666666666394,follower,DL-Transformer (coord)
2.8400000000000016,14,2,0.6135,0.5002,120.0,0.26666666666666394,leader,DL-Transformer (coord)
2.8400000000000016,15,2,0.7664,0.5005,120.0,0.26666666666666394,follower,Classical-MPC
2.8400000000000016,16,2,0.9187,0.4996,120.0,0.26666666666666394,safety-sentry,Classical-MPC
2.8400000000000016,17,2,0.0788,0.2004,120.0,0.26666666666666394,follower,RL-PPO
2.8400000000000016,18,2,0.0811,0.321,120.0,0.26666666666666394,follower,RL-SAC
2.8400000000000016,19,2,0.0787,0.44,120.0,0.26666666666666394,safety-sentry,DL-Transformer (coord)
2.8400000000000016,20,2,0.1195,0.0786,120.0,0.26666666666666394,leader,RL-PPO
2.8400000000000016,21,2,0.2709,0.0804,120.0,0.26666666666666394,follower,RL-SAC
2.8400000000000016,22,2,0.423,0.0813,120.0,0.26666666666666394,safety-sentry,DL-Transformer (coord)
2.8400000000000016,23,2,0.5778,0.0807,120.0,0.26666666666666394,follower,RL-PPO
2.8400000000000016,24,2,0.7304,0.0802,120.0,0.26666666666666394,follower,IL-BC (behavior cloning)
2.8400000000000016,25,2,0.9187,0.0796,120.0,0.26666666666666394,safety-sentry,Classical-MPC
2.8400000000000016,26,0,1.3309,0.9202,120.0,0.26666666666666394,follower,RL-PPO
2.8400000000000016,27,0,1.4976,0.9209,120.0,0.26666666666666394,follower,DL-Transformer (coord)
2.8400000000000016,28,0,1.6666,0.919,120.0,0.26666666666666394,follower,IL-BC (behavior cloning)
2.8400000000000016,29,0,1.8331,0.9208,120.0,0.26666666666666394,follower,Classical-MPC
2.8400000000000016,30,0,2.0029,0.9191,120.0,0.26666666666666394,follower,RL-SAC
2.8400000000000016,31,0,2.1691000000000003,0.9204,120.0,0.26666666666666394,follower,RL-PPO
2.8400000000000016,32,0,2.1709,0.5888,120.0,0.26666666666666394,follower,Classical-MPC
2.8400000000000016,33,0,2.1711,0.7114,120.0,0.26666666666666394,follower,Classical-MPC
2.8400000000000016,34,0,2.1691000000000003,0.8608,120.0,0.26666666666666394,follower,RL-SAC
2.8400000000000016,35,0,2.1692,0.1118,120.0,0.26666666666666394,follower,DL-CNN (vision)
2.8400000000000016,36,0,2.1708,0.2419,120.0,0.26666666666666394,edge-relay,IL-BC (behavior cloning)
2.8400000000000016,37,0,2.1711,0.3698,120.0,0.26666666666666394,follower,Classical-MPC
2.8400000000000016,38,0,2.1687,0.4997,120.0,0.26666666666666394,follower,RL-PPO
2.8400000000000016,39,0,1.4569,0.0788,120.0,0.26666666666666394,follower,DL-Transformer (coord)
2.8400000000000016,40,0,1.6251,0.0814,120.0,0.26666666666666394,follower,Classical-MPC
2.8400000000000016,41,0,1.7917,0.0788,120.0,0.26666666666666394,follower,DL-Transformer (coord)
2.8400000000000016,42,0,2.0029,0.0791,120.0,0.26666666666666394,follower,RL-PPO
2.8400000000000016,43,0,2.1691000000000003,0.0804,120.0,0.26666666666666394,follower,RL-PPO
2.8400000000000016,44,0,1.3309,0.1757,120.0,0.26666666666666394,follower,RL-SAC
2.8400000000000016,45,0,1.3311,0.3076,120.0,0.26666666666666394,follower,Classical-MPC
2.8400000000000016,46,0,1.3296999999999999,0.4342,120.0,0.26666666666666394,follower,RL-PPO
2.8400000000000016,47,0,1.3292,0.5295,120.0,0.26666666666666394,follower,RL-PPO
2.8400000000000016,48,0,1.3308,0.6503,120.0,0.26666666666666394,safety-sentry,DL-CNN (vision)
2.8400000000000016,49,0,1.3311,0.769,120.0,0.26666666666666394,follower,RL-PPO
2.8400000000000016,50,0,1.3285,0.9199,120.0,0.26666666666666394,follower,RL-PPO
2.8400000000000016,51,2,2.5813,0.9187,120.0,0.26666666666666394,follower,RL-PPO
2.8400000000000016,52,2,2.7315,0.9204,120.0,0.26666666666666394,follower,DL-Transformer (coord)
2.8400000000000016,53,2,2.8866,0.921,120.0,0.26666666666666394,follower,IL-BC (behavior cloning)
2.8400000000000016,54,2,3.0369,0.92,120.0,0.26666666666666394,follower,DL-CNN (vision)
2.8400000000000016,55,2,3.1921,0.9208,120.0,0.26666666666666394,follower,RL-PPO
2.8400000000000016,56,2,3.3447,0.9201,120.0,0.26666666666666394,leader,DL-CNN (vision)
2.8400000000000016,57,2,3.4213,0.5266,120.0,0.26666666666666394,follower,DL-Transformer (coord)
2.8400000000000016,58,2,3.42,0.6404,120.0,0.26666666666666394,follower,Classical-MPC
2.8400000000000016,59,2,3.4208,0.7786,120.0,0.26666666666666394,follower,Classical-MPC
2.8400000000000016,60,2,3.4189,0.8922,120.0,0.26666666666666394,follower,RL-SAC
2.8400000000000016,61,2,2.6551,0.4989,120.0,0.26666666666666394,safety-sentry,RL-PPO
2.8400000000000016,62,2,2.8079,0.4986,120.0,0.26666666666666394,follower,Classical-MPC
2.8400000000000016,63,2,2.9626,0.4986,120.0,0.26666666666666394,leader,Classical-MPC
2.8400000000000016,64,2,3.1135,0.5002,120.0,0.26666666666666394,follower,DL-CNN (vision)
2.8400000000000016,65,2,3.2664,0.5005,120.0,0.26666666666666394,follower,IL-BC (behavior cloning)
2.8400000000000016,66,2,3.4187,0.4996,120.0,0.26666666666666394,follower,Classical-MPC
2.8400000000000016,67,2,2.5788,0.2004,120.0,0.26666666666666394,safety-sentry,DL-Transformer (coord)
2.8400000000000016,68,2,2.5811,0.321,120.0,0.26666666666666394,safety-sentry,Classical-MPC
2.8400000000000016,69,2,2.5787,0.44,120.0,0.26666666666666394,edge-relay,RL-PPO
2.8400000000000016,70,2,2.6195,0.0786,120.0,0.26666666666666394,follower,RL-SAC
2.8400000000000016,71,2,2.7709,0.0804,120.0,0.26666666666666394,edge-relay,RL-SAC
2.8400000000000016,72,2,2.923,0.0813,120.0,0.26666666666666394,follower,RL-PPO
2.8400000000000016,73,2,3.0778,0.0807,120.0,0.26666666666666394,follower,Classical-MPC
2.8400000000000016,74,2,3.2304,0.0802,120.0,0.26666666666666394,follower,RL-PPO
2.8400000000000016,75,2,3.4187,0.0796,120.0,0.26666666666666394,follower,DL-Transformer (coord)
2.8400000000000016,76,5,3.8315,0.9211,120.0,0.26666666666666394,follower,RL-PPO
2.8400000000000016,77,5,3.9841,0.9189,120.0,0.26666666666666394,follower,DL-CNN (vision)
2.8400000000000016,78,5,4.1362,0.9189,120.0,0.26666666666666394,follower,DL-CNN (vision)
2.8400000000000016,79,5,4.2891,0.9195,120.0,0.26666666666666394,follower,RL-SAC
2.8400000000000016,80,5,4.4395,0.9193,120.0,0.26666666666666394,follower,DL-Transformer (coord)
2.8400000000000016,81,5,4.5938,0.9207,120.0,0.26666666666666394,follower,DL-Transformer (coord)
2.8400000000000016,82,5,3.8292,0.5294,120.0,0.26666666666666394,follower,DL-CNN (vision)
2.8400000000000016,83,5,3.8301,0.6396,120.0,0.26666666666666394,follower,IL-BC (behavior cloning)
2.8400000000000016,84,5,3.8307,0.7799,120.0,0.26666666666666394,follower,RL-PPO
2.8400000000000016,85,5,3.8297,0.8923,120.0,0.26666666666666394,edge-relay,RL-SAC
2.8400000000000016,86,5,3.9061,0.5013,120.0,0.26666666666666394,follower,DL-CNN (vision)
2.8400000000000016,87,5,4.0602,0.4987,120.0,0.26666666666666394,follower,DL-CNN (vision)
2.8400000000000016,88,5,4.2125,0.4999,120.0,0.26666666666666394,follower,RL-SAC
2.8400000000000016,89,5,4.3643,0.5003,120.0,0.26666666666666394,edge-relay,Classical-MPC
2.8400000000000016,90,5,4.5163,0.5008,120.0,0.26666666666666394,follower,Classical-MPC
2.8400000000000016,91,5,4.6686,0.4999,120.0,0.26666666666666394,edge-relay,RL-PPO
2.8400000000000016,92,5,4.6714,0.1989,120.0,0.26666666666666394,safety-sentry,DL-CNN (vision)
2.8400000000000016,93,5,4.6708,0.3189,120.0,0.26666666666666394,leader,RL-SAC
2.8400000000000016,94,5,4.6709,0.4395,120.0,0.26666666666666394,edge-relay,DL-CNN (vision)
2.8400000000000016,95,5,3.8673,0.0814,120.0,0.26666666666666394,follower,RL-SAC
2.8400000000000016,96,5,4.021,0.0796,120.0,0.26666666666666394,follower,DL-Transformer (coord)
2.8400000000000016,97,5,4.1739,0.0797,120.0,0.26666666666666394,edge-relay,Classical-MPC
2.8400000000000016,98,5,4.327,0.0805,120.0,0.26666666666666394,follower,DL-CNN (vision)
2.8400000000000016,99,5,4.4793,0.079,120.0,0.26666666666666394,follower,DL-Transformer (coord)
2.8400000000000016,100,5,4.6686,0.0799,120.0,0.26666666666666394,follower,DL-Transformer (coord)
2.8800000000000017,1,2,0.0813,0.9187,120.0,0.1999999999999974,leader,RL-PPO
2.8800000000000017,2,2,0.2315,0.9204,120.0,0.1999999999999974,follower,DL-CNN (vision)
2.8800000000000017,3,2,0.3866,0.921,120.0,0.1999999999999974,follower,Classical-MPC
2.8800000000000017,4,2,0.5369,0.92,120.0,0.1999999999999974,follower,DL-CNN (vision)
2.8800000000000017,5,2,0.6921,0.9208,120.0,0.1999999999999974,safety-sentry,DL-Transformer (coord)
2.8800000000000017,6,2,0.8447,0.9201,120.0,0.1999999999999974,follower,IL-BC (behavior cloning)
2.8800000000000017,7,2,0.9213,0.5266,120.0,0.1999999999999974,follower,Classical-MPC
2.8800000000000017,8,2,0.92,0.6404,120.0,0.1999999999999974,leader,IL-BC (behavior cloning)
2.8800000000000017,9,2,0.9208,0.7786,120.0,0.1999999999999974,follower,RL-PPO
2.8800000000000017,10,2,0.9189,0.8922,120.0,0.1999999999999974,follower,DL-CNN (vision)
2.8800000000000017,11,2,0.1551,0.4989,120.0,0.1999999999999974,follower,DL-CNN (vision)
2.8800000000000017,12,2,0.3079,0.4986,120.0,0.1999999999999974,edge-relay,RL-PPO
2.8800000000000017,13,2,0.4626,0.4986,120.0,0.1999999999999974,follower,DL-Transformer (coord)
2.8800000000000017,14,2,0.6135,0.5002,120.0,0.1999999999999974,leader,DL-Transformer (coord)
2.8800000000000017,15,2,0.7664,0.5005,120.0,0.1999999999999974,follower,Classical-MPC
2.8800000000000017,16,2,0.9187,0.4996,120.0,0.1999999999999974,safety-sentry,Classical-MPC
2.8800000000000017,17,2,0.0788,0.2004,120.0,0.1999999999999974,follower,RL-PPO
2.8800000000000017,18,2,0.0811,0.321,120.0,0.1999999999999974,follower,RL-SAC
2.8800000000000017,19,2,0.0787,0.44,120.0,0.1999999999999974,safety-sentry,DL-Transformer (coord)
2.8800000000000017,20,2,0.1195,0.0786,120.0,0.1999999999999974,leader,RL-PPO
2.8800000000000017,21,2,0.2709,0.0804,120.0,0.1999999999999974,follower,RL-SAC
2.8800000000000017,22,2,0.423,0.0813,120.0,0.1999999999999974,safety-sentry,DL-Transformer (coord)
2.8800000000000017,23,2,0.5778,0.0807,120.0,0.1999999999999974,follower,RL-PPO
2.8800000000000017,24,2,0.7304,0.0802,120.0,0.1999999999999974,follower,IL-BC (behavior cloning)
2.8800000000000017,25,2,0.9187,0.0796,120.0,0.1999999999999974,safety-sentry,Classical-MPC
2.8800000000000017,26,0,1.3309,0.9202,120.0,0.1999999999999974,follower,RL-PPO
2.8800000000000017,27,0,1.4976,0.9209,120.0,0.1999999999999974,follower,DL-Transformer (coord)
2.8800000000000017,28,0,1.6666,0.919,120.0,0.1999999999999974,follower,IL-BC (behavior cloning)
2.8800000000000017,29,0,1.8331,0.9208,120.0,0.1999999999999974,follower,Classical-MPC
2.8800000000000017,30,0,2.0029,0.9191,120.0,0.1999999999999974,follower,RL-SAC
2.8800000000000017,31,0,2.1691000000000003,0.9204,120.0,0.1999999999999974,follower,RL-PPO
2.8800000000000017,32,0,2.1709,0.5888,120.0,0.1999999999999974,follower,Classical-MPC
2.8800000000000017,33,0,2.1711,0.7114,120.0,0.1999999999999974,follower,Classical-MPC
2.8800000000000017,34,0,2.1691000000000003,0.8608,120.0,0.1999999999999974,follower,RL-SAC
2.8800000000000017,35,0,2.1692,0.1118,120.0,0.1999999999999974,follower,DL-CNN (vision)
2.8800000000000017,36,0,2.1708,0.2419,120.0,0.1999999999999974,edge-relay,IL-BC (behavior cloning)
2.8800000000000017,37,0,2.1711,0.3698,120.0,0.1999999999999974,follower,Classical-MPC
2.8800000000000017,38,0,2.1687,0.4997,120.0,0.1999999999999974,follower,RL-PPO
2.8800000000000017,39,0,1.4569,0.0788,120.0,0.1999999999999974,follower,DL-Transformer (coord)
2.8800000000000017,40,0,1.6251,0.0814,120.0,0.1999999999999974,follower,Classical-MPC
2.8800000000000017,41,0,1.7917,0.0788,120.0,0.1999999999999974,follower,DL-Transformer (coord)
2.8800000000000017,42,0,2.0029,0.0791,120.0,0.1999999999999974,follower,RL-PPO
2.8800000000000017,43,0,2.1691000000000003,0.0804,120.0,0.1999999999999974,follower,RL-PPO
2.8800000000000017,44,0,1.3309,0.1757,120.0,0.1999999999999974,follower,RL-SAC
2.8800000000000017,45,0,1.3311,0.3076,120.0,0.1999999999999974,follower,Classical-MPC
2.8800000000000017,46,0,1.3296999999999999,0.4342,120.0,0.1999999999999974,follower,RL-PPO
2.8800000000000017,47,0,1.3292,0.5295,120.0,0.1999999999999974,follower,RL-PPO
2.8800000000000017,48,0,1.3308,0.6503,120.0,0.1999999999999974,safety-sentry,DL-CNN (vision)
2.8800000000000017,49,0,1.3311,0.769,120.0,0.1999999999999974,follower,RL-PPO
2.8800000000000017,50,0,1.3285,0.9199,120.0,0.1999999999999974,follower,RL-PPO
2.8800000000000017,51,2,2.5813,0.9187,120.0,0.1999999999999974,follower,RL-PPO
2.8800000000000017,52,2,2.7315,0.9204,120.0,0.1999999999999974,follower,DL-Transformer (coord)
2.8800000000000017,53,2,2.8866,0.921,120.0,0.1999999999999974,follower,IL-BC (behavior cloning)
2.8800000000000017,54,2,3.0369,0.92,120.0,0.1999999999999974,follower,DL-CNN (vision)
2.8800000000000017,55,2,3.1921,0.9208,120.0,0.1999999999999974,follower,RL-PPO
2.8800000000000017,56,2,3.3447,0.9201,120.0,0.1999999999999974,leader,DL-CNN (vision)
2.8800000000000017,57,2,3.4213,0.5266,120.0,0.1999999999999974,follower,DL-Transformer (coord)
2.8800000000000017,58,2,3.42,0.6404,120.0,0.1999999999999974,follower,Classical-MPC
2.8800000000000017,59,2,3.4208,0.7786,120.0,0.1999999999999974,follower,Classical-MPC
2.8800000000000017,60,2,3.4189,0.8922,120.0,0.1999999999999974,follower,RL-SAC
2.8800000000000017,61,2,2.6551,0.4989,120.0,0.1999999999999974,safety-sentry,RL-PPO
2.8800000000000017,62,2,2.8079,0.4986,120.0,0.1999999999999974,follower,Classical-MPC
2.8800000000000017,63,2,2.9626,0.4986,120.0,0.1999999999999974,leader,Classical-MPC
2.8800000000000017,64,2,3.1135,0.5002,120.0,0.1999999999999974,follower,DL-CNN (vision)
2.8800000000000017,65,2,3.2664,0.5005,120.0,0.1999999999999974,follower,IL-BC (behavior cloning)
2.8800000000000017,66,2,3.4187,0.4996,120.0,0.1999999999999974,follower,Classical-MPC
2.8800000000000017,67,2,2.5788,0.2004,120.0,0.1999999999999974,safety-sentry,DL-Transformer (coord)
2.8800000000000017,68,2,2.5811,0.321,120.0,0.1999999999999974,safety-sentry,Classical-MPC
2.8800000000000017,69,2,2.5787,0.44,120.0,0.1999999999999974,edge-relay,RL-PPO
2.8800000000000017,70,2,2.6195,0.0786,120.0,0.1999999999999974,follower,RL-SAC
2.8800000000000017,71,2,2.7709,0.0804,120.0,0.1999999999999974,edge-relay,RL-SAC
2.8800000000000017,72,2,2.923,0.0813,120.0,0.1999999999999974,follower,RL-PPO
2.8800000000000017,73,2,3.0778,0.0807,120.0,0.1999999999999974,follower,Classical-MPC
2.8800000000000017,74,2,3.2304,0.0802,120.0,0.1999999999999974,follower,RL-PPO
2.8800000000000017,75,2,3.4187,0.0796,120.0,0.1999999999999974,follower,DL-Transformer (coord)
2.8800000000000017,76,5,3.8315,0.9211,120.0,0.1999999999999974,follower,RL-PPO
2.8800000000000017,77,5,3.9841,0.9189,120.0,0.1999999999999974,follower,DL-CNN (vision)
2.8800000000000017,78,5,4.1362,0.9189,120.0,0.1999999999999974,follower,DL-CNN (vision)
2.8800000000000017,79,5,4.2891,0.9195,120.0,0.1999999999999974,follower,RL-SAC
2.8800000000000017,80,5,4.4395,0.9193,120.0,0.1999999999999974,follower,DL-Transformer (coord)
2.8800000000000017,81,5,4.5938,0.9207,120.0,0.1999999999999974,follower,DL-Transformer (coord)
2.8800000000000017,82,5,3.8292,0.5294,120.0,0.1999999999999974,follower,DL-CNN (vision)
2.8800000000000017,83,5,3.8301,0.6396,120.0,0.1999999999999974,follower,IL-BC (behavior cloning)
2.8800000000000017,84,5,3.8307,0.7799,120.0,0.1999999999999974,follower,RL-PPO
2.8800000000000017,85,5,3.8297,0.8923,120.0,0.1999999999999974,edge-relay,RL-SAC
2.8800000000000017,86,5,3.9061,0.5013,120.0,0.1999999999999974,follower,DL-CNN (vision)
2.8800000000000017,87,5,4.0602,0.4987,120.0,0.1999999999999974,follower,DL-CNN (vision)
2.8800000000000017,88,5,4.2125,0.4999,120.0,0.1999999999999974,follower,RL-SAC
2.8800000000000017,89,5,4.3643,0.5003,120.0,0.1999999999999974,edge-relay,Classical-MPC
2.8800000000000017,90,5,4.5163,0.5008,120.0,0.1999999999999974,follower,Classical-MPC
2.8800000000000017,91,5,4.6686,0.4999,120.0,0.1999999999999974,edge-relay,RL-PPO
2.8800000000000017,92,5,4.6714,0.1989,120.0,0.1999999999999974,safety-sentry,DL-CNN (vision)
2.8800000000000017,93,5,4.6708,0.3189,120.0,0.1999999999999974,leader,RL-SAC
2.8800000000000017,94,5,4.6709,0.4395,120.0,0.1999999999999974,edge-relay,DL-CNN (vision)
2.8800000000000017,95,5,3.8673,0.0814,120.0,0.1999999999999974,follower,RL-SAC
2.8800000000000017,96,5,4.021,0.0796,120.0,0.1999999999999974,follower,DL-Transformer (coord)
2.8800000000000017,97,5,4.1739,0.0797,120.0,0.1999999999999974,edge-relay,Classical-MPC
2.8800000000000017,98,5,4.327,0.0805,120.0,0.1999999999999974,follower,DL-CNN (vision)
2.8800000000000017,99,5,4.4793,0.079,120.0,0.1999999999999974,follower,DL-Transformer (coord)
2.8800000000000017,100,5,4.6686,0.0799,120.0,0.1999999999999974,follower,DL-Transformer (coord)
2.9200000000000017,1,2,0.0813,0.9187,120.0,0.1333333333333303,leader,RL-PPO
2.9200000000000017,2,2,0.2315,0.9204,120.0,0.1333333333333303,follower,DL-CNN (vision)
2.9200000000000017,3,2,0.3866,0.921,120.0,0.1333333333333303,follower,Classical-MPC
2.9200000000000017,4,2,0.5369,0.92,120.0,0.1333333333333303,follower,DL-CNN (vision)
2.9200000000000017,5,2,0.6921,0.9208,120.0,0.1333333333333303,safety-sentry,DL-Transformer (coord)
2.9200000000000017,6,2,0.8447,0.9201,120.0,0.1333333333333303,follower,IL-BC (behavior cloning)
2.9200000000000017,7,2,0.9213,0.5266,120.0,0.1333333333333303,follower,Classical-MPC
2.9200000000000017,8,2,0.92,0.6404,120.0,0.1333333333333303,leader,IL-BC (behavior cloning)
2.9200000000000017,9,2,0.9208,0.7786,120.0,0.1333333333333303,follower,RL-PPO
2.9200000000000017,10,2,0.9189,0.8922,120.0,0.1333333333333303,follower,DL-CNN (vision)
2.9200000000000017,11,2,0.1551,0.4989,120.0,0.1333333333333303,follower,DL-CNN (vision)
2.9200000000000017,12,2,0.3079,0.4986,120.0,0.1333333333333303,edge-relay,RL-PPO
2.9200000000000017,13,2,0.4626,0.4986,120.0,0.1333333333333303,follower,DL-Transformer (coord)
2.9200000000000017,14,2,0.6135,0.5002,120.0,0.1333333333333303,leader,DL-Transformer (coord)
2.9200000000000017,15,2,0.7664,0.5005,120.0,0.1333333333333303,follower,Classical-MPC
2.9200000000000017,16,2,0.9187,0.4996,120.0,0.1333333333333303,safety-sentry,Classical-MPC
2.9200000000000017,17,2,0.0788,0.2004,120.0,0.1333333333333303,follower,RL-PPO
2.9200000000000017,18,2,0.0811,0.321,120.0,0.1333333333333303,follower,RL-SAC
2.9200000000000017,19,2,0.0787,0.44,120.0,0.1333333333333303,safety-sentry,DL-Transformer (coord)
2.9200000000000017,20,2,0.1195,0.0786,120.0,0.1333333333333303,leader,RL-PPO
2.9200000000000017,21,2,0.2709,0.0804,120.0,0.1333333333333303,follower,RL-SAC
2.9200000000000017,22,2,0.423,0.0813,120.0,0.1333333333333303,safety-sentry,DL-Transformer (coord)
2.9200000000000017,23,2,0.5778,0.0807,120.0,0.1333333333333303,follower,RL-PPO
2.9200000000000017,24,2,0.7304,0.0802,120.0,0.1333333333333303,follower,IL-BC (behavior cloning)
2.9200000000000017,25,2,0.9187,0.0796,120.0,0.1333333333333303,safety-sentry,Classical-MPC
2.9200000000000017,26,0,1.3309,0.9202,120.0,0.1333333333333303,follower,RL-PPO
2.9200000000000017,27,0,1.4976,0.9209,120.0,0.1333333333333303,follower,DL-Transformer (coord)
2.9200000000000017,28,0,1.6666,0.919,120.0,0.1333333333333303,follower,IL-BC (behavior cloning)
2.9200000000000017,29,0,1.8331,0.9208,120.0,0.1333333333333303,follower,Classical-MPC
2.9200000000000017,30,0,2.0029,0.9191,120.0,0.1333333333333303,follower,RL-SAC
2.9200000000000017,31,0,2.1691000000000003,0.9204,120.0,0.1333333333333303,follower,RL-PPO
2.9200000000000017,32,0,2.1709,0.5888,120.0,0.1333333333333303,follower,Classical-MPC
2.9200000000000017,33,0,2.1711,0.7114,120.0,0.1333333333333303,follower,Classical-MPC
2.9200000000000017,34,0,2.1691000000000003,0.8608,120.0,0.1333333333333303,follower,RL-SAC
2.9200000000000017,35,0,2.1692,0.1118,120.0,0.1333333333333303,follower,DL-CNN (vision)
2.9200000000000017,36,0,2.1708,0.2419,120.0,0.1333333333333303,edge-relay,IL-BC (behavior cloning)
2.9200000000000017,37,0,2.1711,0.3698,120.0,0.1333333333333303,follower,Classical-MPC
2.9200000000000017,38,0,2.1687,0.4997,120.0,0.1333333333333303,follower,RL-PPO
2.9200000000000017,39,0,1.4569,0.0788,120.0,0.1333333333333303,follower,DL-Transformer (coord)
2.9200000000000017,40,0,1.6251,0.0814,120.0,0.1333333333333303,follower,Classical-MPC
2.9200000000000017,41,0,1.7917,0.0788,120.0,0.1333333333333303,follower,DL-Transformer (coord)
2.9200000000000017,42,0,2.0029,0.0791,120.0,0.1333333333333303,follower,RL-PPO
2.9200000000000017,43,0,2.1691000000000003,0.0804,120.0,0.1333333333333303,follower,RL-PPO
2.9200000000000017,44,0,1.3309,0.1757,120.0,0.1333333333333303,follower,RL-SAC
2.9200000000000017,45,0,1.3311,0.3076,120.0,0.1333333333333303,follower,Classical-MPC
2.9200000000000017,46,0,1.3296999999999999,0.4342,120.0,0.1333333333333303,follower,RL-PPO
2.9200000000000017,47,0,1.3292,0.5295,120.0,0.1333333333333303,follower,RL-PPO
2.9200000000000017,48,0,1.3308,0.6503,120.0,0.1333333333333303,safety-sentry,DL-CNN (vision)
2.9200000000000017,49,0,1.3311,0.769,120.0,0.1333333333333303,follower,RL-PPO
2.9200000000000017,50,0,1.3285,0.9199,120.0,0.1333333333333303,follower,RL-PPO
2.9200000000000017,51,2,2.5813,0.9187,120.0,0.1333333333333303,follower,RL-PPO
2.9200000000000017,52,2,2.7315,0.9204,120.0,0.1333333333333303,follower,DL-Transformer (coord)
2.9200000000000017,53,2,2.8866,0.921,120.0,0.1333333333333303,follower,IL-BC (behavior cloning)
2.9200000000000017,54,2,3.0369,0.92,120.0,0.1333333333333303,follower,DL-CNN (vision)
2.9200000000000017,55,2,3.1921,0.9208,120.0,0.1333333333333303,follower,RL-PPO
2.9200000000000017,56,2,3.3447,0.9201,120.0,0.1333333333333303,leader,DL-CNN (vision)
2.9200000000000017,57,2,3.4213,0.5266,120.0,0.1333333333333303,follower,DL-Transformer (coord)
2.9200000000000017,58,2,3.42,0.6404,120.0,0.1333333333333303,follower,Classical-MPC
2.9200000000000017,59,2,3.4208,0.7786,120.0,0.1333333333333303,follower,Classical-MPC
2.9200000000000017,60,2,3.4189,0.8922,120.0,0.1333333333333303,follower,RL-SAC
2.9200000000000017,61,2,2.6551,0.4989,120.0,0.1333333333333303,safety-sentry,RL-PPO
2.9200000000000017,62,2,2.8079,0.4986,120.0,0.1333333333333303,follower,Classical-MPC
2.9200000000000017,63,2,2.9626,0.4986,120.0,0.1333333333333303,leader,Classical-MPC
2.9200000000000017,64,2,3.1135,0.5002,120.0,0.1333333333333303,follower,DL-CNN (vision)
2.9200000000000017,65,2,3.2664,0.5005,120.0,0.1333333333333303,follower,IL-BC (behavior cloning)
2.9200000000000017,66,2,3.4187,0.4996,120.0,0.1333333333333303,follower,Classical-MPC
2.9200000000000017,67,2,2.5788,0.2004,120.0,0.1333333333333303,safety-sentry,DL-Transformer (coord)
2.9200000000000017,68,2,2.5811,0.321,120.0,0.1333333333333303,safety-sentry,Classical-MPC
2.9200000000000017,69,2,2.5787,0.44,120.0,0.1333333333333303,edge-relay,RL-PPO
2.9200000000000017,70,2,2.6195,0.0786,120.0,0.1333333333333303,follower,RL-SAC
2.9200000000000017,71,2,2.7709,0.0804,120.0,0.1333333333333303,edge-relay,RL-SAC
2.9200000000000017,72,2,2.923,0.0813,120.0,0.1333333333333303,follower,RL-PPO
2.9200000000000017,73,2,3.0778,0.0807,120.0,0.1333333333333303,follower,Classical-MPC
2.9200000000000017,74,2,3.2304,0.0802,120.0,0.1333333333333303,follower,RL-PPO
2.9200000000000017,75,2,3.4187,0.0796,120.0,0.1333333333333303,follower,DL-Transformer (coord)
2.9200000000000017,76,5,3.8315,0.9211,120.0,0.1333333333333303,follower,RL-PPO
2.9200000000000017,77,5,3.9841,0.9189,120.0,0.1333333333333303,follower,DL-CNN (vision)
2.9200000000000017,78,5,4.1362,0.9189,120.0,0.1333333333333303,follower,DL-CNN (vision)
2.9200000000000017,79,5,4.2891,0.9195,120.0,0.1333333333333303,follower,RL-SAC
2.9200000000000017,80,5,4.4395,0.9193,120.0,0.1333333333333303,follower,DL-Transformer (coord)
2.9200000000000017,81,5,4.5938,0.9207,120.0,0.1333333333333303,follower,DL-Transformer (coord)
2.9200000000000017,82,5,3.8292,0.5294,120.0,0.1333333333333303,follower,DL-CNN (vision)
2.9200000000000017,83,5,3.8301,0.6396,120.0,0.1333333333333303,follower,IL-BC (behavior cloning)
2.9200000000000017,84,5,3.8307,0.7799,120.0,0.1333333333333303,follower,RL-PPO
2.9200000000000017,85,5,3.8297,0.8923,120.0,0.1333333333333303,edge-relay,RL-SAC
2.9200000000000017,86,5,3.9061,0.5013,120.0,0.1333333333333303,follower,DL-CNN (vision)
2.9200000000000017,87,5,4.0602,0.4987,120.0,0.1333333333333303,follower,DL-CNN (vision)
2.9200000000000017,88,5,4.2125,0.4999,120.0,0.1333333333333303,follower,RL-SAC
2.9200000000000017,89,5,4.3643,0.5003,120.0,0.1333333333333303,edge-relay,Classical-MPC
2.9200000000000017,90,5,4.5163,0.5008,120.0,0.1333333333333303,follower,Classical-MPC
2.9200000000000017,91,5,4.6686,0.4999,120.0,0.1333333333333303,edge-relay,RL-PPO
2.9200000000000017,92,5,4.6714,0.1989,120.0,0.1333333333333303,safety-sentry,DL-CNN (vision)
2.9200000000000017,93,5,4.6708,0.3189,120.0,0.1333333333333303,leader,RL-SAC
2.9200000000000017,94,5,4.6709,0.4395,120.0,0.1333333333333303,edge-relay,DL-CNN (vision)
2.9200000000000017,95,5,3.8673,0.0814,120.0,0.1333333333333303,follower,RL-SAC
2.9200000000000017,96,5,4.021,0.0796,120.0,0.1333333333333303,follower,DL-Transformer (coord)
2.9200000000000017,97,5,4.1739,0.0797,120.0,0.1333333333333303,edge-relay,Classical-MPC
2.9200000000000017,98,5,4.327,0.0805,120.0,0.1333333333333303,follower,DL-CNN (vision)
2.9200000000000017,99,5,4.4793,0.079,120.0,0.1333333333333303,follower,DL-Transformer (coord)
2.9200000000000017,100,5,4.6686,0.0799,120.0,0.1333333333333303,follower,DL-Transformer (coord)
2.9600000000000017,1,2,0.0813,0.9187,120.0,0.06666666666666377,leader,RL-PPO
2.9600000000000017,2,2,0.2315,0.9204,120.0,0.06666666666666377,follower,DL-CNN (vision)
2.9600000000000017,3,2,0.3866,0.921,120.0,0.06666666666666377,follower,Classical-MPC
2.9600000000000017,4,2,0.5369,0.92,120.0,0.06666666666666377,follower,DL-CNN (vision)
2.9600000000000017,5,2,0.6921,0.9208,120.0,0.06666666666666377,safety-sentry,DL-Transformer (coord)
2.9600000000000017,6,2,0.8447,0.9201,120.0,0.06666666666666377,follower,IL-BC (behavior cloning)
2.9600000000000017,7,2,0.9213,0.5266,120.0,0.06666666666666377,follower,Classical-MPC
2.9600000000000017,8,2,0.92,0.6404,120.0,0.06666666666666377,leader,IL-BC (behavior cloning)
2.9600000000000017,9,2,0.9208,0.7786,120.0,0.06666666666666377,follower,RL-PPO
2.9600000000000017,10,2,0.9189,0.8922,120.0,0.06666666666666377,follower,DL-CNN (vision)
2.9600000000000017,11,2,0.1551,0.4989,120.0,0.06666666666666377,follower,DL-CNN (vision)
2.9600000000000017,12,2,0.3079,0.4986,120.0,0.06666666666666377,edge-relay,RL-PPO
2.9600000000000017,13,2,0.4626,0.4986,120.0,0.06666666666666377,follower,DL-Transformer (coord)
2.9600000000000017,14,2,0.6135,0.5002,120.0,0.06666666666666377,leader,DL-Transformer (coord)
2.9600000000000017,15,2,0.7664,0.5005,120.0,0.06666666666666377,follower,Classical-MPC
2.9600000000000017,16,2,0.9187,0.4996,120.0,0.06666666666666377,safety-sentry,Classical-MPC
2.9600000000000017,17,2,0.0788,0.2004,120.0,0.06666666666666377,follower,RL-PPO
2.9600000000000017,18,2,0.0811,0.321,120.0,0.06666666666666377,follower,RL-SAC
2.9600000000000017,19,2,0.0787,0.44,120.0,0.06666666666666377,safety-sentry,DL-Transformer (coord)
2.9600000000000017,20,2,0.1195,0.0786,120.0,0.06666666666666377,leader,RL-PPO
2.9600000000000017,21,2,0.2709,0.0804,120.0,0.06666666666666377,follower,RL-SAC
2.9600000000000017,22,2,0.423,0.0813,120.0,0.06666666666666377,safety-sentry,DL-Transformer (coord)
2.9600000000000017,23,2,0.5778,0.0807,120.0,0.06666666666666377,follower,RL-PPO
2.9600000000000017,24,2,0.7304,0.0802,120.0,0.06666666666666377,follower,IL-BC (behavior cloning)
2.9600000000000017,25,2,0.9187,0.0796,120.0,0.06666666666666377,safety-sentry,Classical-MPC
2.9600000000000017,26,0,1.3309,0.9202,120.0,0.06666666666666377,follower,RL-PPO
2.9600000000000017,27,0,1.4976,0.9209,120.0,0.06666666666666377,follower,DL-Transformer (coord)
2.9600000000000017,28,0,1.6666,0.919,120.0,0.06666666666666377,follower,IL-BC (behavior cloning)
2.9600000000000017,29,0,1.8331,0.9208,120.0,0.06666666666666377,follower,Classical-MPC
2.9600000000000017,30,0,2.0029,0.9191,120.0,0.06666666666666377,follower,RL-SAC
2.9600000000000017,31,0,2.1691000000000003,0.9204,120.0,0.06666666666666377,follower,RL-PPO
2.9600000000000017,32,0,2.1709,0.5888,120.0,0.06666666666666377,follower,Classical-MPC
2.9600000000000017,33,0,2.1711,0.7114,120.0,0.06666666666666377,follower,Classical-MPC
2.9600000000000017,34,0,2.1691000000000003,0.8608,120.0,0.06666666666666377,follower,RL-SAC
2.9600000000000017,35,0,2.1692,0.1118,120.0,0.06666666666666377,follower,DL-CNN (vision)
2.9600000000000017,36,0,2.1708,0.2419,120.0,0.06666666666666377,edge-relay,IL-BC (behavior cloning)
2.9600000000000017,37,0,2.1711,0.3698,120.0,0.06666666666666377,follower,Classical-MPC
2.9600000000000017,38,0,2.1687,0.4997,120.0,0.06666666666666377,follower,RL-PPO
2.9600000000000017,39,0,1.4569,0.0788,120.0,0.06666666666666377,follower,DL-Transformer (coord)
2.9600000000000017,40,0,1.6251,0.0814,120.0,0.06666666666666377,follower,Classical-MPC
2.9600000000000017,41,0,1.7917,0.0788,120.0,0.06666666666666377,follower,DL-Transformer (coord)
2.9600000000000017,42,0,2.0029,0.0791,120.0,0.06666666666666377,follower,RL-PPO
2.9600000000000017,43,0,2.1691000000000003,0.0804,120.0,0.06666666666666377,follower,RL-PPO
2.9600000000000017,44,0,1.3309,0.1757,120.0,0.06666666666666377,follower,RL-SAC
2.9600000000000017,45,0,1.3311,0.3076,120.0,0.06666666666666377,follower,Classical-MPC
2.9600000000000017,46,0,1.3296999999999999,0.4342,120.0,0.06666666666666377,follower,RL-PPO
2.9600000000000017,47,0,1.3292,0.5295,120.0,0.06666666666666377,follower,RL-PPO
2.9600000000000017,48,0,1.3308,0.6503,120.0,0.06666666666666377,safety-sentry,DL-CNN (vision)
2.9600000000000017,49,0,1.3311,0.769,120.0,0.06666666666666377,follower,RL-PPO
2.9600000000000017,50,0,1.3285,0.9199,120.0,0.06666666666666377,follower,RL-PPO
2.9600000000000017,51,2,2.5813,0.9187,120.0,0.06666666666666377,follower,RL-PPO
2.9600000000000017,52,2,2.7315,0.9204,120.0,0.06666666666666377,follower,DL-Transformer (coord)
2.9600000000000017,53,2,2.8866,0.921,120.0,0.06666666666666377,follower,IL-BC (behavior cloning)
2.9600000000000017,54,2,3.0369,0.92,120.0,0.06666666666666377,follower,DL-CNN (vision)
2.9600000000000017,55,2,3.1921,0.9208,120.0,0.06666666666666377,follower,RL-PPO
2.9600000000000017,56,2,3.3447,0.9201,120.0,0.06666666666666377,leader,DL-CNN (vision)
2.9600000000000017,57,2,3.4213,0.5266,120.0,0.06666666666666377,follower,DL-Transformer (coord)
2.9600000000000017,58,2,3.42,0.6404,120.0,0.06666666666666377,follower,Classical-MPC
2.9600000000000017,59,2,3.4208,0.7786,120.0,0.06666666666666377,follower,Classical-MPC
2.9600000000000017,60,2,3.4189,0.8922,120.0,0.06666666666666377,follower,RL-SAC
2.9600000000000017,61,2,2.6551,0.4989,120.0,0.06666666666666377,safety-sentry,RL-PPO
2.9600000000000017,62,2,2.8079,0.4986,120.0,0.06666666666666377,follower,Classical-MPC
2.9600000000000017,63,2,2.9626,0.4986,120.0,0.06666666666666377,leader,Classical-MPC
2.9600000000000017,64,2,3.1135,0.5002,120.0,0.06666666666666377,follower,DL-CNN (vision)
2.9600000000000017,65,2,3.2664,0.5005,120.0,0.06666666666666377,follower,IL-BC (behavior cloning)
2.9600000000000017,66,2,3.4187,0.4996,120.0,0.06666666666666377,follower,Classical-MPC
2.9600000000000017,67,2,2.5788,0.2004,120.0,0.06666666666666377,safety-sentry,DL-Transformer (coord)
2.9600000000000017,68,2,2.5811,0.321,120.0,0.06666666666666377,safety-sentry,Classical-MPC
2.9600000000000017,69,2,2.5787,0.44,120.0,0.06666666666666377,edge-relay,RL-PPO
2.9600000000000017,70,2,2.6195,0.0786,120.0,0.06666666666666377,follower,RL-SAC
2.9600000000000017,71,2,2.7709,0.0804,120.0,0.06666666666666377,edge-relay,RL-SAC
2.9600000000000017,72,2,2.923,0.0813,120.0,0.06666666666666377,follower,RL-PPO
2.9600000000000017,73,2,3.0778,0.0807,120.0,0.06666666666666377,follower,Classical-MPC
2.9600000000000017,74,2,3.2304,0.0802,120.0,0.06666666666666377,follower,RL-PPO
2.9600000000000017,75,2,3.4187,0.0796,120.0,0.06666666666666377,follower,DL-Transformer (coord)
2.9600000000000017,76,5,3.8315,0.9211,120.0,0.06666666666666377,follower,RL-PPO
2.9600000000000017,77,5,3.9841,0.9189,120.0,0.06666666666666377,follower,DL-CNN (vision)
2.9600000000000017,78,5,4.1362,0.9189,120.0,0.06666666666666377,follower,DL-CNN (vision)
2.9600000000000017,79,5,4.2891,0.9195,120.0,0.06666666666666377,follower,RL-SAC
2.9600000000000017,80,5,4.4395,0.9193,120.0,0.06666666666666377,follower,DL-Transformer (coord)
2.9600000000000017,81,5,4.5938,0.9207,120.0,0.06666666666666377,follower,DL-Transformer (coord)
2.9600000000000017,82,5,3.8292,0.5294,120.0,0.06666666666666377,follower,DL-CNN (vision)
2.9600000000000017,83,5,3.8301,0.6396,120.0,0.06666666666666377,follower,IL-BC (behavior cloning)
2.9600000000000017,84,5,3.8307,0.7799,120.0,0.06666666666666377,follower,RL-PPO
2.9600000000000017,85,5,3.8297,0.8923,120.0,0.06666666666666377,edge-relay,RL-SAC
2.9600000000000017,86,5,3.9061,0.5013,120.0,0.06666666666666377,follower,DL-CNN (vision)
2.9600000000000017,87,5,4.0602,0.4987,120.0,0.06666666666666377,follower,DL-CNN (vision)
2.9600000000000017,88,5,4.2125,0.4999,120.0,0.06666666666666377,follower,RL-SAC
2.9600000000000017,89,5,4.3643,0.5003,120.0,0.06666666666666377,edge-relay,Classical-MPC
2.9600000000000017,90,5,4.5163,0.5008,120.0,0.06666666666666377,follower,Classical-MPC
2.9600000000000017,91,5,4.6686,0.4999,120.0,0.06666666666666377,edge-relay,RL-PPO
2.9600000000000017,92,5,4.6714,0.1989,120.0,0.06666666666666377,safety-sentry,DL-CNN (vision)
2.9600000000000017,93,5,4.6708,0.3189,120.0,0.06666666666666377,leader,RL-SAC
2.9600000000000017,94,5,4.6709,0.4395,120.0,0.06666666666666377,edge-relay,DL-CNN (vision)
2.9600000000000017,95,5,3.8673,0.0814,120.0,0.06666666666666377,follower,RL-SAC
2.9600000000000017,96,5,4.021,0.0796,120.0,0.06666666666666377,follower,DL-Transformer (coord)
2.9600000000000017,97,5,4.1739,0.0797,120.0,0.06666666666666377,edge-relay,Classical-MPC
2.9600000000000017,98,5,4.327,0.0805,120.0,0.06666666666666377,follower,DL-CNN (vision)
2.9600000000000017,99,5,4.4793,0.079,120.0,0.06666666666666377,follower,DL-Transformer (coord)
2.9600000000000017,100,5,4.6686,0.0799,120.0,0.06666666666666377,follower,DL-Transformer (coord)
